"question_id","prompt_id","model_id","question","correct_answer","distractor1","distractor2","distractor3","support","bleu_1","bleu_2","bleu_3","bleu_4","f1","ppl_scores","divs","grammer","copy_ratio_support","copy_ratio_reference","copy_ratio_examples"
0,"FewShot_WithAnswer","NEB_Qwen3235BInstruct","Which term describes compounds that are capable of accepting electrons and thereby oxidizing other compounds, while themselves being reduced in the process?","oxidants","reductants","catalysts","inhibitors","Oxidants and Reductants Compounds that are capable of accepting electrons, such as O 2 or F2, are calledoxidants (or oxidizing agents) because they can oxidize other compounds. In the process of accepting electrons, an oxidant is reduced. Compounds that are capable of donating electrons, such as sodium metal or cyclohexane (C6H12), are calledreductants (or reducing agents) because they can cause the reduction of another compound. In the process of donating electrons, a reductant is oxidized. These relationships are summarized in Equation 3.30: Equation 3.30 Saylor URL: http://www. saylor. org/books.",0.3333333333333333,0.2886751345948128,0.2626356283133345,0.239565656127602,0.3783783783783783,6.810989279848444,0.9090909090909092,0.0,0.3333333333333333,0.3333333333333333,0.0
1,"FewShot_WithAnswer","NEB_Qwen3235BInstruct","Which term refers to a genetically exact copy of an organism that can be developed using biotechnological techniques involving the transfer of a somatic cell nucleus into an enucleated egg cell?","clone","transgenic","zygote","genome","But transgenic animals just have one novel gene. What about an animal with a whole new genome? Could a clone , a genetically exact copy of an organism, be developed using techniques associated with biotechnology? It could be argued that human cloning is one of the inevitable outcomes of modern biotechnology. It ""simply"" involves the removal of the nucleus from a somatic cell and its placement into an unfertilized egg cell whose nucleus has either been deactivated or removed. This new cell would mimic the zygote, the first diploid cell of a new organism. This new zygote is allowed to become established, and a few days later is placed into the uterus of a surrogate mother. Theoretically this would result in an individual genetically identical to the donor. Obviously, there are many ethical and legal issues associated with human cloning, and of course, it is not a ""simple"" procedure. But animal cloning is arguably a different story.",0.28125,0.2480391854123053,0.2283547500025379,0.2110667022778636,0.3333333333333333,5.829518034952234,0.935483870967742,0.0,0.1923076923076923,0.1923076923076923,0.0
2,"FewShot_WithAnswer","NEB_Qwen3235BInstruct","What defining anatomical feature is present in all members of the Vertebrata group, as illustrated by the structure running through the middle of the fish in Figure 29.7?","backbone","tail fin","gills","scales","Figure 29.7 Vertebrata are characterized by the presence of a backbone, such as the one that runs through the middle of this fish. All vertebrates are in the Craniata clade and have a cranium. (credit: Ernest V. More; taken at Smithsonian Museum of Natural History, Washington, D.",0.1666666666666666,0.1054092553389459,0.0726306332825043,0.0608205531062811,0.2580645161290322,11.296224075920389,0.9285714285714286,0.0,0.125,0.0416666666666666,0.0833333333333333
3,"FewShot_WithAnswer","NEB_Qwen3235BInstruct","What term refers to the height above or below the average sea level, used to describe the third dimension of a location on Earth's surface?","elevation","altitude","longitude","depth","As you know, the surface of Earth is not flat. Some places are high, and some places are low. For example, mountain ranges like the Sierra Nevada in California or the Andes in South America are high above the surrounding areas. An accurate location must take into account the third dimension. Elevation is the height above or below sea level. Sea level refers to the height of the ocean’s surface. This is the midpoint between high and low tide. Sea level can vary from place to place, but scientists base their elevation measurements on the average, or mean, sea level to make sure they have a standard reference point.",0.3214285714285714,0.2624453295839119,0.216899212276833,0.1852381597170945,0.4666666666666666,4.34053162872626,0.92,0.0,0.1904761904761904,0.1904761904761904,0.0952380952380952
4,"FewShot_WithAnswer","NEB_Qwen3235BInstruct","Which of the following provides annual records of environmental conditions through visible layers formed each growing season?","tree rings","ice cores","varves","sedimentary rocks","Tree rings, ice cores, and varves indicate the environmental conditions at the time they were made.",0.2777777777777778,0.1756820922315766,0.1219931249200037,0.1032099390164001,0.1999999999999999,111.77760745302795,0.8823529411764706,0.0,0.125,0.125,0.0
5,"FewShot_WithAnswer","NEB_Qwen3235BInstruct","What are the chemical signals that control different processes in plants?","plant hormones","plant enzymes","plant nutrients","plant pigments","Plant hormones are chemical signals that control different processes in plants.",0.75,0.5590169943749475,0.3844404799143146,0.2745502433880562,0.888888888888889,7.24521978434463,0.8181818181818182,0.0,0.9,0.3,0.1
6,"FewShot_WithAnswer","NEB_Qwen3235BInstruct","What are the two types of gametes produced through gametogenesis?","sperm and eggs","spermatogonia and oocytes","zygotes and embryos","chromosomes and chromatids","Gametogenesis (Spermatogenesis and Oogenesis) Gametogenesis, the production of sperm and eggs, involves the process of meiosis. During meiosis, two nuclear divisions separate the paired chromosomes in the nucleus and then separate the chromatids that were made during an earlier stage of the cell’s life cycle. Meiosis and its associated cell divisions produces haploid cells with half of each pair of chromosomes normally found in diploid cells. The production of sperm is called spermatogenesis and the production of eggs is called oogenesis.",0.2308132432510116,0.1154066216255058,0.0945550998659373,0.0878721889767947,0.2857142857142857,2.3589387020202297,0.8,0.0,0.1111111111111111,0.1111111111111111,0.2222222222222222
7,"FewShot_WithAnswer","NEB_Qwen3235BInstruct","Which type of trees are the dominant plant in the temperate forest, as shown in Figure 44.18?","deciduous","coniferous","epiphytic","succulent","Figure 44.18 Deciduous trees are the dominant plant in the temperate forest. (credit: Oliver Herold).",0.3684210526315789,0.24118819447136,0.1862758388405205,0.139638496957317,0.5,12.64913200158724,0.8823529411764706,0.0,0.4666666666666667,0.2,0.2
8,"FewShot_WithAnswer","NEB_Qwen3235BInstruct","Due to their long, flexible molecular structure and increased London dispersion forces, long-chain hydrocarbons such as motor oils are best described as being what?","highly viscous","easily evaporated","thermally unstable","low in density","There is also a correlation between viscosity and molecular shape. Liquids consisting of long, flexible molecules tend to have higher viscosities than those composed of more spherical or shorter-chain molecules. The longer the molecules, the easier it is for them to become “tangled” with one another, making it more difficult for them to move past one another. London dispersion forces also increase with chain length. Due to a combination of these two effects, long-chain hydrocarbons (such as motor oils) are highly viscous.",0.111111111111111,0.0907218423253028,0.0681527615329468,0.059652354671805,0.1818181818181818,6.229842599441443,0.9166666666666666,0.0,0.2916666666666667,0.0833333333333333,0.0416666666666666
9,"FewShot_WithAnswer","NEB_Qwen3235BInstruct","In ionic compounds, the strong electrostatic attractions occur between oppositely charged ions arranged in a specific structural pattern. What is this pattern called?","regular array","random network","amorphous cluster","linear chain","Ionic compounds have strong electrostatic attractions between oppositely charged ions in a regular array. The lattice energy (U) of an ionic substance is defined as the energy required to dissociate the solid into gaseous ions; U can be calculated from the charges on the ions, the arrangement of the ions in the solid, and the internuclear distance. Because U depends on the product of the ionic charges, substances with di- or tripositive cations and/or di- or trinegative anions tend to have higher lattice energies than their singly charged counterparts. Higher lattice energies typically result in higher melting points and increased hardness because more thermal energy is needed to overcome the forces that hold the ions together. Lattice energies cannot be measured directly but are obtained from a thermochemical cycle called the Born–Haber cycle, in which Hess’s law is used to calculate the lattice energy from the measured enthalpy of formation of the ionic compound, along with other thermochemical data. The Born–Haber cycle can be used to predict which ionic compounds are likely to form. Sublimation, the conversion of a solid directly to a gas, has an accompanying enthalpy change called the enthalpy of sublimation.",0.4230769230769231,0.3124630155629216,0.2499802745777941,0.1899476802422472,0.6666666666666667,5.003788864307413,0.9130434782608696,0.0,0.1904761904761904,0.1904761904761904,0.0476190476190476
10,"FewShot_WithAnswer","NEB_Qwen3235BInstruct","How tall are the long mountain ranges that form mid-ocean ridges?","about 2 km","about 5 km","about 100 meters","about 10 km","Besides seamounts, there are long, very tall (about 2 km) mountain ranges. These ranges are connected so that they form huge ridge systems called mid-ocean ridges ( Figure below ). The mid-ocean ridges form from volcanic eruptions. Lava from inside Earth breaks through the crust and creates the mountains.",0.3333333333333333,0.2357022603955158,0.1715714164000298,0.1499110694671168,0.4705882352941176,2.976302598203032,0.8181818181818182,0.0,0.2,0.2,0.1
11,"FewShot_WithAnswer","NEB_Qwen3235BInstruct","Of all invertebrates, which group is by far the most numerous?","insects","mollusks","crustaceans","annelids","This Monarch caterpillar is an invertebrate. It is also an insect and an arthropod. Of all the animal species, it is estimated that well over 90% are invertebrates. Of all invertebrates, the insects are by far the most numerous. There are so many species of insects that scientists have yet to discover them all, let alone name or count them. Estimates of the total number of insect species fall in the range of 1 to 30 million. So, it helps if there are methods to classify not just the insects, but all invertebrates.",0.3846153846153846,0.3440104580768907,0.3092865968145429,0.2708196375741885,0.4210526315789474,6.384513417321613,0.8181818181818182,0.0,0.4,0.3,0.2
12,"FewShot_WithAnswer","NEB_Qwen3235BInstruct","What material do waves deposit to form landforms such as sandbars and barrier islands?","sediments","minerals","volcanic ash","ice crystals","Waves may also deposit sediments to form sandbars and barrier islands. You can see examples of these landforms in Figure below.",0.7333333333333333,0.6633249580710799,0.6036810736797685,0.539339630419803,0.8333333333333333,3.8367255218676033,0.8571428571428571,0.0,0.2857142857142857,0.3571428571428571,0.0
13,"FewShot_WithAnswer","NEB_Qwen3235BInstruct","The penis, testes, and epididymis are organs that belong to which male anatomical system?","male reproductive system","nervous system","digestive system","respiratory system","Male reproductive organs include the penis, testes, and epididymis.",0.5294117647058824,0.4991341984846217,0.4537555748220415,0.4200840252084029,0.6363636363636364,9.530962301859224,0.8571428571428571,0.0,0.3076923076923077,0.4615384615384615,0.3076923076923077
14,"FewShot_WithAnswer","NEB_Qwen3235BInstruct","What is the process by which almost all plants make food?","photosynthesis","reactions","digestion","melting","Almost all plants make food by photosynthesis. Only about 1 percent of the estimated 300,000 species of plants have lost the ability to photosynthesize. These other species are consumers, many of them predators. How do plants prey on other organisms? The Venus fly trap in Figure below shows one way this occurs.",0.0666416090574745,0.0471227336737231,0.0432170379740822,0.0423853164074517,0.1333333333333333,2.679545369626312,0.8181818181818182,0.0,0.5,0.1,1.0
15,"FewShot_WithAnswer","NEB_Qwen3235BInstruct","What is the process called when a neon light produces visible light as electricity passes through neon gas, exciting its electrons and causing them to emit light?","electroluminescence","fluorescence","phosphorescence","incandescence","A neon light produces visible light by electroluminescence. The bulb is a glass tube that contains the noble gas neon. When electricity passes through the gas, it excites electrons of neon atoms, causing them to give off visible light. Neon produces red light. Other noble gases are also used in lights, and they produce light of different colors. For example, krypton produces violet light, and argon produces blue light.",0.2068965517241379,0.1888698474155745,0.1365837632142475,0.0985617406553751,0.25,8.765767613331812,0.925925925925926,0.0,0.2,0.08,0.08
16,"FewShot_WithAnswer","NEB_Qwen3235BInstruct","In a bird ancestor that lived in trees, what adaptation evolved to help the animal glide from branch to branch?","wings","claws","tail feathers","beaks","Wings evolved in a bird ancestor that lived in trees. Thus, wings are modified arms that helped the animal glide from branch to branch.",0.3636363636363636,0.3149183286488868,0.2868900779154774,0.2621465492323043,0.4516129032258064,5.576571529362444,0.9,0.0,0.3888888888888889,0.3333333333333333,0.0555555555555555
17,"FewShot_WithAnswer","NEB_Qwen3235BInstruct","What essential molecule do most living things use in aerobic respiration to produce ATP from glucose, but can be replaced in anaerobic respiration?","oxygen","nitrogen","carbon dioxide","hydrogen","Today, most living things use oxygen to make ATP from glucose. However, many living things can also make ATP without oxygen. This is true of some plants and fungi and also of many bacteria. These organisms use aerobic respiration when oxygen is present, but when oxygen is in short supply, they use anaerobic respiration instead. Certain bacteria can only use anaerobic respiration. In fact, they may not be able to survive at all in the presence of oxygen.",0.4,0.3098386676965933,0.2519842099789746,0.2137363311597091,0.5882352941176471,6.401546533594049,0.9130434782608696,0.0,0.1739130434782608,0.217391304347826,0.0434782608695652
18,"FewShot_WithAnswer","NEB_Qwen3235BInstruct","Which two minerals are described as the most common silicates in the provided text?","feldspar and quartz","beryl and biotite","quartz and biotite","feldspar and beryl","Feldspar and quartz are the two most common silicates. In beryl, the silicate pyramids join together as rings. Biotite is mica. It can be broken apart into thin, flexible sheets. Compare the beryl and the biotite shown in Figure below.",0.4666666666666667,0.3055050463303893,0.2371262202993375,0.1789570640154152,0.5555555555555556,5.812220466404366,0.8571428571428571,0.0,0.3333333333333333,0.25,0.25
19,"FewShot_WithAnswer","NEB_Qwen3235BInstruct","What atmospheric condition is responsible for increasing the likelihood of clouds and precipitation due to elevated water vapor levels?","humidity","temperature","pressure","visibility","Humidity is the amount of water vapor in the air. High humidity increases the chances of clouds and precipitation.",0.3,0.1732050807568877,0.1164454574311215,0.0967773636539916,0.2962962962962963,4.5214508710955,0.8947368421052632,0.0,0.2222222222222222,0.1111111111111111,0.1111111111111111
20,"FewShot_WithAnswer","NEB_Qwen3235BInstruct","How do paracrine signals move through the extracellular matrix to reach nearby target cells?","diffusion","active transport","endocytosis","osmosis","Paracrine Signaling Signals that act locally between cells that are close together are called paracrine signals. Paracrine signals move by diffusion through the extracellular matrix. These types of signals usually elicit quick responses that last only a short amount of time. In order to keep the response localized, paracrine ligand molecules are normally quickly degraded by enzymes or removed by neighboring cells. Removing the signals will reestablish the concentration gradient for the signal, allowing them to quickly diffuse through the intracellular space if released again.",0.4666666666666667,0.3944053188733077,0.3218297948685432,0.2676032275663791,0.5454545454545455,4.273879827564986,0.8571428571428571,0.0,0.2307692307692307,0.2307692307692307,0.0769230769230769
21,"FewShot_WithAnswer","NEB_Qwen3235BInstruct","Which type of cells have a cell wall, a large central vacuole, and plastids, but lack centrioles?","plant","animal","fungal","bacterial","All but one of the structures described above are found in plant cells as well as animal cells. The only exception is centrioles, which are not found in plant cells. Plant cells have three additional structures that are not found in animals cells. These include a cell wall, large central vacuole, and organelles called plastids. You can see these structures in the model of a plant cell in Figure below . You can also see them in the interactive plant cell at this link:.",0.6190476190476191,0.5150787536377127,0.4301528872867968,0.3597855603321273,0.5806451612903225,1.967387680206564,0.8823529411764706,0.0,0.4,0.4,0.4666666666666667
22,"FewShot_WithAnswer","NEB_Qwen3235BInstruct","What visible skin reaction occurs in humans when tiny muscles in the skin contract involuntarily due to cold, as is common among mammals raising their hair?","goosebumps","shivering","perspiration","blushing","Mammals raise their hair with tiny muscles in the skin. Even humans automatically contract these muscles when they are cold. They cause “goosebumps,” as shown here.",0.3928571428571428,0.2901442287369986,0.2319038898423314,0.1947681780520103,0.4864864864864865,7.36988741216648,0.9230769230769232,0.0,0.16,0.16,0.16
23,"FewShot_WithAnswer","NEB_Qwen3235BInstruct","What medical condition is completely unrelated to the classification of fungi despite historical similarities with plants such as immobility, presence of cell walls, and soil growth?","bone fractures","fungi","lichens","cellulose","For a long time, scientists considered fungi to be members of the plant kingdom because they have obvious similarities with plants. Both fungi and plants are immobile, have cell walls, and grow in soil. Some fungi, such as lichens , even look like plants (see Figure below ).",0.1379310344827586,0.0689655172413793,0.0553820024789747,0.0500824481421182,0.1764705882352941,9.98241097871955,0.9230769230769232,0.0,0.12,0.04,0.08
24,"FewShot_WithAnswer","NEB_Qwen3235BInstruct","Where is energy stored in a chemical substance according to the support text?","between atoms","within electrons","inside the nucleus","in the outer shell","energy that is stored in the connections between atoms in a chemical substance.",0.6428571428571429,0.6060915267313265,0.5826535151900861,0.5607900239988007,0.7777777777777778,19.329044995918107,0.8461538461538461,0.0,0.2727272727272727,0.6363636363636364,0.1818181818181818
25,"FewShot_WithAnswer","NEB_Qwen3235BInstruct","According to the support text, what system's functional decline with age—termed immunosenescence—is a major contributor to chronic diseases in older adults and is closely linked to thymic involution?","immune system","endocrine system","nervous system","cardiovascular system","Immune System By the year 2050, 25 percent of the population of the United States will be 60 years of age or older. The CDC estimates that 80 percent of those 60 years and older have one or more chronic disease associated with deficiencies of the immune systems. This loss of immune function with age is called immunosenescence. To treat this growing population, medical professionals must better understand the aging process. One major cause of age-related immune deficiencies is thymic involution, the shrinking of the thymus gland that begins at birth, at a rate of about three percent tissue loss per year, and continues until 35–45 years of age, when the rate declines to about one percent loss per year for the rest of one’s life. At that pace, the total loss of thymic epithelial tissue and thymocytes would occur at about 120 years of age. Thus, this age is a theoretical limit to a healthy human lifespan. Thymic involution has been observed in all vertebrate species that have a thymus gland. Animal studies have shown that transplanted thymic grafts between inbred strains of mice involuted according to the age of the donor and not of the recipient, implying the process is genetically programmed. There is evidence that the thymic microenvironment, so vital to the development of naïve T cells, loses thymic epithelial cells according to the decreasing expression of the FOXN1 gene with age. It is also known that thymic involution can be altered by hormone levels. Sex hormones such as estrogen and testosterone enhance involution, and the hormonal changes in pregnant women cause a temporary thymic involution that reverses itself, when the size of the thymus and its hormone levels return to normal, usually after lactation ceases. What does all this tell us? Can we reverse immunosenescence, or at least slow it down? The potential is there for using thymic transplants from younger donors to keep thymic output of naïve T cells high. Gene therapies that target gene expression are also seen as future possibilities. The more we learn through immunosenescence research, the more opportunities there will be to develop therapies, even though these therapies will likely take decades to develop. The ultimate goal is for everyone to live and be healthy longer, but there may be limits to immortality imposed by our genes and hormones.",0.1622261933003715,0.0573556206843861,0.0409503258481258,0.0348609561945973,0.1212121212121212,21.94437824118079,0.9285714285714286,0.0,0.0769230769230769,0.0384615384615384,0.0
26,"FewShot_WithAnswer","NEB_Qwen3235BInstruct","What element is returned to the soil as ammonium ions when organisms die and decompose, and is later converted into nitrates by nitrifying bacteria?","nitrogen","carbon","oxygen","hydrogen","When organisms die and decompose, their nitrogen is returned to the soil as ammonium ions. Nitrifying bacteria change some of the ammonium ions into nitrates.",0.3076923076923076,0.2664693550105965,0.242163217943299,0.2205684146496319,0.3333333333333333,4.13793458824759,0.9166666666666666,0.0,0.3043478260869565,0.217391304347826,0.0434782608695652
27,"FewShot_WithAnswer","NEB_Qwen3235BInstruct","In which type of reproduction do female insects produce eggs that are fertilized by males to form offspring?","sexual reproduction","asexual reproduction","spontaneous reproduction","autonomous reproduction","Most insects can reproduce very quickly within a short period of time. With a short generation time, they evolve faster and can quickly adjust to environmental changes. Most insects reproduce by sexual reproduction. The female produces eggs, which are fertilized by the male, and then the eggs are usually placed near the required food. In some insects, there is asexual reproduction during which the offspring come from a single parent. In this type of reproduction, the offspring are almost identical to the mother. This is most often seen in aphids and scale insects.",0.2631578947368421,0.2038412287477587,0.1665126308426198,0.1283728421727272,0.2857142857142857,4.6329870612689525,0.8888888888888888,0.0,0.1666666666666666,0.1666666666666666,0.2222222222222222
28,"FewShot_WithAnswer","NEB_Qwen3235BInstruct","Where does the digestion of proteins begin, involving the action of HCl and pepsin to break down proteins into smaller peptides?","stomach","liver","pancreas","small intestine","24.4 Protein Metabolism Digestion of proteins begins in the stomach, where HCl and pepsin begin the process of breaking down proteins into their constituent amino acids. As the chyme enters the small intestine, it mixes with bicarbonate and digestive enzymes. The bicarbonate neutralizes the acidic HCl, and the digestive enzymes break down the proteins into smaller peptides and amino acids. Digestive hormones secretin and CCK are released from the small intestine to aid in digestive processes, and digestive proenzymes are released from the pancreas (trypsinogen and chymotrypsinogen). Enterokinase, an enzyme located in the wall of the small intestine, activates trypsin, which in turn activates chymotrypsin. These enzymes liberate the individual amino acids that are then transported via sodium-amino acid transporters across the intestinal wall into the cell. The amino acids are then transported into the bloodstream for dispersal to the liver and cells throughout the body to be used to create new proteins. When in excess, the amino acids are processed and stored as glucose or ketones. The nitrogen waste that is liberated in this process is converted to urea in the urea acid cycle and eliminated in the urine. In times of starvation, amino acids can be used as an energy source and processed through the Krebs cycle.",0.1304347826086956,0.1064995540340512,0.0801845997729544,0.0703903947435882,0.2142857142857142,3.04845671515442,0.9047619047619048,0.0,0.3157894736842105,0.1578947368421052,0.2105263157894736
29,"FewShot_WithAnswer","NEB_Qwen3235BInstruct","In rotifers that exhibit haplodiploidy, what biological process is determined by whether an egg is fertilized or unfertilized?","gender determination","embryonic development","cellular differentiation","metabolic regulation","Watch this video (http://openstaxcollege. org/l/rotifers) to see rotifers feeding. Rotifers are pseudocoelomates commonly found in fresh water and some salt water environments throughout the world. Figure 28.17 shows the anatomy of a rotifer belonging to class Bdelloidea. About 2,200 species of rotifers have been identified. Rotifers are dioecious organisms (having either male or female genitalia) and exhibit sexual dimorphism (males and females have different forms). Many species are parthenogenic and exhibit haplodiploidy, a method of gender determination in which a fertilized egg develops into a female and an unfertilized egg develops into a male. In many dioecious species, males are short-lived and smaller with no digestive system and a single testis. Females can produce eggs that are capable of dormancy for protection during harsh environmental conditions.",0.3499999999999999,0.229128784747792,0.1767984959301803,0.1323703747114948,0.3571428571428571,3.8908218398375847,0.8888888888888888,0.0,0.1176470588235294,0.1176470588235294,0.0
30,"FewShot_WithAnswer","NEB_Qwen3235BInstruct","According to the support text, which metal is the most abundant in the Earth's crust and is found almost exclusively as the ionic mineral bauxite?","aluminum","iron","magnesium","calcium","Metals represent approximately 25% of the elemental makeup of the Earth's crust. The bulk of these metals, primarily aluminum, iron, calcium, sodium, potassium, and magnesium, are typically found in combined form. The most abundant metal is aluminum, which occurs almost exclusively as the ionic mineral bauxite. The other most common metals, including iron, sodium, potassium, magnesium, and calcium, are also found primarily as the cationic portion of an ionic compound. Very few metals actually occur naturally as pure substances. The ones that do are often referred to as precious or semi-precious metals.",0.3214285714285714,0.2395787118749774,0.1854462179232537,0.1488256017897221,0.4137931034482759,5.303411112828884,0.92,0.0,0.2857142857142857,0.1428571428571428,0.0
31,"FewShot_WithAnswer","NEB_Qwen3235BInstruct","What is the term for the total kinetic energy of moving particles of matter?","thermal energy","potential energy","mechanical energy","chemical energy","The total kinetic energy of moving particles of matter is called thermal energy.",1.0,1.0,1.0,1.0,1.0,2.4499822801783764,0.8571428571428571,0.0,0.6666666666666666,1.0,0.1666666666666666
32,"FewShot_WithAnswer","NEB_Qwen3235BInstruct","In the take-home experiment, which part of the eye is observed to change in diameter as the eye adjusts to varying light conditions?","pupil","iris","cornea","lens","Take-Home Experiment: The Pupil Look at the central transparent area of someone’s eye, the pupil, in normal room light. Estimate the diameter of the pupil. Now turn off the lights and darken the room. After a few minutes turn on the lights and promptly estimate the diameter of the pupil. What happens to the pupil as the eye adjusts to the room light? Explain your observations. The eye can detect an impressive amount of detail, considering how small the image is on the retina. To get some idea of how small the image can be, consider the following example.",0.28,0.2116601048851672,0.1775808003485201,0.1485499625536634,0.3571428571428571,4.012113772578195,0.9130434782608696,0.0,0.2,0.15,0.0
33,"FewShot_WithAnswer","NEB_Qwen3235BInstruct","The short-term stress response involving the release of epinephrine and norepinephrine from the adrenal medulla mediates what classic physiological reaction to threat?","fight-or-flight","rest-and-digest","freeze-and-dissociate","tend-and-befriend","Watch this Discovery Channel animation (http://openstaxcollege. org/l/adrenaline) describing the flight-or-flight response. Long-term Stress Response Long-term stress response differs from short-term stress response. The body cannot sustain the bursts of energy mediated by epinephrine and norepinephrine for long times. Instead, other hormones come into play. In a long-term stress response, the hypothalamus triggers the release of ACTH from the anterior pituitary gland. The adrenal cortex is stimulated by ACTH to release steroid hormones called corticosteroids. Corticosteroids turn on transcription of certain genes in the nuclei of target cells. They change enzyme concentrations in the cytoplasm and affect cellular metabolism. There are two main corticosteroids: glucocorticoids such as cortisol, and mineralocorticoids such as aldosterone. These hormones target the breakdown of fat into fatty acids in the adipose tissue. The fatty acids are released into the bloodstream for other tissues to use for ATP production. The glucocorticoids primarily affect glucose metabolism by stimulating glucose synthesis. Glucocorticoids also have anti-inflammatory properties through inhibition of the immune system. For example, cortisone is used as an anti-inflammatory medication; however, it cannot be used long term as it increases susceptibility to disease due to its immune-suppressing effects. Mineralocorticoids function to regulate ion and water balance of the body. The hormone aldosterone stimulates the reabsorption of water and sodium ions in the kidney, which results in increased blood pressure and volume. Hypersecretion of glucocorticoids can cause a condition known as Cushing’s disease, characterized by a shifting of fat storage areas of the body. This can cause the accumulation of adipose tissue in the face and neck, and excessive glucose in the blood. Hyposecretion of the corticosteroids can cause Addison’s disease, which may result in bronzing of the skin, hypoglycemia, and low electrolyte levels in the blood.",0.398572587837168,0.2520794380945951,0.1743033793384047,0.1233057551625706,0.358974358974359,5.1295129815174585,0.9090909090909092,0.0,0.1578947368421052,0.1578947368421052,0.1578947368421052
34,"FewShot_WithAnswer","NEB_Qwen3235BInstruct","Which system enters the brain stem and influences activity in the cerebellum, spinal cord, and cerebral cortex, contributing to balance and spatial orientation?","vestibular system","auditory system","olfactory system","visual system","14.2 Central Processing Sensory input to the brain enters through pathways that travel through either the spinal cord (for somatosensory input from the body) or the brain stem (for everything else, except the visual and olfactory systems) to reach the diencephalon. In the diencephalon, sensory pathways reach the thalamus. This is necessary for all sensory systems to reach the cerebral cortex, except for the olfactory system that is directly connected to the frontal and temporal lobes. The two major tracts in the spinal cord, originating from sensory neurons in the dorsal root ganglia, are the dorsal column system and the spinothalamic tract. The major differences between the two are in the type of information that is relayed to the brain and where the tracts decussate. The dorsal column system primarily carries information about touch and proprioception and crosses the midline in the medulla. The spinothalamic tract is primarily responsible for pain and temperature sensation and crosses the midline in the spinal cord at the level at which it enters. The trigeminal nerve adds similar sensation information from the head to these pathways. The auditory pathway passes through multiple nuclei in the brain stem in which additional information is extracted from the basic frequency stimuli processed by the cochlea. Sound localization is made possible through the activity of these brain stem structures. The vestibular system enters the brain stem and influences activity in the cerebellum, spinal cord, and cerebral cortex. The visual pathway segregates information from the two eyes so that one half of the visual field projects to the other side of the brain. Within visual cortical areas, the perception of the stimuli and their location is passed along two streams, one ventral and one dorsal. The ventral visual stream connects to structures in the temporal lobe that are important for long-term memory formation. The dorsal visual stream interacts with the somatosensor cortex in the parietal lobe, and together they can influence the activity in the frontal lobe to generate movements of the body in relation to visual information.",0.7037037037037037,0.6849348892187751,0.6744111114996767,0.6656386502445726,0.7777777777777778,4.863812106677511,0.9130434782608696,0.0,0.6666666666666666,0.6666666666666666,0.0476190476190476
36,"FewShot_WithAnswer","NEB_Qwen3235BInstruct","In what unit is the heat energy transferred during chemical reactions measured?","joules","calories","watts","degrees Celsius","Chemical reactions involve a transfer of heat energy. Measured in joules.",0.4615384615384615,0.2664693550105965,0.1808718990554429,0.1522930738810392,0.6666666666666666,6.905294307164269,0.8333333333333334,0.0,0.1818181818181818,0.1818181818181818,0.1818181818181818
38,"FewShot_WithAnswer","NEB_Qwen3235BInstruct","Which process produces the glucose and oxygen required for cellular respiration to occur?","photosynthesis","fermentation","chemiosmosis","transpiration","Cellular respiration and photosynthesis are like two sides of the same coin. This is clear from the diagram in Figure below . The products of photosynthesis are needed for cellular respiration. The products of cellular respiration are needed for photosynthesis. Together, the two processes store and release energy in virtually all living things.",0.3990269055874383,0.2821546308167619,0.2250850539077389,0.1724683558934557,0.4166666666666667,5.004992742303902,0.8461538461538461,0.0,0.25,0.25,0.25
39,"FewShot_WithAnswer","NEB_Qwen3235BInstruct","What is the primary source of organic compounds for most fungi, which act as saprotrophs in ecosystems?","dead organisms","living plants","inorganic minerals","sunlight","Most fungi get organic compounds from dead organisms. They are decomposers called saprotrophs. A saprotroph feeds on any remaining organic matter after other decomposers do their work. Fungi use enzymes to digest organic remains and then absorb the resulting organic compounds. As decomposers, fungi are vital for the health of ecosystems. They break down nonliving organic matter and release the nutrients into the soil. Plants can then use the nutrients and pass them on to herbivores and other consumers.",0.2105263157894736,0.1488645855129573,0.1071774516542036,0.0922497801140978,0.4347826086956521,3.2903079087160148,0.8823529411764706,0.0,0.125,0.125,0.125
40,"FewShot_WithAnswer","NEB_Qwen3235BInstruct","What do very massive stars evolve into after exhausting their hydrogen and beginning helium fusion, characterized by continued fusion up to iron and eventual core collapse?","become red supergiants","become white dwarfs","become blue giants","become neutron pulsars","A more massive star ends its life in a more dramatic way. Very massive stars become red supergiants . Unlike a red giant, when all the helium in a red supergiant is gone, fusion continues. Lighter atoms fuse into heavier atoms up to iron atoms. Creating elements heavier than iron through fusion uses more energy than it produces. For this reason, stars do not ordinarily form any heavier elements. When there are no more elements for the star to fuse, the core succumbs to gravity and collapses.",0.2142857142857142,0.1749635530559412,0.1503895142299137,0.1271824917276967,0.2941176470588235,12.308186807641704,0.9230769230769232,0.0,0.1153846153846153,0.1538461538461538,0.0384615384615384
43,"FewShot_WithAnswer","NEB_Qwen3235BInstruct","What type of ions are primarily responsible for determining the strength of a base when it dissolves in water?","hydroxide ions","hydrogen ions","sodium ions","ammonium ions","The strength of a base depends on the concentration of hydroxide ions it produces when dissolved in water. For example, sodium hydroxide completely breaks down into ions in water, so it is a strong base. However, only a fraction of ammonia breaks down into ions, so it is a weak base.",0.55,0.406201920231798,0.3262847515981603,0.2492510269181243,0.5333333333333333,3.855797669417637,0.8947368421052632,0.0,0.1764705882352941,0.1764705882352941,0.2352941176470588
44,"FewShot_WithAnswer","NEB_Qwen3235BInstruct","When multiple galvanic cells are connected in series within a battery, the overall voltage of the battery is the sum of the individual cell ________.","voltages","currents","resistances","capacities","When a battery consists of more than one galvanic cell, the cells are usually connected in series—that is, with the positive (+) terminal of one cell connected to the negative (−) terminal of the next, and so forth. The overall voltage of the battery is therefore the sum of the voltages of the individual cells.",0.5185185185185185,0.438228132081453,0.3725418496366732,0.3015860821808152,0.6,3.584392188707095,0.92,0.0,0.2631578947368421,0.2631578947368421,0.0526315789473684
45,"FewShot_WithAnswer","NEB_Qwen3235BInstruct","What environmental condition must organisms living deep in the ocean be able to withstand, in addition to very cold water and complete darkness?","extreme water pressure","high salinity","intense light","low mineral content","Organisms that live deep in the ocean must be able to withstand extreme water pressure, very cold water, and complete darkness. However, even here, thriving communities of living things can be found. Organisms cluster around hydrothermal vents in the ocean floor. The vents release hot water containing chemicals that would be toxic to most other living things. The producers among them are single-celled chemoautotrophs. They make food using energy stored in the chemicals. The tube worms in this chapter's opening photo depend on these chemoautotrophs for food.",0.4,0.3346640106136302,0.2857539627437799,0.2348781140011496,0.5882352941176471,4.493782816683517,0.9130434782608696,0.0,0.2727272727272727,0.1818181818181818,0.0454545454545454
46,"FewShot_WithAnswer","NEB_Qwen3235BInstruct","The brain, which includes the cerebrum, cerebellum, and brain stem, along with the spinal cord, which transmits nerve impulses between the body and brain, are key components of what system?","central nervous system","peripheral nervous system","autonomic nervous system","somatic nervous system","The central nervous system includes the brain and spinal cord. The brain serves as the control center of the nervous system and the body as a whole. It consists of three major parts: the cerebrum, cerebellum, and brain stem. The spinal cord carries nerve impulses back and forth between the body and brain.",0.2432432432432432,0.1146659645167374,0.0714807090904622,0.0568361468855486,0.4571428571428572,2.421326836676404,0.9333333333333332,0.0,0.1923076923076923,0.0769230769230769,0.1153846153846153
47,"FewShot_WithAnswer","NEB_Qwen3235BInstruct","What are biochemical catalysts that speed up reactions, without which most chemical reactions in living things would occur too slowly to sustain life?","enzymes","metabolites","nucleic acids","cofactors","Enzymes are biochemical catalysts that speed up biochemical reactions. Without enzymes, most chemical reactions in living things would occur too slowly to keep organisms alive.",0.36,0.3174901573277509,0.2931794417756476,0.2720574839427788,0.5,3.833228210872203,0.9130434782608696,0.0,0.4782608695652174,0.3043478260869565,0.0869565217391304
50,"FewShot_WithAnswer","NEB_Qwen3235BInstruct","Which laboratory instrument is specifically designed to make very sensitive mass measurements, typically in grams?","analytical balance","digital scale","triple beam balance","spring balance","An analytical balance makes very sensitive mass measurements in a laboratory, usually in grams.",0.7210206394184336,0.599925435251768,0.5029903981713146,0.422936600836147,0.7333333333333333,18.852805209009368,0.8666666666666667,0.0,0.2666666666666666,0.4,0.0666666666666666
51,"FewShot_WithAnswer","NEB_Qwen3235BInstruct","What is the primary function of the vivid colors displayed by petals in most flowers?","to attract pollinators","to perform photosynthesis","to protect the floral bud","to produce pollen grains","Flowers Flowers are modified leaves, or sporophylls, organized around a central stalk. Although they vary greatly in appearance, all flowers contain the same structures: sepals, petals, carpels, and stamens. The peduncle attaches the flower to the plant. A whorl of sepals (collectively called the calyx) is located at the base of the peduncle and encloses the unopened floral bud. Sepals are usually photosynthetic organs, although there are some exceptions. For example, the corolla in lilies and tulips consists of three sepals and three petals that look virtually identical. Petals, collectively the corolla, are located inside the whorl of sepals and often display vivid colors to attract pollinators. Flowers pollinated by wind are usually small, feathery, and visually inconspicuous. Sepals and petals together form the perianth. The sexual organs (carpels and stamens) are located at the center of the flower. As illustrated in Figure 26.14, styles, stigmas, and ovules constitute the female organ: the gynoecium or carpel. Flower structure is very diverse, and carpels may be singular, multiple, or fused. Multiple fused carpels comprise a pistil. The megaspores and the female gametophytes are produced and protected by the thick tissues of the carpel. A long, thin structure called a style leads from the sticky stigma, where pollen is deposited, to the ovary, enclosed in the carpel. The ovary houses one or more ovules, each of which will develop into a seed upon fertilization. The male reproductive organs, the stamens (collectively called the androecium), surround the central carpel. Stamens are composed of a thin stalk called a filament and a sac-like structure called the anther. The filament supports the anther, where the microspores are produced by meiosis and develop into pollen grains.",0.4375,0.28641098093474,0.2219760004356502,0.1671850762441055,0.5454545454545455,7.611474315320279,0.8666666666666667,0.0,0.1538461538461538,0.1538461538461538,0.0769230769230769
52,"FewShot_WithAnswer","NEB_Qwen3235BInstruct","Based on the etymology provided in the text, the term 'celiac' refers to which body region?","abdominal","thoracic","pelvic","cranial","The word celiac is derived from the Latin word “coelom,” which refers to a body cavity (in this case, the abdominal cavity), and the word mesenteric refers to the digestive system.",0.2631578947368421,0.1664356663246515,0.1154534099165156,0.0975422665513578,0.2727272727272727,8.541523798381352,0.875,0.0,0.1538461538461538,0.0769230769230769,0.0
53,"FewShot_WithAnswer","NEB_Qwen3235BInstruct","What are honeybees communicating the location of when they perform the waggle dance?","food","water","predators","a new hive site","There are many other examples of innate behaviors. For example, did you know that honeybees dance? The honeybee pictured below has found a source of food ( Figure below ). When the bee returns to its hive, it will do a dance. This dance is called the waggle dance . The way the bee moves during its dance tells other bees in the hive where to find the food. Honeybees can do the waggle dance without learning it from other bees, so it is an innate behavior.",0.1499298294375279,0.0865620273853114,0.0738814547484814,0.0696353838905432,0.1538461538461538,5.5856644709846845,0.8461538461538461,0.0,0.1818181818181818,0.0909090909090909,0.1818181818181818
54,"FewShot_WithAnswer","NEB_Qwen3235BInstruct","What are the two types of light-sensing photoreceptor cells in the retina that enable vision in dim light and color detection?","rods and cones","optics and photons","cornea and lens","neurons and synapses","The lens focuses light on the retina , which covers the back of the inside of the eye. The retina has light-sensing photoreceptor cells called rods and cones. Rods let us see in dim light. Cones let us detect light of different colors.",0.3259241467745979,0.2172827645163985,0.1530098262573999,0.1092964786055452,0.3243243243243243,3.731007429770565,0.9047619047619048,0.0,0.1578947368421052,0.1578947368421052,0.1578947368421052
55,"FewShot_WithAnswer","NEB_Qwen3235BInstruct","Which term refers to the nonliving factors in an ecosystem, such as temperature, water, soil, and air?","abiotic factors","biotic factors","ecological niche","trophic levels","Ecology is the study of ecosystems. That is, ecology is the study of how living organisms interact with each other and with the nonliving part of their environment. An ecosystem consists of all the nonliving factors and living organisms interacting in the same habitat . Recall that living organisms are biotic factors . The biotic factors of an ecosystem include all the populations in a habitat, such as all the species of plants, animals, and fungi, as well as all the micro-organisms. Also recall that the nonliving factors are called abiotic factors . Abiotic factors include temperature, water, soil, and air.",0.5909090909090909,0.5182615568632445,0.447361815271428,0.3867935168572689,0.5333333333333333,4.9779760068387375,0.8823529411764706,0.0,0.3333333333333333,0.3333333333333333,0.0666666666666666
57,"FewShot_WithAnswer","NEB_Qwen3235BInstruct","The maria on the Moon, formed between 3.0 and 4.0 billion years ago, were created by the outflow of magma that filled impact craters; what geological process is responsible for this phenomenon?","volcanic activity","meteorite erosion","solar radiation","tidal forces","When you look at the Moon from Earth, you notice dark and light areas. The maria are dark, solid, flat areas of lava (mostly basalt). Maria covers around 16% of the Moon’s surface, mostly on the near side. The maria formed about 3.0 to 4.0 billion years ago, when the Moon was continually bombarded by meteoroids ( Figure below ). Large meteorites broke through the Moon’s newly formed surface. This eventually caused magma to flow out and fill the craters. Scientists estimate volcanic activity on the Moon ended about 1.2 billion years ago.",0.2777777777777778,0.1521451548625461,0.1097722926680582,0.0789768525458103,0.3404255319148936,3.933025921978691,0.9375,0.0,0.1379310344827586,0.1034482758620689,0.0344827586206896
58,"FewShot_WithAnswer","NEB_Qwen3235BInstruct","Nerve impulses from sensory receptors are carried to what part of the nervous system for interpretation?","central nervous","peripheral nervous","autonomic nervous","somatic nervous","Sensory nerves carry nerve impulses from sensory receptors to the central nervous system. The brain interprets the nerve impulses to form a response.",0.4705882352941176,0.3720326659021623,0.2960655028117979,0.2425356250363329,0.6153846153846153,11.350688168987707,0.875,0.0,0.3333333333333333,0.3333333333333333,0.0666666666666666
59,"FewShot_WithAnswer","NEB_Qwen3235BInstruct","Which type of muscle tissue is primarily responsible for regulating air flow in the lungs by contracting and relaxing the bronchioles?","smooth","skeletal","cardiac","striated","Smooth muscle regulates air flow in lungs.",0.3636363636363636,0.25712973861329,0.1846595498507169,0.1332052464806598,0.5,3.93896138949721,0.9047619047619048,0.0,0.2105263157894736,0.2105263157894736,0.0
60,"FewShot_WithAnswer","NEB_Qwen3235BInstruct","In a double or triple bond, which type of bond is formed by the side-to-side overlap of p orbitals and exists in addition to a sigma bond?","pi bonds","sigma bonds","ionic bonds","hydrogen bonds","Sigma bonds are formed by the end-to-end overlap of bonding orbitals. Pi bonds are formed by the side-to-side overlap of p orbitals. Single bonds are normally sigma bonds. A double or triple bond consists of one sigma bond and either one or two pi bonds.",0.3793103448275862,0.3430991162436621,0.308740120380536,0.2843751698695492,0.5,4.042952649452642,0.925925925925926,0.0,0.2916666666666667,0.2916666666666667,0.0833333333333333
61,"FewShot_WithAnswer","NEB_Qwen3235BInstruct","Ovulation occurs around which day of a typical menstrual cycle?","14th","7th","21st","28th","After menstruation, the endometrium begins to build up again. At the same time, a follicle starts maturing in an ovary. Ovulation occurs around day 14 of the cycle. After it occurs, the endometrium continues to build up in preparation for a fertilized egg. What happens next depends on whether the egg is fertilized.",0.3636363636363636,0.25712973861329,0.1876872937193395,0.1646324824350429,0.4444444444444444,14.70415899682632,0.8,0.0,0.3333333333333333,0.2222222222222222,0.1111111111111111
62,"FewShot_WithAnswer","NEB_Qwen3235BInstruct","What term describes animals that lack a backbone, which make up the majority of living animals?","invertebrate","vertebrate","mammal","chordate","The majority of living animals are invertebrates. Invertebrates lack a backbone.",0.5,0.2886751345948128,0.1698725779218655,0.1323007976179665,0.4615384615384615,12.045571138478929,0.875,0.0,0.2857142857142857,0.1428571428571428,0.1428571428571428
63,"FewShot_WithAnswer","NEB_Qwen3235BInstruct","What is the other term for the vertebral column in animals of Phylum Chordata?","backbone","skull","pelvis","cartilage","animal in Phylum Chordata that has a vertebral column, or backbone.",0.4666666666666667,0.3944053188733077,0.3218297948685432,0.2676032275663791,0.5263157894736842,2.924112144656094,0.8571428571428571,0.0,0.1666666666666666,0.25,0.1666666666666666
64,"FewShot_WithAnswer","NEB_Qwen3235BInstruct","What is the term for the physical change when a substance transitions from a solid to a liquid at its specific temperature?","melting","boiling","freezing","condensing","The temperature at which a substance melts is called its melting point. Melting point is a physical property of matter. The gold pictured in the Figure above , for example, has a melting point of 1064°C. This is a high melting point, and most other metals also have high melting points. The melting point of ice, in comparison, is much lower at 0°C. Many substances have even lower melting points. For example, the melting point of oxygen is -222°C.",0.3043478260869566,0.1626807559466931,0.1063530365629538,0.086997665125015,0.4444444444444445,4.710171038283233,0.9090909090909092,0.0,0.0588235294117647,0.0588235294117647,0.2352941176470588
65,"FewShot_WithAnswer","NEB_Qwen3235BInstruct","Where do oogonia form primary oocytes in the female reproductive system prior to birth?","ovarian","uterine","fallopian","cervical","Oogenesis Gametogenesis in females is called oogenesis. The process begins with the ovarian stem cells, or oogonia (Figure 27.11). Oogonia are formed during fetal development, and divide via mitosis, much like spermatogonia in the testis. Unlike spermatogonia, however, oogonia form primary oocytes in the fetal ovary prior to birth. These primary oocytes are then arrested in this stage of meiosis I, only to resume it years later, beginning at puberty and continuing until the woman is near menopause (the cessation of a woman’s reproductive functions).",0.1247342646708823,0.0882004443950985,0.0804057020933264,0.0782061770730128,0.0769230769230769,4.655273130453579,0.8571428571428571,0.0,0.3846153846153846,0.0769230769230769,0.0769230769230769
68,"FewShot_WithAnswer","NEB_Qwen3235BInstruct","According to the text, Newton’s second law of motion is a relationship among acceleration, force, and mass that helps us make predictions about what fundamental physical concept?","motion","energy","gravity","inertia","9.80 m/s 2 . When we say that an acceleration is 45 g 's, it is 45×9.80 m/s 2 , which is approximately 440 m/s 2 . ) While living subjects are not used any more, land speeds of 10,000 km/h have been obtained with rocket sleds. In this example, as in the preceding one, the system of interest is obvious. We will see in later examples that choosing the system of interest is crucial—and the choice is not always obvious. Newton’s second law of motion is more than a definition; it is a relationship among acceleration, force, and mass. It can help us make predictions. Each of those physical quantities can be defined independently, so the second law tells us something basic and universal about nature. The next section introduces the third and final law of motion.",0.5454545454545454,0.4979295977319691,0.4652750374986159,0.4348005276280308,0.5714285714285713,16.20594609340109,0.925925925925926,0.0,0.28,0.28,0.08
69,"FewShot_WithAnswer","NEB_Qwen3235BInstruct","The physical transformation of an insect from one stage of its life cycle to another is known as what?","metamorphosis","mitosis","speciation","differentiation","With a few exceptions, all insect life begins as an egg. After leaving the egg, insects must grow and transform until reaching adulthood. Only the adult insect can mate and reproduce. The physical transformation of an insect from one stage of its life cycle to another is known as metamorphosis.",0.45,0.3354101966249684,0.2871791931175668,0.250655313615639,0.5714285714285714,2.2187346334203126,0.8947368421052632,0.0,0.9411764705882352,0.2352941176470588,0.0588235294117647
70,"FewShot_WithAnswer","NEB_Qwen3235BInstruct","When equal amounts of hydrochloric acid and sodium hydroxide are mixed, the resulting solution has no characteristics of an acid or a base and is therefore considered what type of solution?","a neutral one","a salty one","an acidic one","a basic one","When equal amounts of a strong acid such as hydrochloric acid are mixed with a strong base such as sodium hydroxide, the result is a neutral solution. The products of the reaction do not have the characteristics of either an acid or a base. Here is the balanced molecular equation.",0.6060606060606061,0.4285495643554833,0.2842087053586218,0.196175653356258,0.6037735849056605,2.9385181288909483,0.935483870967742,0.0,0.1428571428571428,0.1428571428571428,0.0714285714285714
71,"FewShot_WithAnswer","NEB_Qwen3235BInstruct","What are the fast-moving rivers of air that travel in opposite directions in the upper atmosphere called?","jet streams","turbulence zones","air corridors","thermal drafts","Jet streams are fast moving rivers of air going in opposite directions.",0.6111111111111112,0.5211573066470477,0.3998062484560033,0.2989611023639184,0.689655172413793,8.629044013935852,0.8823529411764706,0.0,0.2,0.2666666666666666,0.0666666666666666
72,"FewShot_WithAnswer","NEB_Qwen3235BInstruct","What organs filter blood in a three-step process involving glomerular filtration, tubular reabsorption, and tubular secretion, ultimately producing urine that is delivered to the ureters via the renal pelvis?","kidneys","lungs","liver","heart","Kidney Function and Physiology Kidneys filter blood in a three-step process. First, the nephrons filter blood that runs through the capillary network in the glomerulus. Almost all solutes, except for proteins, are filtered out into the glomerulus by a process called glomerular filtration. Second, the filtrate is collected in the renal tubules. Most of the solutes get reabsorbed in the PCT by a process called tubular reabsorption. In the loop of Henle, the filtrate continues to exchange solutes and water with the renal medulla and the peritubular capillary network. Water is also reabsorbed during this step. Then, additional solutes and wastes are secreted into the kidney tubules during tubular secretion, which is, in essence, the opposite process to tubular reabsorption. The collecting ducts collect filtrate coming from the nephrons and fuse in the medullary papillae. From here, the papillae deliver the filtrate, now called urine, into the minor calyces that eventually connect to the ureters through the renal pelvis. This entire process is illustrated in Figure 41.7.",0.303030303030303,0.0958265957626781,0.0659589976604061,0.0551588384392203,0.3255813953488372,2.492586431817005,0.9310344827586208,0.0,0.1923076923076923,0.0769230769230769,0.0384615384615384
73,"FewShot_WithAnswer","NEB_Qwen3235BInstruct","Fungi, such as black bread mold (Rhizopus nigricans), have haploid-dominant ______. The haploid multicellular stage produces specialized haploid cells by mitosis that fuse to form a diploid zygote. The zygote undergoes meiosis to produce haploid spores, which give rise to new multicellular haploid organisms by mitosis.","life cycles","cell walls","nutritional modes","reproductive structures","Figure 11.9 Fungi, such as black bread mold (Rhizopus nigricans), have haploid-dominant life cycles. The haploid multicellular stage produces specialized haploid cells by mitosis that fuse to form a diploid zygote. The zygote undergoes meiosis to produce haploid spores. Each spore gives rise to a multicellular haploid organism by mitosis. (credit “zygomycota” micrograph: modification of work by “Fanaberka”/Wikimedia Commons).",0.2407407407407407,0.2312962221629036,0.2161160741136855,0.1985120906102179,0.3773584905660377,2.296275350200233,0.9565217391304348,0.0,0.5238095238095238,0.238095238095238,0.0714285714285714
74,"FewShot_WithAnswer","NEB_Qwen3235BInstruct","What is the electrode at which oxidation occurs called?","the anode","the cathode","the oxidode","the electrodode","The electrode at which oxidation occurs is called the anode . The zinc anode gradually diminishes as the cell operates due to the loss of zinc metal. The zinc ion concentration in the half-cell increases. Because of the production of electrons at the anode, it is labeled as the negative electrode.",0.8,0.6928203230275509,0.5975206328742887,0.5318295896944989,0.9333333333333332,46.59871659880752,0.7777777777777778,0.0,0.625,0.625,0.625
76,"FewShot_WithAnswer","NEB_Qwen3235BInstruct","In the process of visual perception, where is the real, upside-down, and reduced image formed before it is converted into electrical signals for the brain to interpret?","retina","cornea","optic nerve","lens","As just described, the eyes collect and focus visible light. The lens and other structures of the eye work together to focus a real image on the retina. The image is upside-down and reduced in size, as you can see in Figure below . The image reaches the brain as electrical signals that travel through the optic nerve. The brain interprets the signals as shape, color, and brightness. It also interprets the image as though it were right-side up. The brain does this automatically, so what we see is always right-side up. The brain also “tells” us what we are seeing.",0.2258064516129032,0.0853468164859545,0.0623856157384204,0.0537915241508123,0.25,5.630294849002096,0.925925925925926,0.0,0.125,0.0416666666666666,0.0
77,"FewShot_WithAnswer","NEB_Qwen3235BInstruct","What is required for almost everything that happens on Earth, including moving matter and changing its state?","energy","force","motion","pressure","Energy provides the ability to move or change matter from one state to another (for example, from solid to liquid). Every living thing needs energy to live and grow. Your body gets its energy from food, but that is only a small part of the energy you use every day. Cooking your food takes energy, and so does keeping it cold in the refrigerator or the freezer. The same is true for heating or cooling your home. Whether you are turning on a light in the kitchen or riding in a car to school, you are using energy. Billions of people all around the world use energy, so there is a huge demand for resources to provide all of this energy. Why do we need so much energy? The main reason is that almost everything that happens on Earth involves energy.",0.3157894736842105,0.223296878269436,0.1769460740420507,0.1343595275616131,0.3333333333333333,4.833420383038807,0.8823529411764706,0.0,0.3529411764705882,0.1764705882352941,0.1176470588235294
79,"FewShot_WithAnswer","NEB_Qwen3235BInstruct","Which bird of prey, known for its impressive 6 to 7 foot wingspan and capable of diving at speeds up to 200 mph, is one of the largest raptors and has a significant breeding population in Northern California?","golden eagles","bald eagles","peregrine falcons","ospreys","Although not as famous as its bald cousin, Golden Eagles are much easier to find in Northern California - one of the largest breeding populations for Golden Eagles. The largest of the raptors, Golden Eagles weigh typically between 8 and 12 pounds, and their wing span is around 6 to 7 feet. These eagles dive towards earth to catch prey, and can reach speeds of up to 200 mph! Meet one of the largest birds of prey at http://www. kqed. org/quest/television/cool-critters-the-golden-eagle .",0.1951219512195122,0.1194873045260086,0.0709350989657426,0.0550021584031489,0.2608695652173913,3.506311962389541,0.9473684210526316,0.0,0.1111111111111111,0.0277777777777777,0.0
80,"FewShot_WithAnswer","NEB_Qwen3235BInstruct","What is the central part of the atom that contains protons and neutrons and is surrounded by constantly moving electrons?","nucleus","electron shell","orbit","plasma","The nucleus is at the center of the atom. It contains positive protons and neutral neutrons. Negative electrons constantly move about the nucleus.",0.2857142857142857,0.1649572197684645,0.1108079414976458,0.0919898191384779,0.4,2.364653561325865,0.9,0.0,0.1111111111111111,0.1111111111111111,0.1666666666666666
81,"FewShot_WithAnswer","NEB_Qwen3235BInstruct","Instead of what anatomical feature do turtles have horny ridges on their jaws to help them eat?","teeth","scales","claws","spines","Turtles may appear slow and harmless when they are out of the water, but in the water is another story. Turtles can be either herbivores or carnivores, with most sea turtles carnivorous. Turtles have a rigid beak and use their jaws to cut and chew food. Instead of teeth, the upper and lower jaws of the turtle are covered by horny ridges. Carnivorous, or animal-eating turtles usually have knife-sharp ridges for slicing through their prey. But as the turtle is not a very fast animal, and it cannot quickly turn its head to snap at prey, it does have some limitations. Sea turtles typically feed on jellyfish, sponges and other soft-bodied organisms. Some species of sea turtle with stronger jaws eat shellfish, while other species, such as the green sea turtle, do not eat any meat at all. Herbivorous turtles have serrated ridges that help them cut through tough plants.",0.3333333333333333,0.1924500897298752,0.1296370395776068,0.1080231489090806,0.4285714285714285,12.103151829028892,0.8823529411764706,0.0,0.1764705882352941,0.1764705882352941,0.0588235294117647
82,"FewShot_WithAnswer","NEB_Qwen3235BInstruct","What is the primary component of natural gas?","methane","propane","butane","ethanol","Natural gas is mostly methane. Natural gas is usually found with petroleum. People prefer to burn natural gas when possible because it is relatively clean.",0.5555555555555556,0.3513641844631532,0.2489669303642869,0.2166864420114564,0.5714285714285714,5.174516470844432,0.75,0.0,0.2857142857142857,0.2857142857142857,0.2857142857142857
83,"FewShot_WithAnswer","NEB_Qwen3235BInstruct","Which organs are responsible for producing erythropoietin, a hormone that stimulates red blood cell production in the bone marrow, as part of maintaining homeostasis?","the kidneys","the liver","the spleen","the adrenal glands","The kidneys play many vital roles in homeostasis. They filter all the blood in the body many times each day and produce a total of about 1.5 liters of urine. The kidneys control the amount of water, ions, and other substances in the blood by excreting more or less of them in urine. The kidneys also secrete hormones that help maintain homeostasis. Erythropoietin, for example, is a kidney hormone that stimulates bone marrow to produce red blood cells when more are needed. The kidneys also secrete hormones that help maintain homeostasis. Erythropoietin, for example, is a kidney hormone that stimulates bone marrow to produce red blood cells when more are needed. The kidneys themselves are also regulated by hormones. For example, antidiuretic hormone from the hypothalamus stimulates the kidneys to produce more concentrated urine when the body is low on water.",0.3333333333333333,0.1924500897298752,0.1125177301965273,0.0868821820683848,0.2325581395348837,1.7122259212643018,0.9166666666666666,0.0,0.1363636363636363,0.0909090909090909,0.0454545454545454
84,"FewShot_WithAnswer","NEB_Qwen3235BInstruct","If one carbon-12 atom has a mass of exactly 12 amu, what quantity of carbon-12 has a mass of exactly 12 grams?","one mole","one atom","one gram","one kilogram","The relative scale of atomic masses in amu is also a relative scale of masses in grams. We said before that the mole is officially equal to the number of carbon atoms in exactly 12 g of carbon-12. In other words, one carbon-12 atom has a mass of exactly 12 amu, and one mole of carbon atoms has a mass of exactly 12 grams. This relationship is true for all substances. If one atom of helium has a mass of 4.00 amu, one mole of helium atoms has a mass of 4.00 g. One molecule of water has a mass of 18.0 amu, so one mole of water molecules has a mass of 18.0 grams. Molar mass is defined as the mass of one mole of representative particles of a substance. It is expressed in units of grams per mole (g/mol).",0.2083333333333333,0.1317615691736824,0.0910506869686066,0.0765344119984825,0.2857142857142857,3.356010656709041,0.7272727272727273,0.0,0.45,0.1,0.1
85,"FewShot_WithAnswer","NEB_Qwen3235BInstruct","Which biological process involves the sensing and focusing of light from people and objects, initiating a series of steps that enable perception of the visual world?","vision","audition","olfaction","gustation","Vision involves sensing and focusing light from people and objects. The steps involved are as follows:",0.3571428571428572,0.2988071523335984,0.2547589239440666,0.2089941024608428,0.5454545454545454,13.546926391811928,0.9230769230769232,0.0,0.217391304347826,0.217391304347826,0.0
86,"FewShot_WithAnswer","NEB_Qwen3235BInstruct","What type of therian mammal gives birth to an immature embryo that continues to develop outside the mother's body in a pouch on her belly?","a marsupial","a placental mammal","a monotreme","a reptilian mammal","Marsupials have a different way of reproducing that reduces the mother’s risks. A marsupial is a therian mammal in which the embryo is born at an early, immature stage. The embryo completes its development outside the mother’s body in a pouch on her belly. Only a minority of therian mammals are marsupials. They live mainly in Australia. Examples of marsupials are pictured in Figure below.",0.3703703703703703,0.1656346649999844,0.1018067030082421,0.0806022708671471,0.3428571428571428,4.8595372960907,0.92,0.0,0.2727272727272727,0.0909090909090909,0.1818181818181818
87,"FewShot_WithAnswer","NEB_Qwen3235BInstruct","What type of fungi feed on living cells by producing hyphae called haustoria that can penetrate host cells without immediately killing them?","parasitic","saprophytic","symbiotic","mycorrhizal","23.24 Nutrition Fungi are saprophytes. When they find a source of food (e. dead wood, orange peel) , they decompose it and digest it. The enzymes break down larger organic molecules in the substrate into smaller molecules. These smaller molecules diffuse into the fungus, where they are used to allow growth and repair. Fungi which feed on living cells are parasitic. For example, athlete's foot grows on the human foot. These kinds of fungi produce hyphae called haustoria, which can penetrate host cells without immediately killing them. However, they are friendlier species of fungi. Many fungi live symbiotically with plants or animals. For example, most trees have fungi living in close contact with their roots. In this relationship, known as a mycorrhiza, there are many benefits: • Growing around the plant roots and often entering plant cells, the hyphae absorb minerals from the soil and release them in the roots. The fungi gets its source of food (organic nutrients) while delivering food to the plant. • The mycelium here would increase the surface area, thus the absorptive surface, of the plant roots. • The fungal cells help to maintain air and water flow in the soil around the roots. • The fungi may prevent other potentially pathogenic fungi to attack the tree.",0.3478260869565218,0.2459501847605382,0.2020525302626818,0.1674175165138505,0.4516129032258064,2.8476334618234214,0.9090909090909092,0.0,0.3636363636363636,0.1818181818181818,0.0454545454545454
89,"FewShot_WithAnswer","NEB_Qwen3235BInstruct","What is the term for the diffusion of water through a semipermeable membrane down its concentration gradient, particularly moving to the side with a higher solute concentration?","osmosis","diffusion","filtration","active transport","Figure 3.7 Osmosis Osmosis is the diffusion of water through a semipermeable membrane down its concentration gradient. If a membrane is permeable to water, though not to a solute, water will equalize its own concentration by diffusing to the side of lower water concentration (and thus the side of higher solute concentration). In the beaker on the left, the solution on the right side of the membrane is hypertonic.",0.4827586206896552,0.4827586206896552,0.4639748393755439,0.4385608718110811,0.7058823529411764,4.944749003770903,0.925925925925926,0.0,0.4545454545454545,0.4545454545454545,0.2727272727272727
90,"FewShot_WithAnswer","NEB_Qwen3235BInstruct","Isotopes are named for their number of protons plus ______?","neutrons","electrons","protons","ions","Isotopes are named for their number of protons plus neutrons. If a carbon atom had seven neutrons, what would it be named?",0.9090909090909092,0.8624393618641034,0.8411027289423167,0.8248038209476285,0.9473684210526316,6.211135781511443,0.8,0.0,1.0,1.0,0.7777777777777778
92,"FewShot_WithAnswer","NEB_Qwen3235BInstruct","What physical quantity is defined as the rotational equivalent of force and is calculated as the force multiplied by the perpendicular distance from the point of application to the rotational axis?","torque","momentum","kinetic energy","angular velocity","Torque is equal to the cross product as stated above. In general, one can simplify by saying that the torque is equal to the force acting on the object multiplied by the perpendicular distance from the application of the force to the rotational axis. Say you had a seesaw. It is easier to exert torque, get the seesaw to move, if you pushed on the board near the end rather than near the middle. It is the rotational version of Force.",0.2187499999999999,0.1432054904673699,0.0871336448942035,0.0685265862547572,0.3243243243243243,5.582093257609854,0.935483870967742,0.0,0.1923076923076923,0.0769230769230769,0.1538461538461538
93,"FewShot_WithAnswer","NEB_Qwen3235BInstruct","What tough connective tissues attach skeletal muscles to the skeleton, enabling movement by connecting muscles to bones across joints?","tendons","ligaments","cartilage","nerves","Skeletal muscles are attached to the skeleton by tough connective tissues called tendons (see Figure above ). Many skeletal muscles are attached to the ends of bones that meet at a joint . The muscles span the joint and connect the bones. When the muscles contract, they pull on the bones, causing them to move.",0.4285714285714285,0.3194382824999699,0.2482876174918892,0.1684720636272446,0.6,16.84999896668848,0.8947368421052632,0.0,0.1666666666666666,0.1666666666666666,0.1111111111111111
94,"FewShot_WithAnswer","NEB_Qwen3235BInstruct","What is the term used to describe the ability to see, which involves both the eyes and the brain working together to interpret visual information?","vision","hearing","taste","touch","The ability to see is called vision . This ability depends on more than healthy eyes. It also depends on certain parts of the brain, because the brain and eyes work together to allow us to see. The eyes collect and focus visible light. The lens and other structures of the eye work together to focus an image on the retina. The image is upside-down and reduced in size, as you can see in the Figure below . Cells in the retina change the image to electrical signals that travel to the brain through the optic nerve. The brain interprets the electrical signals as shape, color, and brightness. It also interprets the image as though it were right-side up. The brain does this automatically, so what we see always appears right-side up. The brain also interprets what we are seeing.",0.2592592592592592,0.2400274332743651,0.2069519240738181,0.1631828816614834,0.3703703703703703,1.8190541523053123,0.92,0.0,0.1428571428571428,0.1428571428571428,0.0952380952380952
95,"FewShot_WithAnswer","NEB_Qwen3235BInstruct","Which two major innovations allowed seed plants to reproduce in the absence of water?","seed and pollen","spore and gamete","flower and fruit","root and leaf","CHAPTER SUMMARY 26.1 Evolution of Seed Plants Seed plants appeared about one million years ago, during the Carboniferous period. Two major innovations—seed and pollen—allowed seed plants to reproduce in the absence of water. The gametophytes of seed plants shrank, while the sporophytes became prominent structures and the diploid stage became the longest phase of the lifecycle. Gymnosperms became the dominant group during the Triassic. In these, pollen grains and seeds protect against desiccation. The seed, unlike a spore, is a diploid embryo surrounded by storage tissue and protective layers. It is equipped to delay germination until growth conditions are optimal. Angiosperms bear both flowers and fruit. The structures protect the gametes and the embryo during its development. Angiosperms appeared during the Mesozoic era and have become the dominant plant life in terrestrial habitats.",1.0,1.0,1.0,1.0,1.0,12.84580907692644,0.8571428571428571,0.0,0.6153846153846154,1.0,0.0769230769230769
96,"FewShot_WithAnswer","NEB_Qwen3235BInstruct","In the decomposition of water into hydrogen and oxygen gases, what is the essential input required to break the chemical bonds between hydrogen and oxygen atoms?","energy","catalyst","pressure","temperature","Chemistry in Everyday Life Decomposition of Water / Production of Hydrogen Water consists of the elements hydrogen and oxygen combined in a 2 to 1 ratio. Water can be broken down into hydrogen and oxygen gases by the addition of energy. One way to do this is with a battery or power supply, as shown in (Figure 1.15).",0.3214285714285714,0.2395787118749774,0.2041099733884142,0.1769844645428992,0.4324324324324324,4.261241386160998,0.8846153846153846,0.0,0.217391304347826,0.217391304347826,0.0
97,"FewShot_WithAnswer","NEB_Qwen3235BInstruct","What defining feature do all chordates share, which gives the phylum Chordata its name?","notochord","vertebral column","dorsal fin","pharyngeal slits","Did you know that fish, amphibians, reptiles, birds, and mammals are all related? They are all chordates. Chordates are a group of animals that includes vertebrates, as well as several closely related invertebrates. Chordates (phylum Chordata ) are named after a feature they all share, a notochord. A notochord is a hollow nerve cord along the back.",0.3125,0.1976423537605237,0.1375803020372761,0.11678449443205,0.380952380952381,2.109058981214964,0.8571428571428571,0.0,0.1538461538461538,0.1538461538461538,0.0769230769230769
98,"FewShot_WithAnswer","NEB_Qwen3235BInstruct","Which portion of the electromagnetic spectrum has wavelengths ranging from 400 to 700 nm?","visible light","ultraviolet radiation","infrared radiation","microwave radiation","The electromagnetic spectrum encompasses a very wide range of wavelengths and frequencies. Visible light is only a very small portion of the spectrum with wavelengths from 400-700 nm.",0.3821500323060209,0.2340181460844646,0.177641896303083,0.1325812183153321,0.4137931034482758,2.8872903582283804,0.8571428571428571,0.0,0.1538461538461538,0.1538461538461538,0.1538461538461538
99,"FewShot_WithAnswer","NEB_Qwen3235BInstruct","In humans, which cells are the only haploid cells produced during the life cycle?","sperm and egg","skin and liver cells","red and white blood cells","nerve and muscle cells","The life cycle of a plant is very different from the life cycle of an animal. Humans are made entirely of diploid cells (cells with two sets of chromosomes, referred to as ''2n''). Our only cells that are haploid cells (cells with one set of chromosomes, ''n'') are sperm and egg cells. Plants, however, can live when they are are at the stage of having haploid cells or diploid cells. If a plant has a haploid chromosome number of 20, what is the diploid chromosome number? If the diploid chromosome number is 20, what is the haploid number?",0.625,0.5229125165837972,0.4177748279137154,0.3194715521231362,0.6666666666666666,4.091075905068746,0.8571428571428571,0.0,0.1666666666666666,0.25,0.25
101,"FewShot_WithAnswer","NEB_Qwen3235BInstruct","The lithosphere is divided into a dozen major and several minor units, each named for the continent or ocean basin it contains. What are these units called?","plates","layers","shields","crustals","The lithosphere is divided into a dozen major and several minor plates. Each plate is named for the continent or ocean basin it contains. Some plates are made of all oceanic lithosphere. A few are all continental lithosphere. But most plates are made of a combination of both.",0.4,0.3829708431025352,0.369809282387033,0.3570709142252201,0.5882352941176471,2.141388144062721,0.925925925925926,0.0,0.375,0.375,0.0416666666666666
102,"FewShot_WithAnswer","NEB_Qwen3235BInstruct","What is a baby called during the first year after birth?","infant","toddler","child","adolescent","For the first year after birth, a baby is called an infant. Childhood begins at age two and continues until adolescence. Adolescence is the last stage of life before adulthood.",0.7667036788577695,0.6857606178100563,0.6179748677078294,0.54286932954127,1.0,6.418174428914882,0.8181818181818182,0.0,0.4444444444444444,0.5555555555555556,0.4444444444444444
103,"FewShot_WithAnswer","NEB_Qwen3235BInstruct","What is used to indicate the number of atoms of an element in a compound?","prefixes","subscripts","coefficients","isotopes","Prefixes are used to indicate the number of atoms of an element that are in the compound.",0.772184789761521,0.6844686596670384,0.6283339485709268,0.5947188159085194,0.8461538461538461,2.59036007023435,0.8666666666666667,0.0,0.6666666666666666,0.6666666666666666,0.0833333333333333
104,"FewShot_WithAnswer","NEB_Qwen3235BInstruct","Area, volume, and speed are quantities that result from combining base units in various ways. What are these types of units called?","derived units","base units","fundamental units","scalar units","Derived units can be expressed as some combination of base units. Examples of derived units are area, volume, and speed.",0.3846153846153846,0.3440104580768907,0.3051065357970423,0.2773500981126146,0.4705882352941177,4.4544342497272,0.9090909090909092,0.0,0.1818181818181818,0.2272727272727272,0.0909090909090909
105,"FewShot_WithAnswer","NEB_Qwen3235BInstruct","In the context of thermal energy, what type of energy do the rapidly moving particles of matter in Death Valley's air and sand primarily possess?","kinetic","potential","chemical","electrical","Why do the air and sand of Death Valley feel so hot? It’s because their particles are moving very rapidly. Anything that is moving has kinetic energy, and the faster it is moving, the more kinetic energy it has. The total kinetic energy of moving particles of matter is called thermal energy . It’s not just hot things such as the air and sand of Death Valley that have thermal energy. All matter has thermal energy, even matter that feels cold. That’s because the particles of all matter are in constant motion and have kinetic energy.",0.2142857142857142,0.1749635530559412,0.1503895142299137,0.1271824917276967,0.3333333333333333,6.084496946424901,0.92,0.0,0.1739130434782608,0.1739130434782608,0.0
106,"FewShot_WithAnswer","NEB_Qwen3235BInstruct","In the context of a skydiver falling through the air at high speed, what is the term used to describe the constant speed reached when the drag force due to air resistance balances the diver's weight, resulting in zero net acceleration?","terminal velocity","critical velocity","laminar speed","turbulent threshold","A skydiver will reach a terminal velocity when the air drag equals their weight. For a skydiver with high speed and a large body, turbulence is a factor. The drag force then is approximately proportional to the square of the velocity. Taking the drag force to be F D = 1 ρAv 2 and setting this 2 equal to the person’s weight, find the terminal speed for a person falling “spread eagle.”",0.1777777777777777,0.1088662107903634,0.0645819537434309,0.0500283604827727,0.2727272727272727,3.509111070375593,0.951219512195122,0.0,0.0588235294117647,0.0294117647058823,0.0
107,"FewShot_WithAnswer","NEB_Qwen3235BInstruct","Which structures in the female reproductive system are considered the female gonads and are responsible for producing oocytes?","ovaries","uterus","fallopian tubes","vagina","27.2 | Anatomy and Physiology of the Female Reproductive System By the end of this section, you will be able to: • Describe the structure and function of the organs of the female reproductive system • List the steps of oogenesis • Describe the hormonal changes that occur during the ovarian and menstrual cycles • Trace the path of an oocyte from ovary to fertilization The female reproductive system functions to produce gametes and reproductive hormones, just like the male reproductive system; however, it also has the additional task of supporting the developing fetus and delivering it to the outside world. Unlike its male counterpart, the female reproductive system is located primarily inside the pelvic cavity (Figure 27.9). Recall that the ovaries are the female gonads. The gamete they produce is called an oocyte. We’ll discuss the production of oocytes in detail shortly. First, let’s look at some of the structures of the female reproductive system.",0.3157894736842105,0.2882750302658769,0.2643223253655671,0.2389287814053737,0.3636363636363636,3.098892732602329,0.8888888888888888,0.0,0.1875,0.25,0.0625
108,"FewShot_WithAnswer","NEB_Qwen3235BInstruct","What adaptation allows the dead leaf mantis to avoid detection by both predators and prey in the rainforests of Madagascar?","camouflage","mimicry","bioluminescence","venom production","Camouflage by the dead leaf mantis makes it less visible to both its predators and prey. If alarmed, it lies motionless on the rainforest floor of Madagascar, Africa, camouflaged among the actual dead leaves. It eats other animals up to the size of small lizards.",0.3809523809523809,0.2332847374079217,0.1758966428997936,0.1300932498258836,0.3636363636363636,7.290643516175678,0.9,0.0,0.1666666666666666,0.1666666666666666,0.0
109,"FewShot_WithAnswer","NEB_Qwen3235BInstruct","Which biological process involving a cascade of activated factors leading to the formation of a fibrin clot is an example of a positive feedback loop?","coagulation","digestion","respiration","filtration","Positive Feedback Loop A positive feedback loop maintains the direction of the stimulus, possibly accelerating it. Few examples of positive feedback loops exist in animal bodies, but one is found in the cascade of chemical reactions that result in blood clotting, or coagulation. As one clotting factor is activated, it activates the next factor in sequence until a fibrin clot is achieved. The direction is maintained, not changed, so this is positive feedback. Another example of positive feedback is uterine contractions during childbirth, as illustrated in Figure 33.21. The hormone oxytocin, made by the endocrine system, stimulates the contraction of the uterus. This produces pain sensed by the nervous system. Instead of lowering the oxytocin and causing the pain to subside, more oxytocin is produced until the contractions are powerful enough to produce childbirth.",0.0769230769230769,0.0543928293220421,0.0490961869143069,0.0471230088006022,0.074074074074074,5.243140607991526,0.92,0.0,0.2,0.05,0.05
110,"FewShot_WithAnswer","NEB_Qwen3235BInstruct","The study of how organisms interact with their environment and each other is called what?","ecology","ethology","ecogenetics","environmentology","Most biological sciences are specialized areas of study. Biology includes biochemistry, cell biology, microbiology, immunology, genetics, physiology, zoology, ecology, evolutionary biology, and botany. Biochemistry is the study of the chemicals that make up life. Cell biology is the study of life at the level of the cell. Microbiology is the study of microscopic organisms. Immunology is the study of an organism's resistance to disease. Genetics is the study of how organisms pass traits to their offspring. The study of how the human body works is called physiology. Zoology is the study of animals. The study of how organisms interact with their environment and each other is called ecology. Evolutionary biology is the study of how populations and species change over time. Botany is the study of plants. The four unifying principles are important foundations for each and every field of biology. Applied fields of biology such as medicine and genetic research involve many specialized areas of study.",0.7045597971101069,0.674564648788522,0.6580680874336997,0.6440890116570379,0.8275862068965518,2.008663174081428,0.8666666666666667,0.0,0.9285714285714286,0.7857142857142857,0.0714285714285714
111,"FewShot_WithAnswer","NEB_Qwen3235BInstruct","What type of sac must rupture to typically initiate the process of childbirth?","amniotic","umbilical","placental","uterine","During childbirth , a baby passes from the uterus, through the vagina, and out of the mother’s body. Childbirth usually starts when the amniotic sac breaks.",0.1428571428571428,0.101015254455221,0.0922451463033032,0.0899316023488563,0.2105263157894737,9.904250234517065,0.8461538461538461,0.0,0.0833333333333333,0.0833333333333333,0.0833333333333333
112,"FewShot_WithAnswer","NEB_Qwen3235BInstruct","Which evolutionary mechanism describes changes in allele frequencies due solely to random sampling effects, especially prominent in small populations?","genetic drift","natural selection","gene flow","mutation","Genetic Drift Another way a population’s allele frequencies can change is genetic drift (Figure 11.7), which is simply the effect of chance. Genetic drift is most important in small populations. Drift would be completely absent in a population with infinite individuals, but, of course, no population is this large. Genetic drift occurs because the alleles in an offspring generation are a random sample of the alleles in the parent generation. Alleles may or may not make it into the next generation due to chance events including mortality of an individual, events affecting finding a mate, and even the events affecting which gametes end up in fertilizations. If one individual in a population of ten individuals happens to die before it leaves any offspring to the next generation, all of its genes—a tenth of the population’s gene pool—will be suddenly lost. In a population of 100, that 1 individual represents only 1 percent of the overall gene pool; therefore, it has much less impact on the population’s genetic structure and is unlikely to remove all copies of even a relatively rare allele. Imagine a population of ten individuals, half with allele A and half with allele a (the individuals are haploid). In a stable population, the next generation will also have ten individuals. Choose that generation randomly by flipping a coin ten times and let heads be A and tails be a. It is unlikely that the next generation will have exactly half of each allele. There might be six of one and four of the other, or some different set of frequencies. Thus, the allele frequencies have changed and evolution has occurred. A coin will no longer work to choose the next generation (because the odds are no longer one half for each allele). The frequency in each generation will drift up and down on what is known as a random walk until at one point either all A or all a are chosen and that allele is fixed from that point on. This could take a very long time for a large population. This simplification is not very biological, but it can be shown that real populations behave this way. The effect of drift on frequencies is greater the smaller a population is. Its effect is also greater on an allele with a frequency far from one half. Drift will influence every allele, even those that are being naturally selected.",0.2070483858718171,0.1355449858251467,0.1045008939470852,0.0781537605475925,0.2857142857142857,16.485181105870687,0.8947368421052632,0.0,0.1578947368421052,0.1578947368421052,0.1578947368421052
113,"FewShot_WithAnswer","NEB_Qwen3235BInstruct","What is the term for the process in which a developing embryo attaches to the uterine lining?","implantation","fertilization","ovulation","gestation","Implantation occurs when the developing embryo fixes itself to the side of the uterus.",0.5555555555555556,0.4303314829119352,0.3518890639926669,0.3006454569052614,0.48,2.2291526959166754,0.8823529411764706,0.0,0.1538461538461538,0.3076923076923077,0.1538461538461538
114,"FewShot_WithAnswer","NEB_Qwen3235BInstruct","What is the term used to describe the phenomenon where certain substances emit visible light after being exposed to ultraviolet radiation, as utilized in black lights for making posters and clothing glow?","fluorescence","phosphorescence","bioluminescence","chemiluminescence","When exposed to ultraviolet, some substances, such as minerals, glow in characteristic visible wavelengths, a process called fluorescence. So-called black lights emit ultraviolet to cause posters and clothing to fluoresce in the visible. Ultraviolet is also used in special microscopes to detect details smaller than those observable with longer-wavelength visible-light microscopes. Things Great and Small: A Submicroscopic View of X-Ray Production X-rays can be created in a high-voltage discharge. They are emitted in the material struck by electrons in the discharge current. There are two mechanisms by which the electrons create X-rays. The first method is illustrated in Figure 24.18. An electron is accelerated in an evacuated tube by a high positive voltage. The electron strikes a metal plate (e. , copper) and produces X-rays. Since this is a high-voltage discharge, the electron gains sufficient energy to ionize the atom.",0.2941176470588235,0.1610948698544606,0.1162946739655875,0.0837302474180518,0.3404255319148936,8.712291462765473,0.9375,0.0,0.1,0.1,0.0
115,"FewShot_WithAnswer","NEB_Qwen3235BInstruct","What disease occurs when the cell cycle is no longer regulated, leading to rapid cell growth and potential tumor formation?","cancer","diabetes","hypertension","osteoporosis","Cancer is a disease that occurs when the cell cycle is no longer regulated. Cancer cells grow rapidly and may form a mass of abnormal cells called a tumor.",0.5454545454545454,0.5222329678670935,0.506410954495235,0.4916776273205992,0.6896551724137931,4.437512916980749,0.9,0.0,0.4210526315789473,0.5263157894736842,0.0526315789473684
116,"FewShot_WithAnswer","NEB_Qwen3235BInstruct","What will happen if a lump of clay is dropped directly into water without changing its shape?","it will sink","it will float","it will hover in the middle","it will dissolve","Floating and Sinking Drop a lump of clay in water. It will sink. Then mold the lump of clay into the shape of a boat, and it will float. Because of its shape, the boat displaces more water than the lump and experiences a greater buoyant force. The same is true of steel ships.",0.5555555555555556,0.4648111258522642,0.3990476010004525,0.3550205809709077,0.7407407407407406,2.3236523683712527,0.8823529411764706,0.0,0.1875,0.375,0.0625
117,"FewShot_WithAnswer","NEB_Qwen3235BInstruct","In which organ are the majority of nerve cells responsible for sensing touch, such as pressure and temperature, primarily located?","skin","brain","liver","heart","Touch is the ability to sense pain, pressure, or temperature. Nerve cells that sense touch are found mainly in the skin. The skin on the palms, soles, face, and lips has the most neurons. Neurons that sense pain are also found inside the body inside the body in the tongue, joints, muscles, and other organs.",0.1739130434782608,0.0869565217391304,0.0700476999343516,0.0636049017251942,0.2857142857142857,14.878448256923118,0.9,0.0,0.1052631578947368,0.1052631578947368,0.0
118,"FewShot_WithAnswer","NEB_Qwen3235BInstruct","On a topographic map, what feature is indicated by a series of concentric circles?","a hill","a valley","a cliff","a stream","Courtesy of the US Geological Survey. Concentric circles on a topographic map indicate a hill. Public Domain.",0.375,0.3061862178478972,0.2320794416806389,0.1728603923209705,0.6,4.8525958483138645,0.8571428571428571,0.0,0.25,0.25,0.0
120,"FewShot_WithAnswer","NEB_Qwen3235BInstruct","In which structures at the end of the bronchioles does the exchange of oxygen and carbon dioxide occur through simple diffusion?","alveoli","bronchi","trachea","epiglottis","The bronchioles lead to the alveoli. Alveoli are the little sacs at the end of the bronchioles ( Figure below ). They look like little bunches of grapes. Oxygen is exchanged for carbon dioxide in the alveoli. That means oxygen enters the blood, and carbon dioxide moves out of the blood. The gases are exchanged between the blood and alveoli by simple diffusion.",0.3636363636363636,0.3149183286488868,0.2868900779154774,0.2621465492323043,0.2962962962962963,7.765082485224047,0.9047619047619048,0.0,0.2222222222222222,0.2222222222222222,0.0555555555555555
121,"FewShot_WithAnswer","NEB_Qwen3235BInstruct","How often should a young woman perform a breast self-exam to help detect early signs of breast cancer?","monthly","weekly","yearly","biannually","If you are a young woman, getting in the habit of performing a monthly breast self-exam is a good idea. Lumps or other subtle changes in the breasts may indicate breast cancer. The outcome is typically better if breast cancer is caught and treated early.",0.4210526315789473,0.3646422752776583,0.3091532671898364,0.2428150766174915,0.5217391304347825,3.262914334869086,0.8888888888888888,0.0,0.125,0.1875,0.0
122,"FewShot_WithAnswer","NEB_Qwen3235BInstruct","In which part of Saturn are the mysterious dark spokes observed that appear seasonally and have an unexplained origin?","rings","atmosphere","core","magnetosphere","An animation of dark spokes in Saturn’s rings is seen here: http://en. wikipedia. org/wiki/File:Saturn_ring_spokes_PIA11144_300px_secs15.5to23_20080926. ogv . The spokes appear seasonally and their origin is as yet unknown.",0.4,0.2,0.1281648096339399,0.1039940450637318,0.4516129032258064,10.578221496531825,0.8947368421052632,0.0,0.1764705882352941,0.1176470588235294,0.0
124,"FewShot_WithAnswer","NEB_Qwen3235BInstruct","What structure, composed of dead, keratin-filled cells that overlap like roof shingles, helps shed water in mammals?","hair","feathers","scales","claws","Hair is a fiber that is found only in mammals. Its main component is keratin. A hair shaft consists of dead, keratin-filled cells that overlap each other like the shingles on a roof (see Figure below ). Like roof shingles, the overlapping cells help shed water from the hair.",0.238095238095238,0.1844277783908293,0.1503895142299138,0.1156710737752093,0.3076923076923076,16.38489342083359,0.8823529411764706,0.0,0.3529411764705882,0.1176470588235294,0.0588235294117647
125,"FewShot_WithAnswer","NEB_Qwen3235BInstruct","Which body part is balanced, moved, and rotated by the neck muscles, particularly through the actions of the sternocleidomastoid muscle?","head","shoulder","spine","jaw","Muscles That Move the Head The head, attached to the top of the vertebral column, is balanced, moved, and rotated by the neck muscles (Table 11.5). When these muscles act unilaterally, the head rotates. When they contract bilaterally, the head flexes or extends. The major muscle that laterally flexes and rotates the head is the sternocleidomastoid. In addition, both muscles working together are the flexors of the head. Place your fingers on both sides of the neck and turn your head to the left and to the right. You will feel the movement originate there. This muscle divides the neck into anterior and posterior triangles when viewed from the side (Figure 11.14).",0.25,0.1020620726159657,0.0767951235874871,0.0673588342684456,0.2962962962962963,5.120501493880937,0.9,0.0,0.4705882352941176,0.0588235294117647,0.0588235294117647
126,"FewShot_WithAnswer","NEB_Qwen3235BInstruct","On which group of organisms does human welfare depend greatly, according to the support text?","seed plants","fungi","marine animals","insects","30.4 Human welfare depends greatly on seed plants.",0.4117647058823529,0.3480046931235068,0.3116760300367103,0.2789555789571369,0.5833333333333334,18.78285594955224,0.8666666666666667,0.0,0.1428571428571428,0.3571428571428571,0.0
127,"FewShot_WithAnswer","NEB_Qwen3235BInstruct","Secondary alcohols are oxidized to form what?","ketones","aldehydes","carboxylic acids","esters","Secondary alcohols are oxidized to form ketones.",0.25,0.1767766952966369,0.1646584390020874,0.1651582159006903,0.4615384615384615,6.67682158136016,0.7142857142857143,0.0,0.8571428571428571,0.2857142857142857,0.8571428571428571
128,"FewShot_WithAnswer","NEB_Qwen3235BInstruct","Which type of cells are typically found in single-celled organisms and lack a nucleus?","prokaryotic cells","eukaryotic cells","mitochondrial cells","chloroplast cells","Prokaryotic cells are cells without a nucleus. They are found in single-celled organisms. Eukaryotic cells are cells with a nucleus and other organelles. They are found mainly in multicellular organisms.",0.3333333333333333,0.2108185106778919,0.1469703794361231,0.1250076305588977,0.3157894736842105,2.329872285994611,0.8571428571428571,0.0,0.3076923076923077,0.0769230769230769,0.0769230769230769
129,"FewShot_WithAnswer","NEB_Qwen3235BInstruct","Bones, cartilage, and which other structure are key components of the skeletal system?","ligaments","tendons","muscles","nerves","Bones, cartilage, and ligaments make up the skeletal system.",0.625,0.5590169943749475,0.5000000000000001,0.4347208719449914,0.5454545454545454,12.790210416052926,0.8461538461538461,0.0,0.25,0.25,0.25
130,"FewShot_WithAnswer","NEB_Qwen3235BInstruct","What chemical messengers do hypothalamus hormones regulate in the pituitary gland to control secretion?","hormones","enzymes","neurotransmitters","antibodies","The hypothalamus is actually part of the brain, but it also secretes hormones. Some of its hormones go directly to the pituitary gland in the endocrine system. These hypothalamus hormones tell the pituitary to either secrete or stop secreting its hormones. In this way, the hypothalamus provides a link between the nervous and endocrine systems.",0.2,0.1154700538379251,0.0983868146806197,0.0925159978069645,0.1666666666666666,3.3560794690496336,0.8571428571428571,0.0,0.1538461538461538,0.0769230769230769,0.1538461538461538
131,"FewShot_WithAnswer","NEB_Qwen3235BInstruct","Which disease, characterized by extreme swelling of the limbs, is caused by infection with a type of roundworm?","elephantiasis","malaria","tuberculosis","schistosomiasis","Roundworms can be free-living organisms, but they are probably best known for their role as significant plant and animal parasites. Most Nematodes are parasitic, with over 16,000 parasitic species described. Heartworms, which cause serious disease in dogs while living in the heart and blood vessels, are a type of roundworm. Roundworms can also cause disease in humans. Elephantiasis, a disease characterized by the extreme swelling of the limbs ( Figure below ), is caused by infection with a type of roundworm.",0.8571428571428571,0.7824607964359516,0.7161854192806549,0.6631025622303797,0.9375,6.6840103913855735,0.8888888888888888,0.0,0.5,0.9375,0.125
132,"FewShot_WithAnswer","NEB_Qwen3235BInstruct","Which branch of oceanography focuses on water movement, such as waves and ocean currents, and investigates events like when or if a tsunami will hit a shoreline?","physical oceanography","marine geology","chemical oceanography","marine biology","There are many branches of oceanography. Physical oceanography is the study of water movement, like waves and ocean currents. Physical oceanographers ask when or if a tsunami will hit a shoreline. Marine geologists look at rocks and structures in the ocean basins. These scientists ask how new ocean crust forms. Chemical oceanographers study the natural elements in ocean water. Chemical oceanographers might be concerned with where carbon dioxide goes in the oceans. Marine biologists look at marine life. There are lots of questions to ask about marine life!.",0.3,0.2449489742783178,0.202272921853378,0.1559269923848761,0.3888888888888889,6.185044844619272,0.925925925925926,0.0,0.28,0.16,0.04
133,"FewShot_WithAnswer","NEB_Qwen3235BInstruct","Which part of the sperm contains the nucleus and enzymes that help it break through the cell membrane of an egg?","head","tail","mitochondria","cytoplasm","The head of the sperm contains the nucleus. The nucleus holds the DNA of the cell. The head also contains enzymes that help the sperm break through the cell membrane of an egg.",0.3636363636363636,0.3401506715249037,0.3209407577569149,0.3015113445777636,0.4347826086956522,6.787954801225615,0.9047619047619048,0.0,0.3529411764705882,0.2941176470588235,0.1764705882352941
134,"FewShot_WithAnswer","NEB_Qwen3235BInstruct","Conidiospores are unicellular or multicellular spores that are released directly from the tip or side of which fungal structure?","hypha","sporangium","nucleus","mitochondria","There are many types of asexual spores. Conidiospores are unicellular or multicellular spores that are released directly from the tip or side of the hypha. Other asexual spores originate in the fragmentation of a hypha to form single cells that are released as spores; some of these have a thick wall surrounding the fragment. Yet others bud off the vegetative parent cell. Sporangiospores are produced in a sporangium (Figure 24.9).",0.5926545765453743,0.5738353262534609,0.5643565247560085,0.5568789328428436,0.7317073170731708,8.7201841355186,0.8947368421052632,0.0,0.8333333333333334,0.8333333333333334,0.0555555555555555
135,"FewShot_WithAnswer","NEB_Qwen3235BInstruct","What type of precipitation forms when nitrogen and sulfur oxides dissolve in rain, resulting in the formation of strong acids such as nitric and sulfuric acid?","acid rain","carbon rain","ozone fog","basic mist","Acid rain forms when nitrogen and sulfur oxides in air dissolve in rain ( Figure below ). This forms nitric and sulfuric acids. Both are strong acids. Acid rain with a pH as low as 4.0 is now common in many areas. Acid fog may be even more acidic than acid rain. Fog with a pH as low as 1.7 has been recorded. That’s the same pH as toilet bowl cleaner!",0.4285714285714285,0.3499271061118826,0.3007790284598275,0.2543649834553935,0.5945945945945945,2.942780147805834,0.9230769230769232,0.0,0.24,0.24,0.32
136,"FewShot_WithAnswer","NEB_Qwen3235BInstruct","Why does a mushroom not belong to the plant kingdom, based on its method of obtaining energy?","decomposing dead organisms","performing photosynthesis using chlorophyll","absorbing sunlight through specialized cells","producing energy through chemosynthesis near hydrothermal vents","Mushrooms gain their energy from decomposing dead organisms. Explain why a mushroom is not a plant.",0.1052631578947368,0.1052631578947368,0.0850667997515768,0.0775725094058882,0.0952380952380952,6.60280739641459,0.8823529411764706,0.0,0.0666666666666666,0.0666666666666666,0.0
137,"FewShot_WithAnswer","NEB_Qwen3235BInstruct","Which plant hormone is responsible for promoting stem elongation, breaking seed and bud dormancy, and is often applied exogenously to enhance plant growth?","gibberellins","auxins","cytokinins","abscisic acid","Gibberellins are hormones that cause the plant to grow. When gibberellins are applied to plants by scientists, the stems grow longer. Some gardeners or horticulture scientists add gibberellins to increase the growth of plants. Dwarf plants (small plants), on the other hand, have low levels of gibberellins ( Figure below ). Another function of gibberellins is to stop dormancy (resting time) of seeds and buds. Gibberellins signal that it’s time for a seed to germinate (sprout) or for a bud to open.",0.1153846153846154,0.0666173387526491,0.0562011044158677,0.0521501818415056,0.1290322580645161,4.499482533350665,0.9130434782608696,0.0,0.0434782608695652,0.0434782608695652,0.0
138,"FewShot_WithAnswer","NEB_Qwen3235BInstruct","The ileum, which absorbs a few remaining nutrients and is covered with villi like the jejunum, is the final section of which digestive structure?","small intestine","large intestine","stomach","esophagus","The ileum is the last part of the small intestine. It is covered with villi like the jejunum. A few remaining nutrients are absorbed in the ileum. From the ileum, any remaining food waste passes into the large intestine.",0.2592592592592592,0.1697250257391051,0.103475962036909,0.0815914408307416,0.2758620689655173,6.3730836669704445,0.9166666666666666,0.0,0.3,0.05,0.15
139,"FewShot_WithAnswer","NEB_Qwen3235BInstruct","What fundamental unit can be found when zooming in closely on a leaf, human skin, or a drop of blood, and is the basic building block of all living organisms?","cells","atoms","molecules","tissues","If you zoom in very close on a leaf of a plant, or on the skin on your hand, or a drop of blood, you will find cells, you will find cells ( Figure below ). Cells are the smallest structural and functional unit of all living organisms. Most cells are so small that they are usually visible only through a microscope. Some organisms, like bacteria, plankton that live in the ocean, or the Paramecium, shown in Figure below , are unicellular, made of just one cell. Other organisms have millions, billions, or trillions of cells.",0.2647058823529412,0.1973001156617461,0.1677259435559088,0.1450250426583786,0.368421052631579,5.2296573036158565,0.9333333333333332,0.0,0.1481481481481481,0.1481481481481481,0.1481481481481481
140,"FewShot_WithAnswer","NEB_Qwen3235BInstruct","Clubfoot, a congenital deformity characterized by an inward twist of the foot resembling a golf club head, most commonly affects which part of the body?","lower limb","upper limb","spinal column","cranial region","Appendicular System: Congenital Clubfoot Clubfoot, also known as talipes, is a congenital (present at birth) disorder of unknown cause and is the most common deformity of the lower limb. It affects the foot and ankle, causing the foot to be twisted inward at a sharp angle, like the head of a golf club (Figure 8.21). Clubfoot has a frequency of about 1 out of every 1,000 births, and is twice as likely to occur in a male child as in a female child. In 50 percent of cases, both feet are affected.",0.3928571428571428,0.2051629516620724,0.1159519449211657,0.0879964579636177,0.2926829268292683,9.005746409571753,0.92,0.0,0.1,0.05,0.0
141,"FewShot_WithAnswer","NEB_Qwen3235BInstruct","In the context of cloning, somatic cells are used because they are not specialized reproductive cells; which term specifically refers to reproductive cells such as sperm or egg?","gametes","zygotes","embryos","stem cells","In the case of Dolly, cells from the mammary glands were taken from the adult that was to be cloned. But other somatic cells can be used. Somatic cells come from the body and are not gametes like sperm or egg.",0.2903225806451613,0.1676178200873107,0.0978377313835289,0.0753841914321844,0.3414634146341463,4.184514812479624,0.9285714285714286,0.0,0.1111111111111111,0.074074074074074,0.0
142,"FewShot_WithAnswer","NEB_Qwen3235BInstruct","What pollutants form when nitrogen and oxygen combine at high temperatures in vehicle exhausts, factories, and power plants?","nitrogen oxides","sulfur oxides","carbon monoxide","volatile organic compounds","Nitrogen oxides include nitric oxide (NO) and nitrogen dioxide (NO 2 ). Nitrogen oxides form when nitrogen and oxygen combine at high temperatures. This occurs in hot exhausts from vehicles, factories, and power plants.",0.4761904761904761,0.4259177099999599,0.3989389870590503,0.3762957149383417,0.6428571428571429,2.552729487967435,0.8888888888888888,0.0,0.5,0.4444444444444444,0.4444444444444444
143,"FewShot_WithAnswer","NEB_Qwen3235BInstruct","Which type of graphical representation is particularly effective for comparing the number of vehicles of different types that passed through a checkpoint, as described in the support text?","bar graph","pie chart","line graph","scatter plot","Bar graphs are especially useful for comparing values for different types of things. The bar graph in Figure below shows the number of vehicles of each type that passed the checkpoint.",0.2666666666666666,0.0942809041582063,0.0674243072844593,0.0575205277551974,0.2553191489361702,10.170211584395048,0.9285714285714286,0.0,0.16,0.04,0.0
144,"FewShot_WithAnswer","NEB_Qwen3235BInstruct","Which enzyme is responsible for initially separating the two DNA strands during DNA replication, creating the replication fork?","helicase","topoisomerase","DNA primase","DNA ligase","DNA replication. The two DNA strands are opened by helicase. The strands are held open by a single strand of binding proteins, preventing premature reannealing. Topoisomerase solves the problem caused by tension generated by winding/unwinding of DNA. This enzyme wraps around DNA and makes a cut permitting the helix to spin and relax. Once DNA is relaxed, topoisomerase reconnects broken strands. DNA primase synthesizes a short RNA primer which initiates the Okazaki fragment. Okazaki fragments are attached by DNA ligase.",0.15,0.0866025403784438,0.0733560414910537,0.0684319301050939,0.2727272727272727,3.7223262798016106,0.8888888888888888,0.0,0.1875,0.0625,0.0
145,"FewShot_WithAnswer","NEB_Qwen3235BInstruct","What geological features come together to form continents and supercontinents?","microcontinents","tectonic plates","oceanic ridges","continental shelves","Microcontinents come together to create continents and supercontinents.",0.7272727272727273,0.6298366572977736,0.5413838374377555,0.4333370636412353,0.7777777777777777,3.5671655318426083,0.8,0.0,0.3,0.3,0.1
147,"FewShot_WithAnswer","NEB_Qwen3235BInstruct","Vultures, raccoons, and blowflies are examples of organisms that consume the soft tissues of dead animals. What are these organisms called?","scavengers","predators","herbivores","parasites","Scavengers consume the soft tissues of dead animals. Examples of scavengers include vultures, raccoons, and blowflies.",0.36,0.3174901573277509,0.275892417638112,0.2287721629904277,0.5714285714285715,2.9765648091092487,0.9047619047619048,0.0,0.3,0.35,0.35
148,"FewShot_WithAnswer","NEB_Qwen3235BInstruct","Which entities are classified by climatic factors and types of primary producers, as shown on the world map in the figure?","terrestrial biomes","aquatic ecosystems","atmospheric layers","geological formations","Terrestrial biomes are classified by climatic factors and types of primary producers. The world map in Figure below shows where 13 major terrestrial biomes are found.",0.4782608695652174,0.4560038470305007,0.4397970182388874,0.4242842236486479,0.6666666666666666,12.416846936441772,0.9047619047619048,0.0,0.5263157894736842,0.5263157894736842,0.1578947368421052
149,"FewShot_WithAnswer","NEB_Qwen3235BInstruct","What is the least specific category used in modern biological classification, encompassing all organisms within three major groups: Bacteria, Archaea, and Eukarya?","domains","kingdoms","phyla","classes","Modern taxonomists have reordered many groups of organisms since Linnaeus. The main categories that biologists use are listed here from the most specific to the least specific category ( Figure below ). All organisms can be classified into one of three domains , the least specific grouping. The three domains are Bacteria, Archaea, and Eukarya. The Kingdom is the next category after the Domain. All life is divided among six kingdoms: Kingdom Bacteria, Kingdom Archaea, Kingdom Protista, Kingdom Plantae, Kingdom Fungi, and Kingdom Animalia.",0.1851851851851851,0.117121394821051,0.0808040337263488,0.0677781606334929,0.2857142857142857,3.907530162131736,0.9090909090909092,0.0,0.1904761904761904,0.0952380952380952,0.0952380952380952
150,"FewShot_WithAnswer","NEB_Qwen3235BInstruct","Which artery takes blood to the brain?","carotid","brachial","hepatic","iliac","Arteries, Veins, and Capillaries The blood from the heart is carried through the body by a complex network of blood vessels (Figure 40.15). Arteries take blood away from the heart. The main artery is the aorta that branches into major arteries that take blood to different limbs and organs. These major arteries include the carotid artery that takes blood to the brain, the brachial arteries that take blood to the arms, and the thoracic artery that takes blood to the thorax and then into the hepatic, renal, and gastric arteries for the liver, kidney, and stomach, respectively. The iliac artery takes blood to the lower limbs. The major arteries diverge into minor arteries, and then smaller vessels called arterioles, to reach more deeply into the muscles and organs of the body.",0.875,0.875,0.8690066612216124,0.8599476570625982,0.8333333333333334,11.653907227321668,0.7142857142857143,0.0,0.6666666666666666,0.8333333333333334,0.3333333333333333
151,"FewShot_WithAnswer","NEB_Qwen3235BInstruct","For which element does the Bohr model accurately predict atomic behavior?","hydrogen","helium","lithium","carbon","The Bohr model works only for the hydrogen atom.",0.25,0.1443375672974064,0.1237244007899882,0.11731175160264,0.4705882352941176,11.333438344566538,0.8181818181818182,0.0,0.2,0.2,0.1
152,"FewShot_WithAnswer","NEB_Qwen3235BInstruct","What type of chemical bonds hold adenine and thymine together in the DNA double helix?","hydrogen bonds","ionic bonds","covalent bonds","peptide bonds","The base-pairing nature of DNA. Adenine always pairs with thymine, and they are held together with two hydrogen bonds. The guanine-cytosine base pair is held together with three hydrogen bonds. Note that one sugar-phosphate backbone is in the 5’ → 3’ direction, with the other strand in the opposite 3’ → 5’ orientation. Notice that the 5'-end begins with a free (not attached to the sugar of another nucleotide) phosphate group, while the 3'-end has a free (not attached to the phosphate group of another nucleotide) deoxyribose sugar.",0.375,0.2651650429449553,0.2108581663254373,0.1608647210401904,0.5,2.359385020391832,0.8666666666666667,0.0,0.0714285714285714,0.2142857142857142,0.1428571428571428
153,"FewShot_WithAnswer","NEB_Qwen3235BInstruct","In environments with low supply, which gas can be provided from a tank and is essential for life, making up approximately 20% of the atmosphere?","oxygen","nitrogen","carbon dioxide","helium","Approximately 20% of the atmosphere is oxygen. This gas is essential for life. In environments where oxygen is in low supply, it can be provided from a tank. Since gases are very compressible, a large amount of oxygen can be stored in a relatively small container. When it is released, the volume expands and the pressure decreases. The gas is then available for breathing under normal pressure.",0.2758620689655172,0.218088114494371,0.1894037842356719,0.1657604287965425,0.375,12.709064551631943,0.92,0.0,0.217391304347826,0.1739130434782608,0.0869565217391304
154,"FewShot_WithAnswer","NEB_Qwen3235BInstruct","What type of bonds hold atoms together in molecules when nonmetals form compounds?","covalent bonds","ionic bonds","metallic bonds","van der Waals forces","Compound forms when atoms of nonmetals form molecules that are held together by covalent bonds.",0.5320358741165845,0.2660179370582922,0.1717720446627155,0.1408198229052328,0.5925925925925927,3.3898732522181145,0.8461538461538461,0.0,0.1538461538461538,0.1538461538461538,0.2307692307692307
155,"FewShot_WithAnswer","NEB_Qwen3235BInstruct","What is responsible for the way atoms connect to form compounds, as exemplified by the strong three-dimensional structure in diamond?","chemical bonds","nuclear forces","ionic charges","molecular weight","Diamond is the hardest natural material known on Earth. Yet diamond is just pure carbon. What is special about this element that makes diamond so hard? Bonds. Chemical bonds. In a perfect diamond crystal, each C atom makes four connections—bonds—to four other C atoms in a three-dimensional matrix. Four is the greatest number of bonds that is commonly made by atoms, so C atoms maximize their interactions with other atoms. This three-dimensional array of connections extends throughout the diamond crystal, making it essentially one large molecule. Breaking a diamond means breaking every bond at once. Also, the bonds are moderately strong. There are stronger interactions known, but the carbon-carbon connection is fairly strong itself. Not only does a person have to break many connections at once, but also the bonds are strong connections from the start. There are other substances that have similar bonding arrangements as diamond does. Silicon dioxide and boron nitride have some similarities, but neither of them comes close to the ultimate hardness of diamond. How do atoms make compounds? Typically they join together in such a way that they lose their identities as elements and adopt a new identity as a compound. These joins are called chemical bonds. But how do atoms join together? Ultimately, it all comes down to electrons. Before we discuss how electrons interact, we need to introduce a tool to simply illustrate electrons in an atom.",0.0909090909090909,0.0642824346533224,0.0581641134802574,0.0560059071292871,0.0769230769230769,7.426117763388996,0.9,0.0,0.1111111111111111,0.0555555555555555,0.0555555555555555
156,"FewShot_WithAnswer","NEB_Qwen3235BInstruct","According to the metabolic rate comparison in Figure 33.4, which animal exhibits a significantly higher metabolic rate per unit of body mass?","mouse","elephant","human","horse","Figure 33.4 The mouse has a much higher metabolic rate than the elephant. (credit “mouse”: modification of work by Magnus Kjaergaard; credit “elephant”: modification of work by “TheLizardQueen”/Flickr).",0.25,0.1767766952966369,0.139546000499912,0.1054222728452563,0.2857142857142857,4.466755822323163,0.9090909090909092,0.0,0.15,0.15,0.0
157,"FewShot_WithAnswer","NEB_Qwen3235BInstruct","Which anatomical structure is a cone-shaped bony socket formed by contributions from seven skull bones, containing the eyeball and associated muscles, and featuring the optic canal and superior orbital fissure for neurovascular passage?","orbit","sclera","retina","cornea","The Orbit The orbit is the bony socket that houses the eyeball and contains the muscles that move the eyeball or open the upper eyelid. Each orbit is cone-shaped, with a narrow posterior region that widens toward the large anterior opening. To help protect the eye, the bony margins of the anterior opening are thickened and somewhat constricted. The medial walls of the two orbits are parallel to each other but each lateral wall diverges away from the midline at a 45° angle. This divergence provides greater lateral peripheral vision. The walls of each orbit include contributions from seven skull bones (Figure 7.16). The frontal bone forms the roof and the zygomatic bone forms the lateral wall and lateral floor. The medial floor is primarily formed by the maxilla, with a small contribution from the palatine bone. The ethmoid bone and lacrimal bone make up much of the medial wall and the sphenoid bone forms the posterior orbit. At the posterior apex of the orbit is the opening of the optic canal, which allows for passage of the optic nerve from the retina to the brain. Lateral to this is the elongated and irregularly shaped superior orbital fissure, which provides passage for the artery that supplies the eyeball, sensory nerves, and the nerves that supply the muscles involved in eye movements.",0.25,0.2041241452319315,0.1682390865739974,0.1431712315455507,0.35,17.12562591834013,0.9393939393939394,0.0,0.1666666666666666,0.1333333333333333,0.0
158,"FewShot_WithAnswer","NEB_Qwen3235BInstruct","In the process described, what initial energy source is converted by fruit and vegetable plants into chemical energy stored in glucose during the Calvin Cycle?","sunlight","glucose","NADPH","ATP","They are full of energy. Energy in the form of glucose. Fruit and vegetable plants, like all plants, are autotrophs and producers, producing energy from sunlight. The energy from sunlight is briefly held in NADPH and ATP, which is needed to drive the formation of sugars such as glucose. And this all happens in the Calvin Cycle.",0.1851851851851851,0.0828173324999922,0.0641342040702399,0.0569944123091946,0.1935483870967741,8.487820872871279,0.92,0.0,0.1739130434782608,0.0434782608695652,0.0
159,"FewShot_WithAnswer","NEB_Qwen3235BInstruct","Which molecule, due to its specific glucose unit bonding and lack of branching, cannot be hydrolyzed by human enzymes and thus remains undigested in the human gastrointestinal tract?","cellulose","starch","glycogen","glucose","Starches (a) and cellulose (b) differ in the connection between glucose units and the amount of branching in the molecule. Starches can be coiled or branched, whereas cellulose, the primary structural material of plants, has long, unbranched chains held together by hydrogen bonds. Cellulose is the primary structural material of plants and one of the most abundant organic substances on Earth. Because our enzymes are not able to hydrolyze the bonds between the glucose units in cellulose, we are unable to digest it. A recently marketed product containing a high percentage of cellulose was sold as a dietetic substance for rapid weight loss, but those who consumed it experienced severe intestinal discomfort because the cellulose could not be digested. The product was quickly removed from the market.",0.1875,0.1082531754730548,0.0723058104821222,0.0595798746561634,0.1304347826086956,5.658914789573859,0.9285714285714286,0.0,0.074074074074074,0.037037037037037,0.037037037037037
161,"FewShot_WithAnswer","NEB_Qwen3235BInstruct","Based on Earth's chemical composition, what are the three primary layers from the outside to the inside?","crust, mantle, core","lithosphere, asthenosphere, mesosphere","outer core, inner core, mantle","crust, asthenosphere, core","From outside to inside, Earth is divided into crust, mantle, and core. Each has a different chemical makeup. Earth can also be divided into layers with different properties. The two most important are lithosphere and asthenosphere.",0.15,0.0866025403784438,0.0733560414910537,0.0684319301050939,0.1904761904761904,2.18844360390406,0.8823529411764706,0.0,0.2857142857142857,0.0714285714285714,0.0
162,"FewShot_WithAnswer","NEB_Qwen3235BInstruct","Why is alternating current (AC) preferred over direct current (DC) for use in power distribution systems across long distances?","transporting electrical energy","generating heat efficiently","charging batteries quickly","creating magnetic fields","Alternating Current (AC): Voltage pushes (so current flows) in alternate directions, back and forth. In the US they reverse direction 60 times a second (60 Hz). AC is more convenient than DC for transporting electrical energy. Below is a plot of voltage vs. time for a standard circuit in the USA.",0.125,0.0721687836487032,0.0609523299844024,0.0566418022720049,0.2962962962962963,1.487938429742339,0.8947368421052632,0.0,0.1578947368421052,0.1052631578947368,0.0526315789473684
163,"FewShot_WithAnswer","NEB_Qwen3235BInstruct","What beneficial outcome of sexual reproduction helps a species adapt to environmental change due to processes like crossing over and independent assortment?","genetic variation","rapid reproduction","mutation accumulation","cell differentiation","Asexual reproduction has the advantage of occurring quickly. Sexual reproduction has the advantage of creating genetic variation. This can help a species adapt to environmental change. The genetic variation arises due to crossing over, independent assortment, and the random union of gametes.",0.4347826086956521,0.2749806661015982,0.1509131946955113,0.113107287115462,0.5294117647058824,9.70811923755379,0.9090909090909092,0.0,0.238095238095238,0.0952380952380952,0.0476190476190476
164,"FewShot_WithAnswer","NEB_Qwen3235BInstruct","Which structures are composed of long cylindrical myofibrils that run the entire length of the cell and attach to the sarcolemma at their ends, enabling contraction upon shortening?","skeletal muscle fibers","smooth muscle nuclei","cardiac intercalated discs","connective tissue sheaths","Skeletal Muscle Fiber Structure and Function Each skeletal muscle fiber is a skeletal muscle cell. Within each muscle fiber are myofibrils, long cylindrical structures that lie parallel to the muscle fiber. Myofibrils run the entire length of the muscle fiber. They attach to the plasma membrane, called the sarcolemma, at their ends, so that as myofibrils shorten, the entire muscle cell contracts (Figure 16.18).",0.4333333333333333,0.2943920288775949,0.2286500824003619,0.1891774327398272,0.5853658536585366,6.39442521049493,0.9285714285714286,0.0,0.16,0.16,0.04
165,"FewShot_WithAnswer","NEB_Qwen3235BInstruct","Why can hydrogen atoms form only one covalent bond?","valence electron","core electron","free electron","paired electron","Hydrogen atoms form only one covalent bond because they have only one valence electron to pair.",0.2330097585886556,0.2157251179445273,0.2049281714931794,0.194541727182256,0.4827586206896551,3.6140629008037024,0.7777777777777778,0.0,0.7777777777777778,0.7777777777777778,0.1111111111111111
166,"FewShot_WithAnswer","NEB_Qwen3235BInstruct","Based on the structural features of detergents described in the support text, which of the following ionic groups can serve as the polar end of a detergent molecule, contributing to its solubility in water?","sulfonate","phosphate","carboxylate","hydroxyl","Figure 11.33 Detergents contain a nonpolar hydrocarbon end (blue) and an ionic end (red). The ionic end can be either a sulfate or a sulfonate. The length of the hydrocarbon end can vary from detergent to detergent.",0.1891891891891892,0.1430135843818697,0.1194513637576729,0.0993422111189548,0.2564102564102564,6.869545292282499,0.9411764705882352,0.0,0.0344827586206896,0.1034482758620689,0.0
167,"FewShot_WithAnswer","NEB_Qwen3235BInstruct","What is the term used to describe the inner space of the small intestine where digested food passes through?","lumen","villi","microvilli","duodenum","The inside of the small intestine has many folds, called villi. Microvilli are lined with blood vessels as well as lymphatic vessels. The inside of the small intestine is called the lumen. Figure 34.19 Which of the following statements about digestive processes is true? a. Amylase, maltase and lactase in the mouth digest carbohydrates. Trypsin and lipase in the stomach digest protein. Bile emulsifies lipids in the small intestine. No food is absorbed until the small intestine.",0.1889466210964059,0.1336054370595538,0.1100098786181789,0.0914287793051991,0.1860465116279069,1.8155828023784075,0.8947368421052632,0.0,0.1875,0.1875,0.125
169,"FewShot_WithAnswer","NEB_Qwen3235BInstruct","Whose ancestor may have been similar to the extinct theropod Deinonychus, based on fossil evidence that convinced scientists of a dinosaur origin?","birds","bats","pterosaurs","frogs","Birds are thought to have evolved from theropod dinosaurs around 150 million years ago. Their ancestor may have been similar to the extinct theropod Deinonychus, whose fossils convinced most scientists that birds evolved from dinosaurs. Scientist still don’t know how or why wings and flight evolved, but they continue to search for answers.",0.1666666666666666,0.0833333333333333,0.0670867197530385,0.0608655776057909,0.1621621621621621,4.460692345746803,0.9090909090909092,0.0,0.45,0.05,0.05
170,"FewShot_WithAnswer","NEB_Qwen3235BInstruct","According to the energy trade-off hypothesis discussed in the article, which organ's reduced metabolic demand may have allowed for the evolutionary expansion of the human brain by reallocating energy resources?","brain","liver","heart","skeletal muscle","Compared with the nearest evolutionary relative, the chimpanzee, the human has a brain that is huge. At a point in the past, a common ancestor gave rise to the two species of humans and chimpanzees. That evolutionary history is long and is still an area of intense study. But something happened to increase the size of the human brain relative to the chimpanzee. Read this article (http://openstaxcollege. org/l/hugebrain) in which the author explores the current understanding of why this happened. According to one hypothesis about the expansion of brain size, what tissue might have been sacrificed so energy was available to grow our larger brain? Based on what you know about that tissue and nervous tissue, why would there be a trade-off between them in terms of energy use?",0.2424242424242424,0.1212121212121212,0.0771461116615074,0.062036188607743,0.1395348837209302,4.800954510439393,0.9333333333333332,0.0,0.1153846153846153,0.0384615384615384,0.0
171,"FewShot_WithAnswer","NEB_Qwen3235BInstruct","Which protein, depicted as a complex three-dimensional structure of tangled ribbons, is responsible for transporting oxygen in red blood cells?","hemoglobin","insulin","collagen","keratin","What do you see when you look at this picture? Is it just a mass of tangled ribbons? Look closely. It’s actually a complex pattern of three-dimensional shapes. It represents the structure of a common chemical found inside living cells. The chemical is a protein called hemoglobin. It is the protein in red blood cells which transports oxygen around the body.",0.3478260869565218,0.2459501847605382,0.2020525302626818,0.1674175165138505,0.5161290322580646,7.927375613053073,0.9,0.0,0.2105263157894736,0.2105263157894736,0.0
172,"FewShot_WithAnswer","NEB_Qwen3235BInstruct","Which term, although not mentioned in Mendel's genetic experiments, is a physical property used in science to compare the density of a substance to that of water and is commonly applied in fields like geology and brewing?","specific gravity","genetic ratio","phenotypic weight","allele density","CHAPTER SUMMARY 12.1 Mendel’s Experiments and the Laws of Probability Working with garden pea plants, Mendel found that crosses between parents that differed by one trait produced F1 offspring that all expressed the traits of one parent. Observable traits are referred to as dominant, and non-expressed traits are described as recessive. When the offspring in Mendel’s experiment were self-crossed, the F2 offspring exhibited the dominant trait or the recessive trait in a 3:1 ratio, confirming that the recessive trait had been transmitted faithfully from the original P0 parent. Reciprocal crosses generated identical F1 and F2 offspring ratios. By examining sample sizes, Mendel showed that his crosses behaved reproducibly according to the laws of probability, and that the traits were inherited as independent events. Two rules in probability can be used to find the expected proportions of offspring of different traits from different crosses. To find the probability of two or more independent events occurring together, apply the product rule and multiply the probabilities of the individual events. The use of the word “and” suggests the appropriate application of the product rule. To find the probability of two or more events occurring in combination, apply the sum rule and add their individual probabilities together. The use of the word “or” suggests the appropriate application of the sum rule.",0.1707317073170731,0.0645305197820631,0.0470424694720803,0.0404204767913698,0.1515151515151515,9.595267865189966,0.945945945945946,0.0,0.0294117647058823,0.0294117647058823,0.0294117647058823
174,"FewShot_WithAnswer","NEB_Qwen3235BInstruct","What term describes organs like the liver, gall bladder, and pancreas, which secrete or store substances needed for digestion but do not have food pass through them?","accessory organs","primary organs","digestive ducts","absorptive tissues","Other organs involved in digestion include the liver, gall bladder, and pancreas. They are called accessory organs because food does not pass through them. Instead, they secrete or store substances needed for digestion.",0.2903225806451613,0.2560404494578636,0.2358028514384664,0.2180493472796521,0.45,3.859718151022472,0.925925925925926,0.0,0.2692307692307692,0.2692307692307692,0.0769230769230769
175,"FewShot_WithAnswer","NEB_Qwen3235BInstruct","At a synapse, what molecules are released to carry a nerve impulse from one neuron to the next?","neurotransmitters","hormones","ions","enzymes","Laura Guerin. At a synapse, neurotransmitters are released to carry a nerve impulse from one neuron to the next . CC BY-NC 3.0.",0.95,0.9246621004453464,0.896280949311433,0.8650615454144222,0.9333333333333332,3.109182150118965,0.8888888888888888,0.0,0.7333333333333333,0.7333333333333333,0.1333333333333333
177,"FewShot_WithAnswer","NEB_Qwen3235BInstruct","Based on the principle that the net effect of multiple forces acting on an object is determined by accounting for resistance, what quantity is obtained by subtracting the frictional force from the applied force?","net force","normal force","tension force","gravitational force","The net force is found by subtracting the frictional force from the applied force.",0.3333333333333333,0.2545875386086578,0.2231443166940565,0.2010537345406002,0.3333333333333333,3.003912554120746,0.9411764705882352,0.0,0.2413793103448276,0.1724137931034483,0.0
179,"FewShot_WithAnswer","NEB_Qwen3235BInstruct","For skyscrapers and other large structures built on soft ground, what geological layer must they be anchored to, even if it lies hundreds of meters below the surface?","bedrock","soil layer","water table","sediment plain","Skyscrapers and other large structures built on soft ground must be anchored to bedrock. Sometimes the bedrock lies hundreds of meters below the ground surface.",0.5806451612903226,0.4740947889257764,0.3913509255341159,0.3337052867569055,0.711111111111111,3.410307517450434,0.9285714285714286,0.0,0.3333333333333333,0.3333333333333333,0.0
180,"FewShot_WithAnswer","NEB_Qwen3235BInstruct","When your body temperature is decreasing, what property of the blood vessels is reduced to conserve heat?","diameter","length","number","thickness","The cardiovascular system also plays a role in maintaining body temperature. It helps to keep you warm by moving warm blood around your body. Your blood vessels also control your body temperature to keep you from getting too hot or too cold. When your brain senses that your body temperature is increasing, it sends messages to the blood vessels in the skin to increase in diameter. Increasing the diameter of the blood vessels increases the amount of blood and heat that moves near the skin's surface. The heat is then released from the skin. This helps you cool down. What do you think your blood vessels do when your body temperature is decreasing?.",0.4369426264866423,0.3337204433713092,0.2577408718676018,0.1932110367940608,0.4736842105263157,11.82570886529268,0.8823529411764706,0.0,0.375,0.25,0.125
181,"FewShot_WithAnswer","NEB_Qwen3235BInstruct","The processes that include ingestion, propulsion, mechanical digestion, chemical digestion, absorption, and defecation are collectively known as __________","digestion","metabolism","respiration","circulation","Digestive Processes The processes of digestion include six activities: ingestion, propulsion, mechanical or physical digestion, chemical digestion, absorption, and defecation. The first of these processes, ingestion, refers to the entry of food into the alimentary canal through the mouth. There, the food is chewed and mixed with saliva, which contains enzymes that begin breaking down the carbohydrates in the food plus some lipid digestion via lingual lipase. Chewing increases the surface area of the food and allows an appropriately sized bolus to be produced. Food leaves the mouth when the tongue and pharyngeal muscles propel it into the esophagus. This act of swallowing, the last voluntary act until defecation, is an example of propulsion, which refers to the movement of food through the digestive tract. It includes both the voluntary process of swallowing and the involuntary process of peristalsis. Peristalsis consists of sequential, alternating waves of contraction and relaxation of alimentary wall smooth muscles, which act to propel food along (Figure 23.5). These waves also play a role in mixing food with digestive juices. Peristalsis is so powerful that foods and liquids you swallow enter your stomach even if you are standing on your head.",0.1739130434782608,0.0869565217391304,0.0700476999343516,0.0636049017251942,0.2941176470588235,2.660883470216146,0.8888888888888888,0.0,0.375,0.0625,0.125
182,"FewShot_WithAnswer","NEB_Qwen3235BInstruct","Which jawless fish lacks scales, has fins and a partial backbone, and uses a tooth-lined sucker around its mouth to feed on the blood of other fish?","lamprey","shark","sturgeon","eel","Lampreys lack scales but have fins and a partial backbone. Their mouth is surrounded by a large round sucker with teeth. They use the sucker to suck the blood of other fish. lampreys.",0.4,0.282842712474619,0.239821067139974,0.2106885762490399,0.5,11.759931013427956,0.925925925925926,0.0,0.1666666666666666,0.1666666666666666,0.125
183,"FewShot_WithAnswer","NEB_Qwen3235BInstruct","When the form of a substance changes but its chemical composition remains the same, what type of change has occurred?","physical","chemical","nuclear","biological","Any time the physical properties of a substance are changed, we can say the substance has undergone a physical change . All substances undergo physical changes where there is a change in the form of the substance but not in its chemical composition. For instance, the grinding of granular sugar into powdered sugar is a physical change. Similarly, dissolving sugar in water is a physical change. We can also use physical changes to separate mixtures into their components. There are a variety of methods used, and the best procedure depends largely on the nature of the mixture. Depending on the states of matter involved, the relative sizes of the mixtures components, and whether the mixture is homogeneous or heterogeneous will determine the necessary separation technique.",0.3636363636363636,0.2874797872880344,0.2277048057411337,0.1558732707602337,0.4666666666666667,2.0130511160897884,0.9,0.0,0.1764705882352941,0.2352941176470588,0.1176470588235294
184,"FewShot_WithAnswer","NEB_Qwen3235BInstruct","Digestive enzymes, such as proteases and nucleases, are released by the organs of which system?","digestive system","endocrine system","nervous system","circulatory system","Digestive enzymes are released, or secreted, by the organs of the digestive system. These enzymes include proteases that digest proteins, and nucleases that digest nucleic acids. Examples of digestive enzymes are:.",0.7222222222222222,0.5665577237325317,0.4227008615537803,0.3449651062777743,0.6923076923076924,4.90642248569409,0.8666666666666667,0.0,0.2142857142857142,0.2857142857142857,0.2142857142857142
186,"FewShot_WithAnswer","NEB_Qwen3235BInstruct","In the jellyfish, where is the mouth opening located?","underside","topside","edge","center","In the jellyfish, a mouth opening is present on the underside of the animal, surrounded by tentacles bearing nematocysts. Scyphozoans live most of their life cycle as free-swimming, solitary carnivores. The mouth leads to the gastrovascular cavity, which may be sectioned into four interconnected sacs, called diverticuli. In some species, the digestive system may be further branched into radial canals. Like the septa in anthozoans, the branched gastrovascular cells serve two functions: to increase the surface area for nutrient absorption and diffusion; thus, more cells are in direct contact with the nutrients in the gastrovascular cavity. In scyphozoans, nerve cells are scattered all over the body. Neurons may even be present in clusters called rhopalia. These animals possess a ring of muscles lining the dome of the body, which provides the contractile force required to swim through water. Scyphozoans are dioecious animals, that is, the sexes are separate. The gonads are formed from the gastrodermis and gametes are expelled through the mouth. Planula larvae are formed by external fertilization; they settle on a substratum in a polypoid form known as scyphistoma. These forms may produce additional polyps by budding or may transform into the medusoid form. The life cycle (Figure 28.10) of these animals can be described as polymorphic, because they exhibit both a medusal and polypoid body plan at some point in their life cycle.",0.6363636363636364,0.5891582453098054,0.5577993126965417,0.5270027137504644,0.8571428571428571,2.4785857635090265,0.7777777777777778,0.0,0.2857142857142857,0.5714285714285714,0.1428571428571428
187,"FewShot_WithAnswer","NEB_Qwen3235BInstruct","In cellular signaling pathways, what term describes the intracellular molecules that relay and amplify signals from receptors to target proteins within the cytoplasm, such as calcium ions and cyclic AMP?","second","primary","tertiary","initial","Second messengers are small molecules that propagate a signal after it has been initiated by the binding of the signaling molecule to the receptor. These molecules help to spread a signal through the cytoplasm by altering the behavior of certain cellular proteins. Calcium ion is a widely used second messenger. The free concentration of calcium ions (Ca2+) within a cell is very low because ion pumps in the plasma membrane continuously use adenosine-5'-triphosphate (ATP) to remove it. For signaling purposes, Ca2+ is stored in cytoplasmic vesicles, such as the endoplasmic reticulum, or accessed from outside the cell. When signaling occurs, ligand-gated calcium ion channels allow the higher levels of Ca2+ that are present outside the cell (or in intracellular storage compartments) to flow into the cytoplasm, which raises the concentration of cytoplasmic Ca2+. The response to the increase in Ca2+ varies, depending on the cell type involved. For example, in the β-cells of the pancreas, Ca2+ signaling leads to the release of insulin, and in muscle cells, an increase in Ca 2+ leads to muscle contractions. Another second messenger utilized in many different cell types is cyclic AMP (cAMP). Cyclic AMP is synthesized by the enzyme adenylyl cyclase from ATP (Figure 9.12). The main role of cAMP in cells is to bind to and activate an enzyme called cAMP-dependent kinase (A-kinase). A-kinase regulates many vital metabolic pathways: It phosphorylates serine and threonine residues of its target proteins, activating them in the process. A-kinase is found in many different types of cells, and the target proteins in each kind of cell are different. Differences give rise to the variation of the responses to cAMP in different cells.",0.0606060606060606,0.0428549564355483,0.0385730558307537,0.0368869384399893,0.1081081081081081,4.29602834081326,0.9333333333333332,0.0,0.0714285714285714,0.0357142857142857,0.0
189,"FewShot_WithAnswer","NEB_Qwen3235BInstruct","What unit do astronomers use to measure the vast distances in space, defined as the distance light travels in one year?","light years","astronomical units","parsecs","kilometers","Astronomers use light years as the unit to describe distances in space. Remember that a light year is the distance light travels in one year.",0.4347826086956521,0.3888813873912677,0.3455049667143514,0.2977151224964316,0.6206896551724138,5.587404642259636,0.9047619047619048,0.0,0.3157894736842105,0.3157894736842105,0.0
190,"FewShot_WithAnswer","NEB_Qwen3235BInstruct","What is the process by which water moves across a semi-permeable membrane from regions of higher concentration to regions of lower concentration, based on the osmotic gradient?","osmosis","diffusion","active transport","facilitated diffusion","In the body, water moves through semi-permeable membranes of cells and from one compartment of the body to another by a process called osmosis. Osmosis is basically the diffusion of water from regions of higher concentration to regions of lower concentration, along an osmotic gradient across a semi-permeable membrane. As a result, water will move into and out of cells and tissues, depending on the relative concentrations of the water and solutes found there.",0.4827586206896552,0.3649312153192538,0.3217021858960581,0.2932833311656679,0.5365853658536585,1.7961726102614282,0.925925925925926,0.0,0.4166666666666667,0.2916666666666667,0.0416666666666666
192,"FewShot_WithAnswer","NEB_Qwen3235BInstruct","What cells, known for their specialized three-dimensional shape, are responsible for transmitting electrical signals that communicate sensory information, induce movements, and enable thought processes in the brain?","neurons","enzymes","hormones","synapses","Neurons Neurons are the cells considered to be the basis of nervous tissue. They are responsible for the electrical signals that communicate information about sensations, and that produce movements in response to those stimuli, along with inducing thought processes within the brain. An important part of the function of neurons is in their structure, or shape. The threedimensional shape of these cells makes the immense numbers of connections within the nervous system possible.",0.15625,0.0988211768802618,0.0680423727611205,0.056925161800671,0.1818181818181818,4.66307451302029,0.925925925925926,0.0,0.1538461538461538,0.0769230769230769,0.0384615384615384
193,"FewShot_WithAnswer","NEB_Qwen3235BInstruct","Which allotrope of carbon, known for its unique cage-like or spherical molecular structures, is one of the three crystalline forms of pure carbon?","fullerenes","ligands","vesicles","carbonite","Pure carbon can exist in different forms, depending on how its atoms are arranged. The forms include diamond, graphite, and fullerenes. All three forms exist as crystals, but they have different structures. Their different structures, in turn, give them different properties. You can learn more about them in Table below.",0.2590723461747231,0.0979201427931933,0.0717298866497353,0.0620220889492405,0.1860465116279069,6.727298867143307,0.9130434782608696,0.0,0.0909090909090909,0.0909090909090909,0.0909090909090909
194,"FewShot_WithAnswer","NEB_Qwen3235BInstruct","Which structure is filled with lubricating serous fluid that reduces friction as the heart contracts, and is located between the epicardium and the pericardium?","pericardial cavity","myocardium","endocardium","mediastinum","and is part of the heart wall. The pericardial cavity, filled with lubricating serous fluid, lies between the epicardium and the pericardium. In most organs within the body, visceral serous membranes such as the epicardium are microscopic. However, in the case of the heart, it is not a microscopic layer but rather a macroscopic layer, consisting of a simple squamous epithelium called a mesothelium, reinforced with loose, irregular, or areolar connective tissue that attaches to the pericardium. This mesothelium secretes the lubricating serous fluid that fills the pericardial cavity and reduces friction as the heart contracts. Figure 19.5 illustrates the pericardial membrane and the layers of the heart.",0.5384615384615384,0.4772951402304175,0.4344690475642215,0.3932700115978559,0.6060606060606061,5.119562767289494,0.9166666666666666,0.0,0.238095238095238,0.238095238095238,0.0476190476190476
195,"FewShot_WithAnswer","NEB_Qwen3235BInstruct","Which part of the male reproductive system is most commonly affected by disorders such as injuries and cancer?","the testes","the prostate","the epididymis","the urethra","Most common disorders of the male reproductive system involve the testes. They include injuries and cancer.",0.5263157894736842,0.4403473823863555,0.401319129112806,0.3713194227118322,0.5517241379310345,4.226818752648352,0.8888888888888888,0.0,0.2352941176470588,0.3529411764705882,0.1176470588235294
196,"FewShot_WithAnswer","NEB_Qwen3235BInstruct","Layer upon layer of what creates a volcano when magma erupts onto the surface?","lava","ash","gas","rock","Magma beneath a volcano erupts onto the volcano’s surface. Layer upon layer of lava creates a volcano.",0.3333333333333333,0.2581988897471611,0.1682390865739974,0.1383436845641094,0.3529411764705882,6.652976536128678,0.8571428571428571,0.0,0.3333333333333333,0.1666666666666666,0.1666666666666666
197,"FewShot_WithAnswer","NEB_Qwen3235BInstruct","In amphibians, reptiles, birds, and mammals, which circuit directs blood flow specifically to the lungs and back to the heart?","pulmonary circulation","systemic circulation","pulmocutaneous circulation","coronary circulation","In amphibians, reptiles, birds, and mammals, blood flow is directed in two circuits: one through the lungs and back to the heart, which is called pulmonary circulation, and the other throughout the rest of the body and its organs including the brain (systemic circulation). In amphibians, gas exchange also occurs through the skin during pulmonary circulation and is referred to as pulmocutaneous circulation.",0.6099651911419003,0.5647180341207775,0.5130999329982352,0.4756322153423516,0.6666666666666666,5.795546937597309,0.9,0.0,0.3333333333333333,0.3333333333333333,0.0555555555555555
199,"FewShot_WithAnswer","NEB_Qwen3235BInstruct","In a microbiology lab, which technique is essential to prevent contamination of the sample, environment, and researcher when handling microorganisms?","aseptic","antiseptic","antibiotic","autoclave","In the microbiology lab, aseptic technique refers to the procedures that are carried out under sterile conditions. Scientists who study microbes are called microbiologists. Microbiologists must carry out their lab work using the aseptic technique to prevent microbial contamination of themselves, contamination of the environment they are working in, including work surfaces or equipment, and contamination of the sample they are working on. Bacteria live on just about every surface on Earth, so if a scientist wants to grow a particular type of bacterium in the lab, he or she needs to be able to sterilize their equipment to prevent contamination by other bacteria or microorganisms. The aseptic technique is also used in medicine, where it is important to keep the human body free of contamination.",0.3333333333333333,0.2041241452319315,0.1535902471749743,0.1132836045440099,0.303030303030303,9.214731922041109,0.9,0.0,0.1666666666666666,0.1666666666666666,0.0
200,"FewShot_WithAnswer","NEB_Qwen3235BInstruct","In the described corrosion protection system, where a magnesium rod is connected to an underground steel pipeline, the electrochemical process that occurs due to the potential difference between magnesium and iron, with the soil acting as a salt bridge, is best characterized as a:","galvanic cell","electrolytic cell","capacitor","concentration cell","Connecting a magnesium rod to an underground steel pipeline protects the pipeline from corrosion. Because magnesium (E° = −2.37 V) is much more easily oxidized than iron (E° = −0.45 V), the Mg rod acts as the anode in a galvanic cell. The pipeline is therefore forced to act as the cathode at which oxygen is reduced. The soil between the anode and the cathode acts as a salt bridge that completes the electrical circuit and maintains electrical neutrality. As Mg(s) is oxidized to Mg2+ at the anode, anions in the soil, such as nitrate, diffuse toward the anode to neutralize the positive charge. Simultaneously, cations in the soil, such as H+ or NH4+, diffuse toward the cathode, where they replenish the protons that are consumed as oxygen is reduced. A similar strategy uses many miles of somewhat less reactive zinc wire to protect the Alaska oil pipeline.",0.3673469387755101,0.2448979591836734,0.1841759984841854,0.1413125144002674,0.3478260869565217,10.242079829491429,0.9545454545454546,0.0,0.1111111111111111,0.1111111111111111,0.0
201,"FewShot_WithAnswer","NEB_Qwen3235BInstruct","In which organelle does the majority of ATP synthesis occur due to the presence of ATP synthase embedded in the inner membrane and the high surface area provided by cristae?","mitochondria","nuclei","ribosomes","lysosomes","As the Figure below (a) and (b) shows, a mitochondrion has two phospholipids membranes. The smooth outer membrane separates the mitochondrion from the cytosol. The inner membrane has many folds, called cristae. These cristae greatly increase the membrane surface area for integral proteins. Many proteins involved in cellular respiration are embedded in this inner membrane. The greater surface area allows more proteins to be located there, resulting in more cellular respiration reactions, and more ATP synthesis. ATP is produced by the enzyme ATP synthase, which is a membrane protein of the mitochondria inner membrane. The fluid-filled inside of the mitochondrian, called matrix, is where most of the cell’s ATP is made.",0.1935483870967742,0.079015798154296,0.0592609854843299,0.0517579602273393,0.1428571428571428,4.515998952340487,0.9333333333333332,0.0,0.0769230769230769,0.0384615384615384,0.0384615384615384
202,"FewShot_WithAnswer","NEB_Qwen3235BInstruct","What does the fungal cell wall protect the cell from, according to the support text?","desiccation and predators","ultraviolet radiation and heat","osmotic pressure and toxins","viral infection and mutations","Like plant cells, fungal cells are surrounded by a thick cell wall; however, the rigid layers contain the complex polysaccharides chitin and glucan and not cellulose that is used by plants. Chitin, also found in the exoskeleton of insects, gives structural strength to the cell walls of fungi. The cell wall protects the cell from desiccation and predators. Fungi have plasma membranes similar to other eukaryotes, except that the structure is stabilized by ergosterol, a steroid molecule that functions like the cholesterol found in animal cell membranes. Most members of the kingdom Fungi are nonmotile. Flagella are produced only by the gametes in the primitive division Chytridiomycota. Growth and Reproduction The vegetative body of a fungus is called a thallus and can be unicellular or multicellular. Some fungi are dimorphic because they can go from being unicellular to multicellular depending on environmental conditions. Unicellular fungi are generally referred to as yeasts. Saccharomyces cerevisiae (baker’s yeast) and Candida species (the agents of thrush, a common fungal infection) are examples of unicellular fungi. Most fungi are multicellular organisms. They display two distinct morphological stages: vegetative and reproductive. The vegetative stage is characterized by a tangle of slender thread-like structures called hyphae (singular, hypha), whereas the reproductive stage can be more conspicuous. A mass of hyphae is called a mycelium (Figure 13.22). It can grow on a surface, in soil or decaying material, in a liquid, or even in or on living tissue. Although individual hypha must be observed under a microscope, the mycelium of a fungus can be very large with some species truly being “the fungus humongous. ” The giant Armillaria ostoyae (honey mushroom) is considered the largest organism on Earth, spreading across over 2,000 acres of underground soil in eastern Oregon; it is estimated to be at least 2,400 years old.",0.290395757875959,0.2053408096218974,0.1375413388247129,0.096197086338786,0.3636363636363636,16.312254070158907,0.8666666666666667,0.0,0.1666666666666666,0.1666666666666666,0.0833333333333333
203,"FewShot_WithAnswer","NEB_Qwen3235BInstruct","What natural force is responsible for picking up and carrying dust over long distances, as illustrated by the dust storm in Arizona?","wind","rainfall","lightning","volcanoes","Wind is only air moving over Earth’s surface, but it can cause a lot of erosion. Look at Figure below . It will give you an idea of just how much erosion wind can cause. The dust storm in the photo occurred in Arizona. All that dust in the air was picked up and carried by the wind. The wind may carry the dust for hundreds of kilometers before depositing it.",0.25,0.1020620726159657,0.0767951235874871,0.0673588342684456,0.2666666666666666,3.8273147344063903,0.9090909090909092,0.0,0.1428571428571428,0.0476190476190476,0.0476190476190476
204,"FewShot_WithAnswer","NEB_Qwen3235BInstruct","Each of these organs is enclosed within a cavity surrounded by the pleura, which consists of visceral and parietal layers that form the pleural cavity. What are these organs?","lungs","liver","kidneys","heart","Pleura of the Lungs Each lung is enclosed within a cavity that is surrounded by the pleura. The pleura (plural = pleurae) is a serous membrane that surrounds the lung. The right and left pleurae, which enclose the right and left lungs, respectively, are separated by the mediastinum. The pleurae consist of two layers. The visceral pleura is the layer that is superficial to the lungs, and extends into and lines the lung fissures (Figure 22.14). In contrast, the parietal pleura is the outer layer that connects to the thoracic wall, the mediastinum, and the diaphragm. The visceral and parietal pleurae connect to each other at the hilum. The pleural cavity is the space between the visceral and parietal layers.",0.40625,0.3736956482219187,0.3435360349793966,0.3224567015183398,0.5789473684210527,1.6354769076951066,0.9310344827586208,0.0,0.1538461538461538,0.3076923076923077,0.0769230769230769
205,"FewShot_WithAnswer","NEB_Qwen3235BInstruct","Which group of extinct vertebrates, known from fossilized skeletal remains, dominated terrestrial ecosystems for approximately 150 million years before going extinct at the end of the Cretaceous period?","dinosaurs","mammals","amphibians","reptiles","Introduction Vertebrates are among the most recognizable organisms of the animal kingdom. More than 62,000 vertebrate species have been identified. The vertebrate species now living represent only a small portion of the vertebrates that have existed. The best-known extinct vertebrates are the dinosaurs, a unique group of reptiles, which reached sizes not seen before or after in terrestrial animals. They were the dominant terrestrial animals for 150 million years, until they died out in a mass extinction near the end of the Cretaceous period. Although it is not known with certainty what caused their extinction, a great deal is known about the anatomy of the dinosaurs, given the preservation of skeletal elements in the fossil record. Currently, a number of vertebrate species face extinction primarily due to habitat loss and pollution. According to the International Union for the Conservation of Nature, more than 6,000 vertebrate species are classified as threatened. Amphibians and mammals are the classes with the greatest percentage of threatened species, with 29 percent of all amphibians and 21 percent of all mammals classified as threatened. Attempts are being made around the world to prevent the extinction of threatened species. For example, the Biodiversity Action Plan is an international program, ratified by 188 countries, which is designed to protect species and habitats.",0.1290322580645161,0.0912395846692319,0.0652251542556859,0.0556175477928176,0.1290322580645161,2.610011841409026,0.9285714285714286,0.0,0.1538461538461538,0.0769230769230769,0.0
206,"FewShot_WithAnswer","NEB_Qwen3235BInstruct","What do centrioles help organize before cell division to ensure each daughter cell has the correct number after division?","chromosomes","ribosomes","lysosomes","vacuoles","Centrioles are organelles involved in cell division. They help organize the chromosomes before cell division so that each daughter cell has the correct number of chromosomes after the cell divides. Centrioles are found only in animal cells and are located near the nucleus (see Figure above ).",0.65,0.570087712549569,0.4928815936584144,0.4270525552756614,0.7428571428571428,6.710231662186565,0.8947368421052632,0.0,0.3333333333333333,0.3333333333333333,0.0555555555555555
207,"FewShot_WithAnswer","NEB_Qwen3235BInstruct","Which type of mammal has an embryo that is more fragile and less likely to survive compared to the fetus of a placental mammal, despite lower risk for the mother during development?","marsupial","placental","reptilian","avian","Marsupial development is less risky for the mother. However, the embryo is fragile, so it may be less likely to survive than the fetus of a placental mammal.",0.2058823529411764,0.1347816380869364,0.1032585063953962,0.0765873220971381,0.2857142857142857,2.6564389036716034,0.9375,0.0,0.1428571428571428,0.0714285714285714,0.1071428571428571
208,"FewShot_WithAnswer","NEB_Qwen3235BInstruct","According to the text, what does decay in chemistry refer to?","changes in nuclei","loss of electrons","molecular breakdown","chemical bonding","You probably associate the term decay with images like the one above. But when it comes to atoms, decay has a different meaning. Decay in chemistry refers to changes in the nuclei of certain atoms.",0.6410499775216034,0.4778104422376724,0.4130420336270156,0.3652380480980592,0.7272727272727272,7.030687393443331,0.8181818181818182,0.0,0.3,0.5,0.1
209,"FewShot_WithAnswer","NEB_Qwen3235BInstruct","What happens to the rate of a chemical reaction when the temperature of the reactants is increased?","it increases it","it stays the same","it becomes unpredictable","it slows it down","When the temperature of reactants is higher, the rate of the reaction is faster. At higher temperatures, particles of reactants have more energy, so they move faster. As a result, they are more likely to bump into one another and to collide with greater force. For example, food spoils because of chemical reactions, and these reactions occur faster at higher temperatures (see the bread on the left in the Figure below ). This is why we store foods in the refrigerator or freezer (like the bread on the right in the Figure below ). The lower temperature slows the rate of spoilage.",0.5,0.372677996249965,0.290478022246353,0.1978358364726215,0.4999999999999999,2.061087015353152,0.8823529411764706,0.0,0.3846153846153846,0.2307692307692307,0.1538461538461538
210,"FewShot_WithAnswer","NEB_Qwen3235BInstruct","What type of eclipse occurs when the Moon moves through Earth's shadow, either fully or partially, and can last for hours due to the size of Earth's shadow?","lunar","solar","terrestrial","celestial","Sometimes a full moon moves through Earth's shadow. This is a lunar eclipse (Figure below). During a total lunar eclipse, the Moon travels completely in Earth’s umbra. During a partial lunar eclipse, only a portion of the Moon enters Earth’s umbra. When the Moon passes through Earth’s penumbra, it is a penumbral eclipse. Since Earth’s shadow is large, a lunar eclipse lasts for hours. Anyone with a view of the Moon can see a lunar eclipse.",0.303030303030303,0.2535333413739623,0.2002903648915619,0.1508905768285878,0.5263157894736842,2.124305467330134,0.9285714285714286,0.0,0.1923076923076923,0.1923076923076923,0.0
211,"FewShot_WithAnswer","NEB_Qwen3235BInstruct","Dynamite stores energy in the bonds of its molecules, which is released during an explosion. What type of potential energy does dynamite primarily contain?","chemical","mechanical","thermal","electrical","Dynamite is another example of chemical potential energy. The major component of dynamite is nitroglycerin, a very unstable material. By mixing it with diatomaceous earth, the stability is increased and it is less likely to explode if it receives a physical shock. When ignited, the nitroglycerin explodes rapidly, releasing large amounts of nitrogen and other gases along with a massive amount of heat.",0.3333333333333333,0.2222222222222222,0.1786107632790414,0.1461178309014507,0.5161290322580644,4.83303377594397,0.9166666666666666,0.0,0.0909090909090909,0.2272727272727272,0.0454545454545454
212,"FewShot_WithAnswer","NEB_Qwen3235BInstruct","Atoms of the same element have identical numbers of which subatomic particles, allowing them to maintain the same chemical properties despite differing numbers of neutrons?","protons and electrons","neutrons and protons","electrons and neutrons","ions and isotopes","All the atoms of a given element have the same number of protons and electrons, but they may vary in their numbers of neutrons. Atoms of the same element that differ in their numbers of neutrons are called isotopes.",0.2592592592592592,0.1697250257391051,0.103475962036909,0.0815914408307416,0.3125,6.421730861541062,0.92,0.0,0.1739130434782608,0.0869565217391304,0.1304347826086956
213,"FewShot_WithAnswer","NEB_Qwen3235BInstruct","What are the units that control the characteristics of life, are passed from parents to offspring, and are located on chromosomes found in every cell?","genes","cells","proteins","enzymes","Characteristics of life are controlled by genes, which are passed from parents to offspring, and are located on chromosomes, like the one shown here, that are found in every cell. The gene theory is one of the unifying principles of biology.",0.5714285714285714,0.4738035414793428,0.3875344306856048,0.3076127846015073,0.7692307692307693,4.463883490699644,0.92,0.0,0.4782608695652174,0.2608695652173913,0.217391304347826
214,"FewShot_WithAnswer","NEB_Qwen3235BInstruct","The lattice energy is usually the most important energy factor in determining the stability of what?","ionic compound","covalent bond","metallic lattice","molecular orbital","The lattice energy is usually the most important energy factor in determining the stability of an ionic compound.",1.0,1.0,1.0,1.0,1.0,8.334398673640159,0.875,0.0,0.9230769230769232,1.0,0.1538461538461538
215,"FewShot_WithAnswer","NEB_Qwen3235BInstruct","What helps to hold the soil in place and protect it from being carried away by wind or running water?","plants","rocks","insects","fungi","People remove a lot of vegetation. They log forests or prepare the land for farming or construction. Even just walking or riding your bike over the same place can kill the grass. But plants help to hold the soil in place ( Figure below ). Without plants to protect it, soil may be carried away by wind or running water. In many areas, soil is eroding faster than it is forming. In these locations, soil is a non-renewable resource.",0.3809523809523809,0.2332847374079217,0.1758966428997936,0.1300932498258836,0.4516129032258065,3.223172260995427,0.9,0.0,0.3684210526315789,0.2105263157894736,0.1578947368421052
217,"FewShot_WithAnswer","NEB_Qwen3235BInstruct","Which planet is named after the Roman goddess of love and is most similar to Earth in size?","venus","mars","jupiter","neptune","Named after the Roman goddess of love, Venus is the only planet named after a female. Venus is sometimes called Earth’s “sister planet.” But just how similar is Venus to Earth? Venus is our nearest neighbor. Venus is most like Earth in size.",0.5263157894736842,0.4707511531578504,0.419585537343982,0.3630932288821033,0.6923076923076924,5.941161055773637,0.8888888888888888,0.0,0.3529411764705882,0.5294117647058824,0.0588235294117647
218,"FewShot_WithAnswer","NEB_Qwen3235BInstruct","Based on the observation of extreme gravitational effects on nearby objects and the detection of radiation leaking from their vicinity, astronomers infer the presence of what extraordinarily dense celestial entities that result from the collapse of massive stellar cores?","black holes","neutron stars","white dwarfs","pulsars","If the core remaining after a supernova is more than about 5 times the mass of the Sun, the core collapses to become a black hole. Black holes are so dense that not even light can escape their gravity. For that reason, we can't see black holes. How can we know something exists if radiation can't escape it? We know a black hole is there by the effect that it has on objects around it. Also, some radiation leaks out around its edges. A black hole isn't a hole at all. It is the tremendously dense core of a supermassive star.",0.1463414634146341,0.0597436522630043,0.0446863121816576,0.0388923991867632,0.1632653061224489,10.00342698181215,0.9487179487179488,0.0,0.0285714285714285,0.0285714285714285,0.0
219,"FewShot_WithAnswer","NEB_Qwen3235BInstruct","Which class of organic compounds contains only carbon and hydrogen?","hydrocarbons","carbohydrates","halocarbons","polymers","Summary Covalent inorganic compounds are named by a procedure similar to that used for ionic compounds, using prefixes to indicate the numbers of atoms in the molecular formula. The simplest organic compounds are the hydrocarbons, which contain only carbon and hydrogen. Alkanes contain only carbon–hydrogen and carbon–carbon single bonds, alkenes contain at least one carbon–carbon double bond, and alkynes contain one or more carbon–carbon triple bonds. Hydrocarbons can also be cyclic, with the.",0.2727272727272727,0.2226808857075616,0.170525223215173,0.153207788120092,0.2666666666666666,3.269395942634183,0.8,0.0,0.3,0.2,0.2
220,"FewShot_WithAnswer","NEB_Qwen3235BInstruct","In animal body plans, symmetry refers to the balanced distribution of body parts along a central what?","axis","organ","membrane","cavity","Classification Features of Animals Animals are classified according to morphological and developmental characteristics, such as a body plan. With the exception of sponges, the animal body plan is symmetrical. This means that their distribution of body parts is balanced along an axis. Additional characteristics that contribute to animal classification include the number of tissue layers formed during development, the presence or absence of an internal body cavity, and other features of embryological development.",0.2039223616968218,0.1264672800493493,0.0926175742755242,0.0726497452086131,0.3673469387755101,35.71995804212759,0.8823529411764706,0.0,0.2666666666666666,0.2666666666666666,0.0666666666666666
221,"FewShot_WithAnswer","NEB_Qwen3235BInstruct","Which type of competition occurs between members of the same species and improves the species' adaptations?","intraspecific competition","interspecific competition","adaptive radiation","mutualism","Intraspecific competition occurs between members of the same species. It improves the species’ adaptations.",0.5643211499270759,0.4887164517296947,0.4366433741336911,0.385222865774231,0.689655172413793,6.186877343313464,0.875,0.0,0.5,0.4285714285714285,0.2857142857142857
222,"FewShot_WithAnswer","NEB_Qwen3235BInstruct","In the context of magnetic fields, what analogous entity in electricity is surrounded by a field that was useful to consider when dealing with electrical effects?","electrical charge","magnetic dipole","current loop","conductivity gradient","When we were dealing with electrical effects, it was very useful to speak of an electric field that surrounded an electric charge. In the same way, we can imagine a magnetic field surrounding a magnetic pole. The force that one magnet exerts on another can be described as the interaction between one magnet and the magnetic field of the other magnet. Magnetic field lines go from the north magnetic pole to the south magnetic pole. We define the magnetic field at any point as a vector (represented by the letter B ) whose direction is from north to south magnetic poles.",0.5,0.3273268353539885,0.2283355701981471,0.1739579737564223,0.6046511627906976,9.892113216733756,0.9230769230769232,0.0,0.1666666666666666,0.1666666666666666,0.0416666666666666
224,"FewShot_WithAnswer","NEB_Qwen3235BInstruct","What is the term for the energy required to initiate all chemical reactions, including exothermic ones?","activation energy","thermal energy","radiant energy","mechanical energy","All chemical reactions, including exothermic reactions, need activation energy to get started.",0.3333333333333333,0.2721655269759087,0.2355661342102643,0.2010537345406002,0.4799999999999999,1.9614576097035752,0.875,0.0,0.3571428571428571,0.2142857142857142,0.2142857142857142
225,"FewShot_WithAnswer","NEB_Qwen3235BInstruct","Which group of vertebrates are the first true tetrapods with four limbs and generally have moist, scale-less skin that allows gases and water to pass through?","amphibians","reptiles","mammals","birds","Amphibians are the first true tetrapods , or vertebrates with four limbs. Amphibians have less variation in size than fish, ranging in length from 1 centimeter (2.5 inches) to 1.5 meters (about 5 feet). They generally have moist skin without scales. Their skin contains keratin , a tough, fibrous protein found in the skin, scales, feathers, hair, and nails of tetrapod vertebrates, from amphibians to humans. Some forms of keratin are tougher than others. The form in amphibian skin is not very tough, and it allows gases and water to pass through their skin.",0.4642857142857143,0.3642156795423418,0.2906974166063795,0.2307373263041656,0.5263157894736842,6.764263587603957,0.9230769230769232,0.0,0.28,0.16,0.12
227,"FewShot_WithAnswer","NEB_Qwen3235BInstruct","Telomere shortening in adult somatic cells due to lack of telomerase activity is fundamentally associated with which biological process?","aging","regeneration","mutation","differentiation","Telomerase is not active in adult somatic cells. Adult somatic cells that undergo cell division continue to have their telomeres shortened. This essentially means that telomere shortening is associated with aging. In 2010, scientists found [1] that telomerase can reverse some age-related conditions in mice, and this may have potential in regenerative medicine. Mariella Jaskelioff, et al. , “Telomerase reactivation reverses tissue degeneration in aged telomerase-deficient mice,” Nature, 469 (2011):102–7.",0.25,0.158113883008419,0.1095793708422175,0.0924652345517471,0.3999999999999999,4.521609878580465,0.8947368421052632,0.0,0.2105263157894736,0.1052631578947368,0.1052631578947368
228,"FewShot_WithAnswer","NEB_Qwen3235BInstruct","When dead organisms and other organic materials decompose, what gas is released as a byproduct?","carbon dioxide","nitrogen gas","methane","oxygen","Carbon dioxide is given off when dead organisms and other organic materials decompose.",0.6470588235294118,0.5852867277097765,0.5311760312558383,0.472768506863477,0.923076923076923,3.030026274603089,0.8666666666666667,0.0,0.5714285714285714,0.5714285714285714,0.2142857142857142
229,"FewShot_WithAnswer","NEB_Qwen3235BInstruct","Which type of lens causes light rays to diverge and form a virtual image that is right-side up and smaller than the object?","concave lens","convex lens","cylindrical lens","plano-convex lens","A concave lens is thicker at the edges than it is in the middle. This causes rays of light to diverge. The light forms a virtual image that is right-side up and smaller than the object.",0.2916666666666667,0.1909406539564933,0.1469037865953635,0.1095643010443392,0.2941176470588235,3.9917992048595994,0.9130434782608696,0.0,0.4761904761904761,0.1428571428571428,0.0952380952380952
230,"FewShot_WithAnswer","NEB_Qwen3235BInstruct","When a nebula collapses and the core becomes sufficiently hot and dense, what process initiates, marking the birth of a star?","nuclear fusion","gravitational collapse","atomic fission","electromagnetic radiation","Stars form from clouds of gas and dust called nebulas. Nebulas collapse until nuclear fusion starts.",0.1666666666666666,0.1178511301977579,0.0845239703852514,0.0723817779475568,0.2608695652173913,13.374615125347846,0.9047619047619048,0.0,0.0588235294117647,0.1176470588235294,0.0588235294117647
231,"FewShot_WithAnswer","NEB_Qwen3235BInstruct","Which type of lenses are used in telescopes and cameras due to their ability to focus light?","converging lenses","diverging lenses","cylindrical lenses","prismatic lenses","Lenses , made from curved pieces of glass, focus or de-focus light as it passes through. Lenses that focus light are called converging lenses, and these are the ones used to make telescopes and cameras. Lenses that de-focus light are called diverging lenses.",0.2222222222222222,0.1571348402636772,0.1132483852812436,0.0976099337904898,0.3333333333333333,2.439161014833538,0.8823529411764706,0.0,0.1764705882352941,0.1176470588235294,0.0588235294117647
232,"FewShot_WithAnswer","NEB_Qwen3235BInstruct","If the acceleration of the car is in the same direction as the velocity, what happens to the car's speed?","increases","decreases","remains constant","changes direction","The acceleration of the car is in the same direction as the velocity.",0.217391304347826,0.1683905802698876,0.1371137369056497,0.1052581909895052,0.2962962962962963,1.6308630726856386,0.9,0.0,0.6,0.2,0.0
233,"FewShot_WithAnswer","NEB_Qwen3235BInstruct","In a vector representation of motion, what does the way the arrow points indicate?","direction","magnitude","speed","distance","When both distance and direction are considered, motion can be represented by a vector. A vector is a measurement that has both size and direction. It may be represented by an arrow. If you are representing motion with an arrow, the length of the arrow represents distance, and the way the arrow points represents direction. The red arrows on the map in the Figure above are vectors for Jordan’s route from his house to the school and from the school to the post office. If you want to learn more about vectors, watch the video at this URL:.",0.3309363384692233,0.1910661840998352,0.1290218298537634,0.1078682632252747,0.2499999999999999,10.93629139236434,0.8571428571428571,0.0,0.2727272727272727,0.0909090909090909,0.1818181818181818
234,"FewShot_WithAnswer","NEB_Qwen3235BInstruct","What type of magnet is created when a solenoid is wrapped around a bar of iron or other ferromagnetic material, resulting in a very strong magnetic force due to the alignment of magnetic domains in the iron bar?","electromagnet","permanent magnet","natural magnet","temporary solenoid","Solenoids are the basis of electromagnets. An electromagnet is a solenoid wrapped around a bar of iron or other ferromagnetic material (see Figure below ). The electromagnetic field of the solenoid magnetizes the iron bar by aligning its magnetic domains. The combined magnetic force of the magnetized iron bar and the wire coil makes an electromagnet very strong. In fact, electromagnets are the strongest magnets made. Some of them are strong enough to lift a train. The maglev train described earlier, in the lesson ""Electricity and Magnetism,"" contains permanent magnets. Strong electromagnets in the track repel the train magnets, causing the train to levitate above the track.",0.3,0.273861278752583,0.2586701938833353,0.2456893826438477,0.4888888888888888,2.167839378165786,0.9473684210526316,0.0,0.2727272727272727,0.2727272727272727,0.0303030303030303
235,"FewShot_WithAnswer","NEB_Qwen3235BInstruct","With the presence of an enzyme, how quickly might a typical biochemical reaction that would otherwise take hours or days occur?","second","hour","minute","day","Enzymes are extremely efficient in speeding up biochemical reactions. They can catalyze up to several million reactions per second. As a result, the difference in rates of biochemical reactions with and without enzymes may be enormous. A typical biochemical reaction might take hours or even days to occur under normal cellular conditions without an enzyme, but less than a second with the enzyme.",0.0434782608695652,0.0434782608695652,0.0441272858220046,0.0449754573265887,0.0,3.2258118629118493,0.9047619047619048,0.0,0.1666666666666666,0.0,0.0555555555555555
236,"FewShot_WithAnswer","NEB_Qwen3235BInstruct","Which specialized cells are broadly categorized into unipolar, bipolar, multipolar, and pseudounipolar types based on their structure and are primarily responsible for transmitting electrical and chemical signals in the nervous system?","neurons","glial cells","epithelial cells","muscle cells","While there are many defined neuron cell subtypes, neurons are broadly divided into four basic types: unipolar, bipolar, multipolar, and pseudounipolar. Figure 35.5 illustrates these four basic neuron types. Unipolar neurons have only one structure that extends away from the soma. These neurons are not found in vertebrates but are found in insects where they stimulate muscles or glands. A bipolar neuron has one axon and one dendrite extending from the soma. An example of a bipolar neuron is a retinal bipolar cell, which receives signals from photoreceptor cells that are sensitive to light and transmits these signals to ganglion cells that carry the signal to the brain. Multipolar neurons are the most common type of neuron. Each multipolar neuron contains one axon and multiple dendrites. Multipolar neurons can be found in the central nervous system (brain and spinal cord). An example of a multipolar neuron is a Purkinje cell in the cerebellum, which has many branching dendrites but only one axon. Pseudounipolar cells share characteristics with both unipolar and bipolar cells. A pseudounipolar cell has a single process that extends from the soma, like a unipolar cell, but this process later branches into two distinct structures, like a bipolar cell. Most sensory neurons are pseudounipolar and have an axon that branches into two extensions: one connected to dendrites that receive sensory information and another that transmits this information to the spinal cord.",0.3142857142857143,0.2507132682112035,0.2230192357728408,0.2024746973933765,0.3414634146341463,4.698231382240055,0.935483870967742,0.0,0.1666666666666666,0.1666666666666666,0.0333333333333333
237,"FewShot_WithAnswer","NEB_Qwen3235BInstruct","Into how many families are the known quarks divided based on energy levels?","three","four","two","six","The known quarks are divided into three families, low energy, medium energy, and high energy.",0.5,0.4225771273642583,0.3454060645028693,0.24207623565173,0.8,7.023890149294448,0.8461538461538461,0.0,0.1666666666666666,0.5833333333333334,0.0833333333333333
238,"FewShot_WithAnswer","NEB_Qwen3235BInstruct","Which part of the nervous system is described later in the lesson and includes all nervous tissue outside the brain and spinal cord?","peripheral nervous system","central nervous system","autonomic nervous system","somatic nervous system","The nervous system has two main parts, called the central nervous system and the peripheral nervous system. The peripheral nervous system is described later in this lesson. The central nervous system is shown in Figure below . It includes the brain and spinal cord.",0.2916666666666667,0.1559023911155808,0.1018573966806949,0.083250865806963,0.25,4.58612539139209,0.9130434782608696,0.0,0.3,0.1,0.2
239,"FewShot_WithAnswer","NEB_Qwen3235BInstruct","What type of bone tissue forms the dense, hard outer layer of bones and provides strength and protection?","compact bone","spongy bone","bone marrow","cartilage","Compact bone makes up the dense outer layer of bone. It is very hard and strong.",0.4,0.316227766016838,0.2508741329862394,0.2046592065585361,0.48,5.0741848564122565,0.8888888888888888,0.0,0.1764705882352941,0.2352941176470588,0.2352941176470588
240,"FewShot_WithAnswer","NEB_Qwen3235BInstruct","What type of behavior is rigid, predictable, and performed the same way by all members of a species, typically involving essential functions like finding food or caring for offspring?","innate behaviors","learned behaviors","reflex actions","adaptive responses","Innate behaviors are rigid and predictable. All members of the species perform the behaviors in the same way. Innate behaviors usually involve basic life functions, such as finding food or caring for offspring. Several examples are shown in Figure below . If an animal were to perform such important behaviors incorrectly, it would be less likely to survive or reproduce.",0.2727272727272727,0.2032789070454354,0.1570550734093451,0.1057300783769221,0.3414634146341463,5.023551595521977,0.9310344827586208,0.0,0.2222222222222222,0.1111111111111111,0.1481481481481481
241,"FewShot_WithAnswer","NEB_Qwen3235BInstruct","Yeasts, molds, and mushrooms are all different kinds of what group of eukaryotic organisms that play critical roles in ecosystems, including decomposition and nutrient cycling?","fungi","bacteria","viruses","protists","Yeasts, molds, and mushrooms are all different kinds of fungi. There may be as many as 1.5 million species of fungi ( Figure below ). You can easily see bread mold and mushrooms without a microscope, but most fungi you cannot see. Fungi are either too small to be seen without a microscope, or they live where you cannot see them easily—deep in the soil, under decaying logs, or inside plants or animals. Some fungi even live in, or on top of, other fungi.",0.4482758620689655,0.430689517130924,0.4176903278976742,0.4053217163815911,0.5714285714285715,9.402349871060512,0.92,0.0,0.36,0.4,0.12
242,"FewShot_WithAnswer","NEB_Qwen3235BInstruct","What term refers to the preserved remains or traces of organisms that lived in the past, often formed from the mineralization of hard parts like bones, teeth, or shells?","fossils","artifacts","sediments","remains","Fossils are the preserved remains or traces of organisms that lived in the past. The soft parts of organisms almost always decompose quickly after death. On occasion, the hard parts—mainly bones, teeth, or shells—remain long enough to mineralize and form fossils. An example of a complete fossil skeleton is shown in Figure below . The fossil record is the record of life that unfolded over four billion years and pieced back together through the analysis of fossils.",0.4848484848484848,0.4198911048651824,0.3928004879363247,0.373928519898731,0.6,6.276951165453276,0.9310344827586208,0.0,0.3846153846153846,0.3846153846153846,0.3846153846153846
243,"FewShot_WithAnswer","NEB_Qwen3235BInstruct","What process involves two rounds of nuclear division, resulting in four haploid daughter cells, each with half the number of chromosomes as the parent cell?","meiosis","mitosis","fertilization","binary fission","CHAPTER SUMMARY 11.1 The Process of Meiosis Sexual reproduction requires that diploid organisms produce haploid cells that can fuse during fertilization to form diploid offspring. As with mitosis, DNA replication occurs prior to meiosis during the S-phase of the cell cycle. Meiosis is a series of events that arrange and separate chromosomes and chromatids into daughter cells. During the interphases of meiosis, each chromosome is duplicated. In meiosis, there are two rounds of nuclear division resulting in four nuclei and usually four daughter cells, each with half the number of chromosomes as the parent cell. The first separates homologs, and the second—like mitosis—separates chromatids into individual chromosomes. During meiosis, variation in the daughter.",0.3214285714285714,0.1855768722395226,0.1084496061384165,0.0836907861326835,0.2727272727272727,6.3124827281079545,0.92,0.0,0.4782608695652174,0.0869565217391304,0.0434782608695652
244,"FewShot_WithAnswer","NEB_Qwen3235BInstruct","What term describes the outermost electrons in an atom that determine its chemical properties, as referenced by the count of nine in group 9 elements?","valence","core","inner","free","All of the elements in group 9 have nine valence electrons.",0.3333333333333333,0.1924500897298752,0.1417634567609967,0.103320909082685,0.4242424242424242,19.9280802052594,0.92,0.0,0.1363636363636363,0.1363636363636363,0.0454545454545454
245,"FewShot_WithAnswer","NEB_Qwen3235BInstruct","What is the term for the force of attraction between positively charged metal ions and the delocalized valence electrons that move freely throughout a lattice-like structure in metals?","metallic bond","ionic bond","covalent bond","hydrogen bond","A metallic bond is the force of attraction between a positively charged metal ion and the valence electrons it shares with other ions of the metal. The electrons move freely around the positive ions, which form a lattice-like structure.",0.5517241379310345,0.3901278792753365,0.2791078028343612,0.2003297925684727,0.5454545454545454,2.4526669111456862,0.9285714285714286,0.0,0.2916666666666667,0.2916666666666667,0.1666666666666666
246,"FewShot_WithAnswer","NEB_Qwen3235BInstruct","In the scenario described where a car is brought to a stop by friction on level ground, which form of mechanical energy is explicitly stated to be lost and converted into thermal energy?","kinetic energy","potential energy","thermal energy","total mechanical energy","How Nonconservative Forces Affect Mechanical Energy Mechanical energy may not be conserved when nonconservative forces act. For example, when a car is brought to a stop by friction on level ground, it loses kinetic energy, which is dissipated as thermal energy, reducing its mechanical energy. Figure 7.15 compares the effects of conservative and nonconservative forces. We often choose to understand simpler systems such as that described in Figure 7.15(a) first before studying more complicated systems as in Figure 7.15(b).",0.4,0.3854496446637726,0.3742937219792707,0.3636043693453636,0.4545454545454545,6.178740331819475,0.9393939393939394,0.0,0.3333333333333333,0.3333333333333333,0.0
247,"FewShot_WithAnswer","NEB_Qwen3235BInstruct","Which system in animals is responsible for processing information from sensory nerve cells and directing the body's response to environmental stimuli such as light, sound, and touch?","nervous system","circulatory system","digestive system","respiratory system","Animals can detect environmental stimuli, such as light, sound, and touch. Stimuli are detected by sensory nerve cells. The information is transmitted and processed by the nervous system. The nervous system, in turn, may direct the body to respond. Animal Eyes at http://www. surenmanvelyan. com/eyes/animal-eyes/ has 26 images of the eyes of various animals.",0.4838709677419355,0.2793630334788511,0.1732801727401559,0.1157343174450611,0.4166666666666666,3.651179054987558,0.925925925925926,0.0,0.3076923076923077,0.1153846153846153,0.0
249,"FewShot_WithAnswer","NEB_Qwen3235BInstruct","During which phase is the entire side of the Moon facing Earth fully illuminated by the Sun?","a full moon","a new moon","a crescent moon","a quarter moon","A full moon occurs when the whole side facing Earth is lit. This happens when Earth is between the Moon and the Sun. About one week later, the Moon enters the quarter-moon phase. Only half of the Moon’s lit surface is visible from Earth, so it appears as a half circle. When the Moon moves between Earth and the Sun, the side facing Earth is completely dark. This is called the new moon phase. Sometimes you can just barely make out the outline of the new moon in the sky. This is because some sunlight reflects off the Earth and hits the Moon. Before and after the quarter-moon phases are the gibbous and crescent phases. During the crescent moon phase, the Moon is less than half lit. It is seen as only a sliver or crescent shape. During the gibbous moon phase, the Moon is more than half lit. It is not full. The Moon undergoes a complete cycle of phases about every 29.5 days.",0.3333333333333333,0.1360827634879543,0.102892986499768,0.0908362786820641,0.3846153846153846,15.043687693214768,0.8823529411764706,0.0,0.1428571428571428,0.1428571428571428,0.2857142857142857
250,"FewShot_WithAnswer","NEB_Qwen3235BInstruct","What is the term for the stored chemical energy of trees and other plants that can be used as a renewable energy source when burned or converted into fuels?","biomass energy","solar energy","geothermal energy","kinetic energy","The stored chemical energy of trees and other plants is called biomass energy. When plant materials are burned, they produce thermal energy that can be used for heating, cooking, or generating electricity. Biomass—especially wood—is an important energy source in countries where most people can’t afford fossil fuels. Some plants can also be used to make ethanol, a fuel that is added to gasoline. Ethanol produces less pollution than gasoline, but large areas of land are needed to grow the plants needed to make it.",0.3333333333333333,0.2981423969999719,0.2778748064612172,0.2603965252496297,0.5405405405405405,2.276578003757732,0.9310344827586208,0.0,0.3076923076923077,0.3076923076923077,0.1153846153846153
251,"FewShot_WithAnswer","NEB_Qwen3235BInstruct","Which of the following celestial objects is the farthest from Earth based on the given distances in the text?","proxima centauri","the moon","the sun","a typical fungus","Astronomers are used to really big numbers. While the moon is only 406,697 km from earth at its maximum distance, the sun is much further away (150 million km). Proxima Centauri, the star nearest the earth, is 39, 900, 000, 000, 000 km away and we have just started on long distances. On the other end of the scale, some biologists deal with very small numbers: a typical fungus could be as small as 30 μmeters (0.000030 meters) in length and a virus might only be 0.03 μmeters (0.00000003 meters) long.",0.2,0.1414213562373095,0.1017244768191101,0.0874482197018253,0.1904761904761904,5.198514999453651,0.8947368421052632,0.0,0.1333333333333333,0.0666666666666666,0.0666666666666666
252,"FewShot_WithAnswer","NEB_Qwen3235BInstruct","According to the text, which factor determines whether a solution property depends on the specific nature of the solute rather than just its concentration?","chemical state of solute","temperature of the solution","volume of the solvent","atmospheric pressure","The properties of a solution are different from those of either the pure solute(s) or solvent. Many solution properties are dependent upon the chemical identity of the solute. Compared to pure water, a solution of hydrogen chloride is more acidic, a solution of ammonia is more basic, a solution of sodium chloride is more dense, and a solution of sucrose is more viscous. There are a few solution properties, however, that depend only upon the total concentration of solute species, regardless of their identities. These colligative properties include vapor pressure lowering, boiling point elevation, freezing point depression, and osmotic pressure. This small set of properties is of central importance to many natural phenomena and technological applications, as will be described in this module.",0.1538461538461538,0.0769230769230769,0.0618573193629086,0.056039017346012,0.1428571428571428,6.346727037451704,0.9166666666666666,0.0,0.1,0.05,0.05
253,"FewShot_WithAnswer","NEB_Qwen3235BInstruct","In the chlorate ion (ClO₃⁻), which element causes the chlorine atom to exhibit a +5 oxidation state due to its electronegativity and typical oxidation number?","oxygen","chlorine","hydrogen","sodium","Halogens (Cl, Br, I) have negative oxidation numbers when they form halide compounds. When combined with oxygen, they have positive numbers. In the chlorate ion (ClO₃⁻), the oxidation number of Cl is +5, and the oxidation number of O is -2.",0.1724137931034483,0.1335511498692213,0.108406604704036,0.0828802143982712,0.1764705882352941,8.592640542022695,0.92,0.0,0.1363636363636363,0.0909090909090909,0.0
255,"FewShot_WithAnswer","NEB_Qwen3235BInstruct","Adolescents often experience emotional instability characterized by rapid shifts in情绪. What is this phenomenon commonly referred to as?","mood swings","behavioral regression","cognitive dissonance","emotional suppression","Adolescents may have mood swings because of surging hormones.",0.1,0.0707106781186547,0.0640824048169699,0.0618352291538518,0.2307692307692307,6.284840649796423,0.8888888888888888,0.0,0.0555555555555555,0.0555555555555555,0.0555555555555555
256,"FewShot_WithAnswer","NEB_Qwen3235BInstruct","What is the term for the force exerted by a magnet on certain materials, which includes both attraction and repulsion over a distance?","magnetic force","gravitational force","electrostatic force","nuclear force","The force that a magnet exerts on certain materials is called magnetic force. Like electric force, magnetic force is exerted over a distance and includes forces of attraction and repulsion. North and south poles of two magnets attract each other, while two north poles or two south poles repel each other.",0.52,0.4560701700396552,0.3929313778120357,0.3388816674807541,0.6,2.8878480028409226,0.9130434782608696,0.0,0.1578947368421052,0.2631578947368421,0.1578947368421052
257,"FewShot_WithAnswer","NEB_Qwen3235BInstruct","Most blood cells are produced inside certain types of bones as part of the function of what system?","blood cells","calcium deposits","ligaments","plasma fluids","The skeletal system makes blood cells. Most blood cells are produced inside certain types of bones.",0.2105263157894736,0.1052631578947368,0.0850667997515768,0.0775725094058882,0.2608695652173913,24.59479693884716,0.8888888888888888,0.0,0.5882352941176471,0.0588235294117647,0.0588235294117647
258,"FewShot_WithAnswer","NEB_Qwen3235BInstruct","What material is transported and deposited by a stream or river depending on the slope and flow velocity?","sediments","minerals","organisms","gases","When a stream or river slows down, it starts dropping its sediments. Larger sediments are dropped in steep areas, but smaller sediments can still be carried. Smaller sediments are dropped as the slope becomes less steep.",0.2631578947368421,0.2353755765789252,0.209792768671991,0.1815466144410516,0.2962962962962963,3.655135919545328,0.8888888888888888,0.0,0.1875,0.1875,0.0
259,"FewShot_WithAnswer","NEB_Qwen3235BInstruct","Which process, in many ways the opposite of photosynthesis, demonstrates the interdependence of producers and consumers by showing how energy flows and the carbon and oxygen cycle between organisms and the environment?","cellular respiration","fermentation","transpiration","nitrogen fixation","Cellular respiration, in many ways the opposite of photosynthesis, shows the interdependence of producers and consumers. Combined, the two equations demonstrate how energy flows and the carbon and oxygen cycle between organisms and environment.",0.4857142857142857,0.4407785320154718,0.3976047329888592,0.361843521624466,0.5909090909090908,4.985915777123943,0.9375,0.0,0.4285714285714285,0.2142857142857142,0.0714285714285714
260,"FewShot_WithAnswer","NEB_Qwen3235BInstruct","Which membranous organelles have an inner and outer membrane, with internal folds that increase surface area for proteins and molecules involved in cellular respiration?","mitochondria","lysosomes","ribosomes","Golgi apparatus","Mitochondria, shown here as the green ovals in this animal cell, are membranous organelles which sequence enzyme and electron carrier molecules to make cellular respiration highly efficient. Mitochondria have both an inner and outer membrane, with a matrix inside the inner membrane. The inner membrane has many internal folds, increasing the surface area for proteins and molecules involved in cellular respiration.",0.3846153846153846,0.2719641466102106,0.207046638926434,0.1386750490563072,0.4864864864864865,4.7407213071306655,0.9166666666666666,0.0,0.4347826086956521,0.1304347826086956,0.1739130434782608
262,"FewShot_WithAnswer","NEB_Qwen3235BInstruct","What is formed when one substance dissolves in another, resulting in a uniform mixture?","solution","compound","mixture","emulsion","A solution forms when one substance dissolves in another. The substance that dissolves is called the solute. The substance that dissolves it is called the solvent.",0.4375,0.3307189138830738,0.2443162014797063,0.1796520559815421,0.5714285714285714,3.889592905376506,0.8571428571428571,0.0,0.4615384615384615,0.2307692307692307,0.2307692307692307
263,"FewShot_WithAnswer","NEB_Qwen3235BInstruct","What group of plants is believed to have evolved from gymnosperms like Gnetae and is represented in the fossil record by specimens with reproductive organs but no petals or sepals?","flowering plants","gymnosperms","ferns","mosses","Flowering plants are thought to have evolved at least 200 million years ago from gymnosperms like Gnetae. The earliest known fossils of flowering plants are about 125 million years old. The fossil flowers have male and female reproductive organs but no petals or sepals.",0.2580645161290322,0.2040179135592502,0.1608590629754402,0.1094547595973764,0.3555555555555555,4.028051063460642,0.9333333333333332,0.0,0.2413793103448276,0.1379310344827586,0.0344827586206896
264,"FewShot_WithAnswer","NEB_Qwen3235BInstruct","Which term refers to chemical and/or physical agents that induce changes in DNA sequences by altering the genetic material of an organism?","mutagens","pathogens","antibiotics","vectors","mutation. The chemical and/or physical agents that cause mutations are called mutagens. Diseases that occur due to mutations in critical DNA sequences are referred to as genetic diseases. Viruses are infectious agents composed of a tightly packed central core of nucleic acids enclosed by a protective shell of proteins. Viruses contain either DNA or RNA as their genetic material but not both. Some RNA viruses, called retroviruses, synthesize DNA in the host cell from their RNA genome. The human immunodeficiency virus (HIV) causes acquired immunodeficiency syndrome (AIDS).",0.2608695652173913,0.2381402423935504,0.2176544902033194,0.1959075679902608,0.3333333333333333,3.835134192804178,0.9090909090909092,0.0,0.25,0.25,0.0
265,"FewShot_WithAnswer","NEB_Qwen3235BInstruct","What force is responsible for opposing motion between two surfaces that are in contact, especially when the surfaces are rough or the objects are pressed together with greater force?","friction","inertia","gravity","centrifugal","Friction is a force that opposes motion between two surfaces that are touching. Friction occurs because no surface is perfectly smooth. Friction is greater when objects have rougher surfaces or are heavier so they press together with greater force.",0.3548387096774194,0.2620657549882568,0.2253667105747776,0.1993346613841284,0.4615384615384615,3.3041877136582216,0.9310344827586208,0.0,0.2222222222222222,0.2222222222222222,0.1111111111111111
266,"FewShot_WithAnswer","NEB_Qwen3235BInstruct","Cardiac, smooth, and skeletal are all types of what kind of tissue in the human body?","muscle","nerve","epithelial","connective","There are three different types of muscle tissue in the human body: cardiac, smooth, and skeletal muscle tissues. All three types consist mainly of muscle fibers, but the fibers have different arrangements. You can see how each type of muscle tissue looks in Figure below.",0.5263157894736842,0.4076824574955175,0.3330252616852396,0.2841358068262003,0.7499999999999999,21.081153056119625,0.875,0.0,0.2666666666666666,0.3333333333333333,0.4666666666666667
267,"FewShot_WithAnswer","NEB_Qwen3235BInstruct","In a model of wave media using connected harmonic oscillators, which property directly affects the speed of a wave along with the distance between oscillators and the spring constant?","mass","frequency","amplitude","wavelength","Most wave media act like a series of connected oscillators. For instance, a rope can be thought of as a large number of masses (molecules) connected by springs (intermolecular forces). The speed of a wave through connected harmonic oscillators depends on the distance between them, the spring constant, and the mass. In this way, we can model wave media using the principles of simple harmonic motion.",0.5483870967741935,0.4411223977799143,0.3388827048557837,0.2276119466360119,0.5499999999999999,9.058023607456631,0.9310344827586208,0.0,0.125,0.125,0.0416666666666666
268,"FewShot_WithAnswer","NEB_Qwen3235BInstruct","What are traits primarily controlled by, especially when considering complex inheritance patterns such as codominance, incomplete dominance, or influence from multiple factors?","genes","proteins","ribosomes","enzymes","Inheritance is more complex for traits in which there is codominance or incomplete dominance. Traits may also be controlled by multiple alleles or multiple genes. Many traits are influenced by the environment as well.",0.1923076923076923,0.1216260638526299,0.0839532986970081,0.0704653337774574,0.3636363636363636,10.690236871528509,0.9090909090909092,0.0,0.0909090909090909,0.0909090909090909,0.0454545454545454
269,"FewShot_WithAnswer","NEB_Qwen3235BInstruct","How many atoms are contained in a single water molecule?","3","1","2","4","Water is a simple molecule, containing just three atoms. Nonetheless, water’s structure gives it unique properties that help explain why it is vital to all living organisms.",0.4545454545454545,0.3520893951097652,0.2915940299996206,0.2290990792389786,0.5333333333333333,2.181837866491643,0.8,0.0,0.1111111111111111,0.3333333333333333,0.1111111111111111
270,"FewShot_WithAnswer","NEB_Qwen3235BInstruct","What type of light consists of a narrow range of wavelengths between infrared and ultraviolet and is the only light detectable by the human eye?","visible light","infrared light","ultraviolet light","thermal radiation","Visible light consists of a very narrow range of wavelengths that falls between infrared light and ultraviolet light. It is the only light that people can see. Different wavelengths of visible light appear as different colors.",0.2307692307692307,0.1884222879063983,0.162112037389174,0.137266998184705,0.2666666666666666,2.406252153624449,0.92,0.0,0.1818181818181818,0.1363636363636363,0.1363636363636363
271,"FewShot_WithAnswer","NEB_Qwen3235BInstruct","Which classification system is based on similarities in obvious physical traits and organizes organisms into a hierarchical structure ranging from kingdom to species?","linnaean system","darwinian system","mendelian system","prokaryotic system","The Linnaean system is based on similarities in obvious physical traits. It consists of a hierarchy of taxa, from the kingdom to the species.",0.3333333333333333,0.2041241452319315,0.1219046599688049,0.0952597769680773,0.3243243243243243,17.26207561606195,0.9130434782608696,0.0,0.4090909090909091,0.1818181818181818,0.0909090909090909
272,"FewShot_WithAnswer","NEB_Qwen3235BInstruct","If the DNA from all 46 chromosomes in a human cell nucleus were laid out end to end, approximately how long would it be?","two meters","one meter","ten meters","twenty centimeters","Eukaryotic Chromosomal Structure and Compaction If the DNA from all 46 chromosomes in a human cell nucleus was laid out end to end, it would measure approximately two meters; however, its diameter would be only 2 nm. Considering that the size of a typical human cell is about 10 µm (100,000 cells lined up to equal one meter), DNA must be tightly packaged to fit in the cell’s nucleus. At the same time, it must also be readily accessible for the genes to be expressed. During some stages of the cell cycle, the long strands of DNA are condensed into compact chromosomes. There are a number of ways that chromosomes are compacted. In the first level of compaction, short stretches of the DNA double helix wrap around a core of eight histone proteins at regular intervals along the entire length of the chromosome (Figure 10.4). The DNA-histone complex is called chromatin. The beadlike, histone DNA complex is called a nucleosome, and DNA connecting the nucleosomes is called linker DNA. A DNA molecule in this form is about seven times shorter than the double helix without the histones, and the beads are about 10 nm in diameter, in contrast with the 2-nm diameter of a DNA double helix. The next level of compaction occurs as the nucleosomes and the linker DNA between them are coiled into a 30-nm chromatin fiber. This coiling further shortens the chromosome so that it is now about 50 times shorter than the extended form. In the third level of packing, a variety of fibrous proteins is used to pack the chromatin. These fibrous proteins also ensure that each chromosome in a non-dividing cell occupies a particular area of the nucleus that does not overlap with that of any other chromosome (see the top image in Figure 10.3).",0.8846153846153846,0.760527689741738,0.6700046266623633,0.5949843476789021,0.9090909090909092,6.19030708570563,0.9166666666666666,0.0,0.4545454545454545,0.4545454545454545,0.0454545454545454
273,"FewShot_WithAnswer","NEB_Qwen3235BInstruct","What is the term for the mixture formed when a solute, like sugar, is dissolved in a solvent, such as water?","solution","suspension","emulsion","alloy","Imagine you have a cup that has 100ml water, and you add 15g of table sugar to the water. The sugar dissolves and the mixture that is now in the cup is made up of a solute (the sugar) that is dissolved in the solvent (the water). The mixture of a solute in a solvent is called a solution.",0.36,0.2683281572999748,0.181712059283214,0.1270883828748519,0.48,2.3795209652819627,0.9047619047619048,0.0,0.2352941176470588,0.1176470588235294,0.1764705882352941
274,"FewShot_WithAnswer","NEB_Qwen3235BInstruct","Silver is a mineral made only of silver atoms, and diamond is made only of carbon atoms. In both cases, these minerals consist of a single what?","element","compound","molecule","ion","All minerals have a definite chemical makeup. A few minerals are made of only one kind of element. Silver is a mineral made only of silver atoms. Diamond and graphite are both made only of the element carbon.",0.2903225806451613,0.2163936752419151,0.1159994572281905,0.0856529782307412,0.3888888888888889,3.391211505915432,0.8888888888888888,0.0,0.32,0.08,0.16
275,"FewShot_WithAnswer","NEB_Qwen3235BInstruct","According to the ancient Greeks, matter consists of extremely small particles called what?","atoms","molecules","ions","electrons","Summary 2.1 Early Ideas in Atomic Theory The ancient Greeks proposed that matter consists of extremely small particles called atoms. Dalton postulated that each element has a characteristic type of atom that differs in properties from atoms of all other elements, and that atoms of different elements can combine in fixed, small, whole-number ratios to form compounds. Samples of a particular compound all have the same elemental proportions by mass. When two elements form different compounds, a given mass of one element will combine with masses of the other element in a small, whole-number ratio. During any chemical change, atoms are neither created nor destroyed.",0.4,0.282842712474619,0.2252495760887212,0.1721916742076807,0.6666666666666666,2.6089238642758583,0.8461538461538461,0.0,0.5833333333333334,0.25,0.1666666666666666
276,"FewShot_WithAnswer","NEB_Qwen3235BInstruct","In the context of the action potential, what property of the membrane is graphed over time in Figure 12.23 and represents the electrical signal used for communication in nervous tissue?","voltage","current","resistance","conductance","As the membrane potential reaches +30 mV, other voltage-gated channels are opening in the membrane. These channels are specific for the potassium ion. A concentration gradient acts on K+, as well. As K+ starts to leave the cell, taking a positive charge with it, the membrane potential begins to move back toward its resting voltage. This is called repolarization, meaning that the membrane voltage moves back toward the -70 mV value of the resting membrane potential. Repolarization returns the membrane potential to the -70 mV value that indicates the resting potential, but it actually overshoots that value. Potassium ions reach equilibrium when the membrane voltage is below -70 mV, so a period of hyperpolarization occurs while the K+ channels are open. Those K+ channels are slightly delayed in closing, accounting for this short overshoot. What has been described here is the action potential, which is presented as a graph of voltage over time in Figure 12.23. It is the electrical signal that nervous tissue generates for communication. The change in the membrane voltage from -70 mV at rest to +30 mV at the end of depolarization is a 100-mV change. That can also be written as a 0.1-V change. To put that value in perspective, think about a battery. An AA battery that you might find in a television remote has a voltage of 1.5 V, or a 9-V battery (the rectangular battery with two posts on one end) is, obviously, 9 V. The change seen in the action potential is one or two orders of magnitude less than the charge in these batteries. In fact, the membrane potential can be described as a battery. A charge is stored across the membrane that can be released under the correct conditions. A battery in your remote has stored a charge that is “released” when you push a button.",0.15625,0.0988211768802618,0.0680423727611205,0.056925161800671,0.1538461538461538,9.739827637053686,0.9333333333333332,0.0,0.1923076923076923,0.0384615384615384,0.0
277,"FewShot_WithAnswer","NEB_Qwen3235BInstruct","Mollusks have a true coelom and a fully enclosed tube-like system for processing food. This system begins at the mouth and ends at the anus. What is this system called?","digestive system","excretory system","circulatory system","nervous system","Mollusks have a true coelom and complete digestive system. They also have circulatory and excretory systems. They have a heart that pumps blood, and organs that filter out wastes from the blood.",0.2424242424242424,0.2267671143499358,0.2128402725767303,0.1985831669635159,0.3636363636363636,2.82451591463533,0.9333333333333332,0.0,0.1923076923076923,0.1923076923076923,0.0384615384615384
278,"FewShot_WithAnswer","NEB_Qwen3235BInstruct","What organelles are assembled in the nucleolus and then exported to the cytoplasm to direct protein synthesis?","ribosomes","chromosomes","mitochondria","lysosomes","The nucleus of many cells also contains an organelle called a nucleolus , shown in Figure below . The nucleolus is mainly involved in the assembly of ribosomes. Ribosomes are organelles made of protein and ribosomal RNA (rRNA), and they build cellular proteins in the cytoplasm. The function of the rRNA is to provide a way of decoding the genetic messages within another type of RNA, called mRNA for messenger RNA, into amino acids. After being made in the nucleolus, ribosomes are exported to the cytoplasm where they direct protein synthesis.",0.3888888888888889,0.2545875386086578,0.1562218540442735,0.1242442632507758,0.3571428571428571,2.5924596457701785,0.8823529411764706,0.0,0.2,0.0666666666666666,0.1333333333333333
279,"FewShot_WithAnswer","NEB_Qwen3235BInstruct","What state of matter, which makes up most of the universe and is characterized by charged particles such as ions, is depicted by the purple and blue 'flames' in the image described?","plasma","liquid","gas","solid","Can you guess what this picture shows? The purple and blue ""flames"" are matter in a particular state. You’re probably familiar with the states of matter most common on Earth — solids, liquids, and gases. But these ""flames"" are a state of matter called plasma. This plasma ball was made by humans. Plasma also occurs in nature. In fact, plasma makes up most of the matter in the universe.",0.2777777777777778,0.2324055629261321,0.1976051835827812,0.1735777354748907,0.4210526315789473,5.711124983891835,0.9375,0.0,0.1379310344827586,0.1724137931034483,0.1034482758620689
280,"FewShot_WithAnswer","NEB_Qwen3235BInstruct","What process do most mammals undergo, where their young are born as live offspring instead of from eggs?","live birth","external fertilization","oviposition","metamorphosis","Most mammals are viviparous. Their young are born live. They are born either as relatively large, well-developed fetuses or as tiny, immature embryos. Mammals that are viviparous are called therian mammals. Only a few mammals lay eggs instead of giving birth to an infant or embryo.",0.2,0.1,0.080738770756785,0.0735348944675842,0.2857142857142857,5.72625782091016,0.8888888888888888,0.0,0.2222222222222222,0.1111111111111111,0.0555555555555555
281,"FewShot_WithAnswer","NEB_Qwen3235BInstruct","In the context of proteins being polymers, what term describes the type of acids that act as the monomers?","amino","nucleic","carboxylic","sulfuric","Proteins are polymers of amino acids, which act as the monomers.",0.2857142857142857,0.1649572197684645,0.1108079414976458,0.0919898191384779,0.5,16.38173730273357,0.8947368421052632,0.0,0.1875,0.125,0.125
282,"FewShot_WithAnswer","NEB_Qwen3235BInstruct","The study of life, which encompasses cell biology, plants, and other categories through a comprehensive set of over 550 lessons in Concept Biology Advanced, is known as what?","biology","ecology","anatomy","genetics","The study of biology is the study of life. Concept Biology Advanced is the CK-12 Foundation's most extensive material describing the study of life. Concept Biology Advanced presents biology as a set of 18 concepts, with each concept centered around a specific category, such as cell biology or plants. Each concept is comprised of a series of lessons, with each lesson focusing on one specific topic. The complete Concept Biology Advanced is comprised of over 550 lessons. This material has been developed to complement the most advanced secondary-level biology course.",0.1515151515151515,0.117363131703255,0.0951293360336281,0.0725931138545029,0.2941176470588235,12.86547733329412,0.9285714285714286,0.0,0.1538461538461538,0.1153846153846153,0.0384615384615384
283,"FewShot_WithAnswer","NEB_Qwen3235BInstruct","What anatomical feature is absent in snails, classifying them as invertebrates?","backbone","shell","eyes","muscular foot","Snails are an example of invertebrates, animals without a backbone.",0.2307692307692307,0.1332346775052982,0.1139421564772065,0.1076874652690267,0.1111111111111111,8.861078818135551,0.8181818181818182,0.0,0.0909090909090909,0.0909090909090909,0.0909090909090909
284,"FewShot_WithAnswer","NEB_Qwen3235BInstruct","Which genus of an extinct dinosaur, known for its bird-like features such as feathers, wings, and potential brooding behavior, is considered one of the closest non-avian relatives of modern birds and lived approximately 110 million years ago in North America?","deinonychus","velociraptor","tyrannosaurus","archaeopteryx","Deinonychus is the genus name of an extinct dinosaur that is considered to be one of the closest non-bird relatives of modern birds. It lived about 110 million years ago in what is now North America. Deinonychus was a predatory carnivore with many bird-like features. For example, it had feathers and wings. It also had strong legs with clawed feet, similar to modern raptors. Its respiratory, circulatory, and digestive systems were similar to those of birds as well. The location of fossilized eggs near Deinonychus fossils suggests that it may have brooded its eggs. This would mean that it was endothermic. (Can you explain why?) On the other hand, Deinonychus retained a number of reptile-like traits, such as jaws with teeth and hands with claws at the tips of its wings.",0.1777777777777777,0.0888888888888889,0.0564175331647645,0.045205726769549,0.2553191489361702,4.411593150154759,0.95,0.0,0.131578947368421,0.0526315789473684,0.0
285,"FewShot_WithAnswer","NEB_Qwen3235BInstruct","In which type of organisms is binary fission the only method to produce new individuals, resulting in daughter cells that are genetically identical to the parent?","unicellular organisms","multicellular organisms","eukaryotic organisms","diploid organisms","6.4 | Prokaryotic Cell Division By the end of this section, you will be able to: • Describe the process of binary fission in prokaryotes • Explain how FtsZ and tubulin proteins are examples of homology Prokaryotes such as bacteria propagate by binary fission. For unicellular organisms, cell division is the only method to produce new individuals. In both prokaryotic and eukaryotic cells, the outcome of cell reproduction is a pair of daughter cells that are genetically identical to the parent cell. In unicellular organisms, daughter cells are individuals. To achieve the outcome of identical daughter cells, some steps are essential. The genomic DNA must be replicated and then allocated into the daughter cells; the cytoplasmic contents must also be divided to give both new cells the machinery to sustain life. In bacterial cells, the genome consists of a single, circular DNA chromosome; therefore, the process of cell division is simplified. Mitosis is unnecessary because there is no nucleus or multiple chromosomes. This type of cell division is called binary fission.",0.3214285714285714,0.2142857142857143,0.1503895142299138,0.1069473013768554,0.4848484848484848,4.718370395366037,0.9230769230769232,0.0,0.3333333333333333,0.125,0.0833333333333333
286,"FewShot_WithAnswer","NEB_Qwen3235BInstruct","Which organisms were historically grouped with plants due to their immobility, presence of cell walls, and growth in soil, despite now being classified in their own kingdom?","fungi","bacteria","protists","bryophytes","For a long time, scientists considered fungi to be members of the plant kingdom because they have obvious similarities with plants. Both fungi and plants are immobile, have cell walls, and grow in soil. Some fungi, such as lichens, even look like plants (see Figure below ).",0.3225806451612903,0.2280989616730798,0.1732801727401559,0.1376320737556502,0.2799999999999999,5.056235115563975,0.925925925925926,0.0,0.1111111111111111,0.1111111111111111,0.074074074074074
287,"FewShot_WithAnswer","NEB_Qwen3235BInstruct","An earthquake’s energy is transmitted through the Earth by what type of waves, generated when built-up stress causes rocks to break?","seismic waves","sound waves","ocean waves","electromagnetic waves","An earthquake is sudden ground movement. This movement is caused by the sudden release of the energy stored in rocks. An earthquake happens when so much stress builds up in the rocks that the rocks break. An earthquake’s energy is transmitted by seismic waves. Each year, there are more than 150,000 earthquakes strong enough to be felt by people. An amazing 900,000 are recorded by seismometers.",0.28,0.1833030277982336,0.1409459746412978,0.1050406858667031,0.3703703703703703,42.23135144333265,0.9047619047619048,0.0,0.2105263157894736,0.2105263157894736,0.1052631578947368
288,"FewShot_WithAnswer","NEB_Qwen3235BInstruct","In the context of driven harmonic oscillators, what phenomenon explains the efficient energy transfer from the driving force to the oscillator, particularly observed in systems like MRI, radio tuning, and a child on a swing?","resonance","diffraction","interference","refraction","It is interesting that the widths of the resonance curves shown in Figure 16.27 depend on damping: the less the damping, the narrower the resonance. The message is that if you want a driven oscillator to resonate at a very specific frequency, you need as little damping as possible. Little damping is the case for piano strings and many other musical instruments. Conversely, if you want small-amplitude oscillations, such as in a car’s suspension system, then you want heavy damping. Heavy damping reduces the amplitude, but the tradeoff is that the system responds at more frequencies. These features of driven harmonic oscillators apply to a huge variety of systems. When you tune a radio, for example, you are adjusting its resonant frequency so that it only oscillates to the desired station’s broadcast (driving) frequency. The more selective the radio is in discriminating between stations, the smaller its damping. Magnetic resonance imaging (MRI) is a widely used medical diagnostic tool in which atomic nuclei (mostly hydrogen nuclei) are made to resonate by incoming radio waves (on the order of 100 MHz). A child on a swing is driven by a parent at the swing’s natural frequency to achieve maximum amplitude. In all of these cases, the efficiency of energy transfer from the driving force into the oscillator is best at resonance. Speed bumps and gravel roads prove that even a car’s suspension system is not immune to resonance. In spite of finely engineered shock absorbers, which ordinarily convert mechanical energy to thermal energy almost as fast as it comes in, speed bumps still cause a large-amplitude oscillation. On gravel roads that are corrugated, you may have noticed that if you travel at the “wrong” speed, the bumps are very noticeable whereas at other speeds you may hardly feel the bumps at all. Figure 16.28 shows a photograph of a famous example (the Tacoma Narrows Bridge) of the destructive effects of a driven harmonic oscillation. The Millennium Bridge in London was closed for a short period of time for the same reason while inspections were carried out. In our bodies, the chest cavity is a clear example of a system at resonance. The diaphragm and chest wall drive the oscillations of the chest cavity which result in the lungs inflating and deflating. The system is critically damped and the muscular diaphragm oscillates at the resonant value for the system, making it highly efficient.",0.2,0.0707106781186547,0.0504237490174555,0.0428578568751006,0.1463414634146341,9.113671841959231,0.9428571428571428,0.0,0.1724137931034483,0.0344827586206896,0.0
289,"FewShot_WithAnswer","NEB_Qwen3235BInstruct","What process do prokaryotic cells use to divide and produce genetically identical offspring after reaching a certain size?","binary fission","mitotic division","conjugation","sporulation","Prokaryotic cells grow to a certain size. Then they divide by binary fission. This is a type of asexual reproduction. It produces genetically identical offspring. Genetic transfer increases genetic variation in prokaryotes.",0.2631578947368421,0.2038412287477587,0.1665126308426198,0.1283728421727272,0.3636363636363636,3.0295769660636047,0.8888888888888888,0.0,0.1764705882352941,0.1764705882352941,0.1176470588235294
290,"FewShot_WithAnswer","NEB_Qwen3235BInstruct","What is the term for a series of biochemical reactions by which an organism converts a given reactant to a specific end product?","metabolic pathway","enzyme cascade","genetic circuit","cellular respiration","A metabolic pathway is a series of biochemical reactions by which an organism converts a given reactant to a specific end product. As you will learn in Section 20.5 ""Stage II of Carbohydrate Catabolism"" through Section 20.7 ""Stage II of Protein Catabolism"", there are specific metabolic pathways—which are different for carbohydrates, triglycerides, and proteins—that break down the products of stage I of catabolism (monosaccharides, fatty acids, and amino acids) to produce a common end product, acetyl-coenzyme A (acetyl-CoA) in stage II of catabolism. Acetyl-CoA is shown in Figure 20.10 ""The Structure of Acetyl-Coenzyme A (AcetylCoA)"". The acetyl unit, derived (as we will see) from the breakdown of carbohydrates, lipids, and proteins, is attached to coenzyme A, making the acetyl unit more reactive. Acetyl-CoA is used in a myriad of biochemical pathways. For example, it may be used as the starting material for the biosynthesis of lipids (such as triglycerides, phospholipids, or cholesterol and other steroids). Most importantly for energy generation, it may enter the citric acid cycle and be oxidized to produce energy, if energy is needed and oxygen is available. The various fates or uses of acetyl-CoA are summarized in Figure 20.11 ""Cell Chemistry"". Figure 20.10 The Structure of Acetyl-Coenzyme A (Acetyl-CoA).",1.0,1.0,1.0,1.0,1.0,2.452440618939304,0.9130434782608696,0.0,0.7777777777777778,1.0,0.0555555555555555
291,"FewShot_WithAnswer","NEB_Qwen3235BInstruct","In echinoderms, the spines that give them their name 'spiny skin' are actually part of which internal structure?","endoskeleton","exoskeleton","hydrostatic skeleton","cuticle","Phylum Echinodermata Echinodermata are so named owing to their spiny skin (from the Greek “echinos” meaning “spiny” and “dermos” meaning “skin”), and this phylum is a collection of about 7,000 described living species. Echinodermata are exclusively marine organisms. Sea stars (Figure 28.44), sea cucumbers, sea urchins, sand dollars, and brittle stars are all examples of echinoderms. To date, no freshwater or terrestrial echinoderms are known. Morphology and Anatomy Adult echinoderms exhibit pentaradial symmetry and have a calcareous endoskeleton made of ossicles, although the early larval stages of all echinoderms have bilateral symmetry. The endoskeleton is developed by epidermal cells and may possess pigment cells, giving vivid colors to these animals, as well as cells laden with toxins. Gonads are present in each arm. In echinoderms like sea stars, every arm bears two rows of tube feet on the oral side. These tube feet help in attachment to the substratum. These animals possess a true coelom that is modified into a unique circulatory system called a water vascular system. An interesting feature of these animals is their power to regenerate, even when over 75 percent of their body mass is lost.",0.2147077980215102,0.0876540914915419,0.0660911665336835,0.0581297062593763,0.1999999999999999,7.739214315360106,0.8888888888888888,0.0,0.1176470588235294,0.0588235294117647,0.1176470588235294
292,"FewShot_WithAnswer","NEB_Qwen3235BInstruct","During which phase do homologous chromosomes pair up and crossing-over occur, a feature unique to meiosis?","prophase i","metaphase ii","anaphase i","telophase ii","Prophase I: The nuclear envelope begins to break down, and the chromosomes condense. Centrioles start moving to opposite poles of the cell, and a spindle begins to form. Importantly, homologous chromosomes pair up, which is unique to prophase I. In prophase of mitosis and meiosis II, homologous chromosomes do not form pairs in this way. During prophase I, crossing-over occurs (see below).",0.1666666666666666,0.0962250448649376,0.0816662175049407,0.0763839011187351,0.1666666666666666,9.192959414817912,0.875,0.0,0.2666666666666666,0.0666666666666666,0.0666666666666666
295,"FewShot_WithAnswer","NEB_Qwen3235BInstruct","During the excitement phase of the sexual response, what physiological change occurs in the female reproductive system to facilitate intercourse?","vaginal secretions","uterine contractions","clitoral retraction","labial desensitization","The sexual response in humans is both psychological and physiological. Both sexes experience sexual arousal through psychological and physical stimulation. There are four phases of the sexual response. During phase one, called excitement, vasodilation leads to vasocongestion in erectile tissues in both men and women. The nipples, clitoris, labia, and penis engorge with blood and become enlarged. Vaginal secretions are released to lubricate the vagina to facilitate intercourse.",0.2272727272727272,0.2032789070454354,0.180729424085845,0.1558732707602337,0.3076923076923076,6.035394839294755,0.9,0.0,0.1764705882352941,0.1764705882352941,0.0
296,"FewShot_WithAnswer","NEB_Qwen3235BInstruct","What system in cnidarians consists of a net of nerves that can sense touch and may include light- and gravity-sensing structures in some species?","nervous system","circulatory system","respiratory system","digestive system","Cnidarians have a simple nervous system. It consists of a net of nerves that can sense touch. You can see a sketch of the nerve net in a hydra in Figure below. Some cnidarians also have other sensory structures. For example, jellyfish have light-sensing structures and gravity-sensing structures.",0.28,0.1058300524425836,0.077565559048352,0.0671150218998288,0.358974358974359,15.519375437953313,0.9166666666666666,0.0,0.391304347826087,0.0869565217391304,0.0434782608695652
297,"FewShot_WithAnswer","NEB_Qwen3235BInstruct","In the equation that relates wavelength and frequency of electromagnetic waves, what physical quantity remains constant for all electromagnetic waves traveling through space?","speed","amplitude","energy","intensity","The speed of a wave is a product of its wavelength and frequency. Because all electromagnetic waves travel at the same speed through space, a wave with a shorter wavelength must have a higher frequency, and vice versa. This relationship is represented by the equation:.",0.24,0.1697056274847714,0.1338865900164338,0.1010696708667095,0.2857142857142857,3.7648109987106255,0.9130434782608696,0.0,0.1363636363636363,0.1363636363636363,0.0909090909090909
298,"FewShot_WithAnswer","NEB_Qwen3235BInstruct","Where can liverworts often be found according to the support text?","along stream beds","in desert dunes","on mountain peaks","in sandy soils","Liverworts have two distinct appearances: they can either be leafy like mosses or flattened and ribbon-like. Liverworts get their name from the type with the flattened bodies, which can resemble a liver ( Figure below ). Liverworts can often be found along stream beds.",0.4166666666666667,0.1863389981249824,0.1466914975906513,0.1332918840851442,0.5,21.58623443056982,0.8181818181818182,0.0,0.3,0.1,0.1
299,"FewShot_WithAnswer","NEB_Qwen3235BInstruct","If scientists observe a continuous string of increasing earthquakes near a volcano, what is the most likely conclusion?","eruption is close","magma has cooled completely","volcanic activity has ceased","earthquakes are unrelated to the volcano","Earthquakes may take place every day near a volcano. But before an eruption, the number and size of earthquakes increases. This is the result of magma pushing upward into the magma chamber. This motion causes stresses on neighboring rock to build up. Eventually the ground shakes. A continuous string of earthquakes may indicate that a volcano is about to erupt. Scientists use seismographs to record the length and strength of each earthquake.",0.4,0.316227766016838,0.2508741329862394,0.2046592065585361,0.5,8.357032334832807,0.8888888888888888,0.0,0.2,0.2,0.0666666666666666
300,"FewShot_WithAnswer","NEB_Qwen3235BInstruct","What term refers to the variety of life and its processes, including the variety of living organisms, genetic differences among them, and the communities and ecosystems in which they occur?","biodiversity","ecosystem","evolution","taxonomy","Biodiversity refers to the variety of life and its processes, including the variety of living organisms, the genetic differences among them, and the communities and ecosystems in which they occur. Scientists have identified about 1.9 million species alive today. They are divided into the six kingdoms of life shown in Figure below . Scientists are still discovering new species. Thus, they do not know for sure how many species really exist today. Most estimates range from 5 to 30 million species.",0.8886176221906066,0.8472636589031173,0.8131842532839756,0.7875156669094997,0.9285714285714286,4.449840198319425,0.9,0.0,0.925925925925926,0.8518518518518519,0.074074074074074
302,"FewShot_WithAnswer","NEB_Qwen3235BInstruct","What is the term for a rock that contains important minerals?","ore","gemstone","fossil","sediment","An ore is a rock that contains important minerals.",0.537398482930342,0.4005531796125017,0.3470624396639731,0.3078894574584406,0.761904761904762,2.4973170668830798,0.8181818181818182,0.0,0.5555555555555556,0.5555555555555556,0.2222222222222222
303,"FewShot_WithAnswer","NEB_Qwen3235BInstruct","Igneous rocks are grouped by the size of their crystals and what else?","minerals they contain","age of the rock","geographic location","amount of water present","Igneous rocks are grouped by the size of their crystals and the minerals they contain. The minerals in igneous rocks are grouped into families. Some contain mostly lighter colored minerals, some have a combination of light and dark minerals, and some have mostly darker minerals. The combination of minerals is determined by the composition of the magma. Magmas that produce lighter colored minerals are higher in silica. These create rocks such as granite and rhyolite. Darker colored minerals are found in rocks such as gabbro and basalt.",0.6428571428571429,0.479157423749955,0.4133878364904831,0.3645467850474581,0.7272727272727272,3.3034571287308605,0.8461538461538461,0.0,0.8333333333333334,0.3333333333333333,0.1666666666666666
304,"FewShot_WithAnswer","NEB_Qwen3235BInstruct","In the process of convection, heat transfer occurs through the macroscopic movement of a what?","fluid","solid","vacuum","insulator","14.4 Heat Transfer Methods Equally as interesting as the effects of heat transfer on a system are the methods by which this occurs. Whenever there is a temperature difference, heat transfer occurs. Heat transfer may occur rapidly, such as through a cooking pan, or slowly, such as through the walls of a picnic ice chest. We can control rates of heat transfer by choosing materials (such as thick wool clothing for the winter), controlling air movement (such as the use of weather stripping around doors), or by choice of color (such as a white roof to reflect summer sunlight). So many processes involve heat transfer, so that it is hard to imagine a situation where no heat transfer occurs. Yet every process involving heat transfer takes place by only three methods: 1. Conduction is heat transfer through stationary matter by physical contact. (The matter is stationary on a macroscopic scale—we know there is thermal motion of the atoms and molecules at any temperature above absolute zero. ) Heat transferred between the electric burner of a stove and the bottom of a pan is transferred by conduction. Convection is the heat transfer by the macroscopic movement of a fluid. This type of transfer takes place in a forced-air furnace and in weather systems, for example. Heat transfer by radiation occurs when microwaves, infrared radiation, visible light, or another form of electromagnetic radiation is emitted or absorbed. An obvious example is the warming of the Earth by the Sun. A less obvious example is thermal radiation from the human body.",0.5882352941176471,0.5261336417646564,0.4699746906149419,0.4312961082030316,0.6666666666666666,4.108201431653245,0.8666666666666667,0.0,0.25,0.3333333333333333,0.0833333333333333
305,"FewShot_WithAnswer","NEB_Qwen3235BInstruct","What abnormal growth can cause hypersecretion by an endocrine gland, such as excessive release of growth hormone from the pituitary gland?","tumor","cyst","infection","hematoma","Hypersecretion by an endocrine gland is often caused by a tumor. For example, a tumor of the pituitary gland can cause hypersecretion of growth hormone. If this occurs in childhood, it results in very long arms and legs and abnormally tall stature by adulthood. The condition is commonly known as gigantism (see Figure below ). See Giants - Part 1 - Pituitary Gigantism and Acromegaly at http://www. youtube. com/watch?v=Ebhf1qKVA9A for information about pituitary giants.",0.217391304347826,0.1944406936956338,0.1727524833571757,0.1488575612482158,0.2857142857142857,2.6482410608180578,0.9047619047619048,0.0,0.2105263157894736,0.1578947368421052,0.1578947368421052
306,"FewShot_WithAnswer","NEB_Qwen3235BInstruct","Which gland secretes growth hormone (GH), a key regulator of bone growth through chondrocyte proliferation and osteoblastic activity?","pituitary","thyroid","adrenal","hypothalamus","Hormones That Influence Osteoblasts and/or Maintain the Matrix Several hormones are necessary for controlling bone growth and maintaining the bone matrix. The pituitary gland secretes growth hormone (GH), which, as its name implies, controls bone growth in several ways. It triggers chondrocyte proliferation in epiphyseal plates, resulting in the increasing length of long bones. GH also increases calcium retention, which enhances mineralization, and stimulates osteoblastic activity, which improves bone density. GH is not alone in stimulating bone growth and maintaining osseous tissue. Thyroxine, a hormone secreted by the thyroid gland promotes osteoblastic activity and the synthesis of bone matrix. During puberty, the sex hormones (estrogen in girls, testosterone in boys) also come into play. They too promote osteoblastic activity and production of bone matrix, and in addition, are responsible for the growth spurt that often occurs during adolescence. They also promote the conversion of the epiphyseal plate to the epiphyseal line (i. , cartilage to its bony remnant), thus bringing an end to the longitudinal growth of bones. Additionally, calcitriol, the active form of vitamin D, is produced by the kidneys and stimulates the absorption of calcium and phosphate from the digestive tract.",0.1818181818181818,0.1574591643244434,0.1331625782126779,0.1042387386258711,0.2727272727272727,3.7072348804565793,0.8888888888888888,0.0,0.2941176470588235,0.1764705882352941,0.0588235294117647
307,"FewShot_WithAnswer","NEB_Qwen3235BInstruct","In the context of formal charge calculations, what does the formal charge NOT represent, despite being a useful bookkeeping tool in Lewis structures?","actual charges","valence electrons","bonding electrons","lone pair electrons","Calculating Formal Charge The formal charge of an atom in a molecule is the hypothetical charge the atom would have if we could redistribute the electrons in the bonds evenly between the atoms. Another way of saying this is that formal charge results when we take the number of valence electrons of a neutral atom, subtract the nonbonding electrons, and then subtract the number of bonds connected to that atom in the Lewis structure. Thus, we calculate formal charge as follows: formal charge = # valence shell electrons (free atom) − # lone pair electrons − 1 # bonding electrons 2 We can double-check formal charge calculations by determining the sum of the formal charges for the whole structure. The sum of the formal charges of all atoms in a molecule must be zero; the sum of the formal charges in an ion should equal the charge of the ion. We must remember that the formal charge calculated for an atom is not the actual charge of the atom in the molecule. Formal charge is only a useful bookkeeping procedure; it does not indicate the presence of actual charges.",0.2808118919485728,0.1907741137008376,0.1348616727555729,0.0870412198720658,0.392156862745098,8.510576959891305,0.9130434782608696,0.0,0.15,0.1,0.0
308,"FewShot_WithAnswer","NEB_Qwen3235BInstruct","What type of layer makes up the bottom of an aquifer, preventing water from further downward movement?","impermeable","porous","permeable","saturated","A rock layer must be porous and permeable to be a good aquifer. An impermeable layer makes up the bottom of an aquifer.",0.5789473684210527,0.4937279747182557,0.4559672688423332,0.4276867872116875,0.64,4.457348854399925,0.8823529411764706,0.0,0.4,0.4,0.0666666666666666
309,"FewShot_WithAnswer","NEB_Qwen3235BInstruct","Based on the concept of shared ancestral and shared derived characters in phylogenetic trees, which clade represents the group for which the amniotic egg is considered a shared ancestral character?","amniota","vertebrata","mammalia","chordata","Shared Characteristics Organisms evolve from common ancestors and then diversify. Scientists use the phrase “descent with modification” because even though related organisms have many of the same characteristics and genetic codes, changes occur. This pattern repeats over and over as one goes through the phylogenetic tree of life: 1. A change in the genetic makeup of an organism leads to a new trait which becomes prevalent in the group. Many organisms descend from this point and have this trait. New variations continue to arise: some are adaptive and persist, leading to new traits. With new traits, a new branch point is determined (go back to step 1 and repeat). If a characteristic is found in the ancestor of a group, it is considered a shared ancestral character because all of the organisms in the taxon or clade have that trait. The vertebrate in Figure 20.10 is a shared ancestral character. Now consider the amniotic egg characteristic in the same figure. Only some of the organisms in Figure 20.10 have this trait, and to those that do, it is called a shared derived character because this trait derived at some point but does not include all of the ancestors in the tree. The tricky aspect to shared ancestral and shared derived characters is the fact that these terms are relative. The same trait can be considered one or the other depending on the particular diagram being used. Returning to Figure 20.10, note that the amniotic egg is a shared ancestral character for the Amniota clade, while having hair is a shared derived character for some organisms in this group. These terms help scientists distinguish between clades in the building of phylogenetic trees.",0.3437499999999999,0.2931509849889643,0.2229942532212961,0.1648911847672809,0.5142857142857142,4.226219182664504,0.9333333333333332,0.0,0.2307692307692307,0.1153846153846153,0.0
310,"FewShot_WithAnswer","NEB_Qwen3235BInstruct","What is the primary causative agent transmitted from ticks to humans in the context of Lyme disease, according to the support text?","bacteria","viruses","fungi","parasitic worms","Humans have literally walked into some new bacterial diseases. When people come into contact with wild populations, they may become part of natural cycles of disease transmission. Consider Lyme disease. It’s caused by bacteria that normally infect small, wild mammals, such as mice. A tick bites a mouse and picks up the bacteria. The tick may then bite a human who invades the natural habitat. Through the bite, the bacteria are transmitted to the human host.",0.2083333333333333,0.1317615691736824,0.0910506869686066,0.0765344119984825,0.3571428571428571,3.944971182429056,0.9090909090909092,0.0,0.1052631578947368,0.1052631578947368,0.0
311,"FewShot_WithAnswer","NEB_Qwen3235BInstruct","What is the term used to describe the side-to-side movement of the mandible, which includes both lateral and medial movements?","excursion","articulation","protrusion","retrusion","Excursion is the side to side movement of the mandible. Lateral excursion moves the mandible away from the midline, toward either the right or left side. Medial excursion returns the mandible to its resting position at the midline.",0.4090909090909091,0.3340213285613425,0.2769893247760754,0.214707528943891,0.4615384615384615,1.2189490602437052,0.9,0.0,0.1764705882352941,0.1764705882352941,0.0
312,"FewShot_WithAnswer","NEB_Qwen3235BInstruct","What geological agent is responsible for depositing moraines, including both ground moraines and end moraines, as described in the support text?","glacier","river","wind","volcano","A moraine is sediment deposited by a glacier. A ground moraine is a thick layer of sediments left behind by a retreating glacier. An end moraine is a low ridge of sediments deposited at the end of the glacier. It marks the greatest distance the glacier advanced.",0.0833333333333333,0.0589255650988789,0.0532467647545345,0.0511816460210563,0.1538461538461538,6.981782804706739,0.9047619047619048,0.0,0.05,0.05,0.0
313,"FewShot_WithAnswer","NEB_Qwen3235BInstruct","At what gestational age does the development of the respiratory system in the fetus begin?","4 weeks","8 weeks","12 weeks","24 weeks","22.7 Embryonic Development of the Respiratory System The development of the respiratory system in the fetus begins at about 4 weeks and continues into childhood. Ectodermal tissue in the anterior portion of the head region invaginates posteriorly, forming olfactory pits, which ultimately fuse with endodermal tissue of the early pharynx. At about this same time, an protrusion of endodermal tissue extends anteriorly from the foregut, producing a lung bud, which continues to elongate until it forms the laryngotracheal bud. The proximal portion of this structure will mature into the trachea, whereas the bulbous end will branch to form two bronchial buds. These buds then branch repeatedly, so that at about week 16, all major airway structures are present. Development progresses after week 16 as respiratory bronchioles and alveolar ducts form, and extensive vascularization occurs. Alveolar type I cells also begin to take shape. Type II pulmonary cells develop and begin to produce small amounts of surfactant. As the fetus grows, the respiratory system continues to expand as more alveoli develop and more surfactant is produced. Beginning at about week 36 and lasting into childhood, alveolar precursors mature to become fully functional alveoli. At birth, compression of the thoracic cavity forces much of the fluid in the lungs to be expelled. The first inhalation inflates the lungs. Fetal breathing movements begin around week 20 or 21, and occur when contractions of the respiratory muscles cause the fetus.",0.5625,0.5303300858899107,0.5081981784074268,0.4870018732126484,0.6666666666666666,2.375274241044516,0.8666666666666667,0.0,0.5,0.5,0.0833333333333333
314,"FewShot_WithAnswer","NEB_Qwen3235BInstruct","What are the plants called that grow on other plants and obtain moisture from the air rather than the soil?","epiphytes","parasites","saprophytes","xerophytes","Plants called epiphytes grow on other plants. They obtain moisture from the air instead of the soil. Most epiphytes are ferns or orchids that live in rainforests. Host trees provide support for the plants. They allow epiphytes to get air and sunlight high above the forest floor. This lets the plants get out of the shadows on the forest floor so they can get enough light for photosynthesis. Being elevated may also reduce the risk of being eaten by herbivores. In addition, it may increase the chances of pollination by wind.",0.4761904761904761,0.3984095364447979,0.3166380838643322,0.2660812517643414,0.6923076923076924,4.330112730492503,0.9,0.0,0.2352941176470588,0.2941176470588235,0.2352941176470588
315,"FewShot_WithAnswer","NEB_Qwen3235BInstruct","What term describes an object attached to a spring on a frictionless surface that exhibits periodic motion with amplitude X and period T, where the maximum speed occurs at equilibrium and the period decreases with increased spring stiffness?","simple harmonic oscillator","damped oscillation system","forced resonance device","inertial reference frame","Figure 16.9 An object attached to a spring sliding on a frictionless surface is an uncomplicated simple harmonic oscillator. When displaced from equilibrium, the object performs simple harmonic motion that has an amplitude X and a period T . The object’s maximum speed occurs as it passes through equilibrium. The stiffer the spring is, the smaller the period.",0.275,0.2345207879911715,0.2037744725191503,0.1727553206126255,0.3404255319148936,7.5120244971940435,0.9473684210526316,0.0,0.1515151515151515,0.1212121212121212,0.0303030303030303
318,"FewShot_WithAnswer","NEB_Qwen3235BInstruct","The different characteristics of mixture components that allow separation through methods like boiling, dissolving, or filtering are known as their ________ properties.","physical","chemical","molecular","thermal","The components of a mixture keep their own identity when they combine, so they retain their physical properties. Examples of physical properties include boiling point, ability to dissolve, and particle size. When components of mixtures vary in physical properties such as these, processes such as boiling, dissolving, or filtering can be used to separate them.",0.3274923012311928,0.1035621588060534,0.0715227191767763,0.060073969518618,0.3111111111111111,5.654886866559876,0.9090909090909092,0.0,0.2,0.1,0.05
319,"FewShot_WithAnswer","NEB_Qwen3235BInstruct","Based on the thermite reaction's characteristics described in the support text, which term best describes the nature of the energy change during the reaction?","exothermic","endothermic","isothermic","adiabatic","Thermodynamic spontaneity. The highly exothermic and dramatic thermite reaction is thermodynamically spontaneous. Reactants of aluminum and a metal oxide, usually iron, which are stable at room temperature, are ignited either in the presence of heat or by the reaction of potassium permanganate and glycerin. The resulting products are aluminum oxide, free and molten elemental metal, and a great deal of heat, which makes this an excellent method for on-site welding. Because this reaction has its own oxygen supply, it can be used for underwater welding as well.",0.1851851851851851,0.117121394821051,0.0808040337263488,0.0677781606334929,0.1538461538461538,10.671408007272449,0.9166666666666666,0.0,0.0526315789473684,0.0526315789473684,0.0
320,"FewShot_WithAnswer","NEB_Qwen3235BInstruct","What do nectar-feeding bats do to flowers when they transfer pollen from one flower to another, enabling the plant to reproduce?","pollinate","fertilize","germinate","photosynthesize","Mammals also interact with other species in many symbiotic relationships. For example, bats have established mutually beneficial relationships with plants. Nectar-feeding bats receive a tasty treat from each flower, and, in return, they pollinate the flowers. That means they transfer pollen from one flower to another, allowing the plant to reproduce. Non-flying mammalian pollinators include marsupials, primates, and rodents. In most cases, these animals visit flowers to eat their nectar, and end up with pollen stuck to their bodies. When the animal visits another flower to eat the nectar, the pollen is transferred to that flower.",0.3478260869565218,0.3253615118933863,0.3067752425676167,0.2879406021546492,0.5185185185185185,2.3430601566367946,0.9047619047619048,0.0,0.4,0.35,0.1
321,"FewShot_WithAnswer","NEB_Qwen3235BInstruct","The numbers and types of species that live in them generally change over time, and these dynamic assemblages are referred to as?","communities","ecosystems","habitats","niches","Communities are not usually static. The numbers and types of species that live in them generally change over time. This is called ecological succession. Important cases of succession are primary and secondary succession.",0.4583333333333333,0.3908679799852858,0.3595920908123379,0.3355751094991444,0.5405405405405405,4.011959290714271,0.9090909090909092,0.0,0.6190476190476191,0.3809523809523809,0.238095238095238
322,"FewShot_WithAnswer","NEB_Qwen3235BInstruct","Which group of organisms are multicellular eukaryotes that lack cell walls, are heterotrophic, have sensory organs, the ability to move, internal digestion, and typically undergo sexual reproduction?","animals","plants","fungi","protists","Animals are multicellular eukaryotes that lack cell walls. All animals are heterotrophs. They have sensory organs, the ability to move, and internal digestion. They also have sexual reproduction.",0.5151515151515151,0.4674923824406519,0.4219528533581442,0.3731470558162112,0.5909090909090908,3.284764024347853,0.925925925925926,0.0,0.2692307692307692,0.3076923076923077,0.0384615384615384
323,"FewShot_WithAnswer","NEB_Qwen3235BInstruct","Diarrhea, stomachaches, and nausea after eating something that didn't 'agree' with you are symptoms related to which body system?","digestive","respiratory","nervous","circulatory","Most of the time, you probably aren’t aware of your digestive system. It works well without causing any problems. But most people have problems with their digestive system at least once in a while. Did you ever eat something that didn’t “agree” with you? Maybe you had a stomachache or felt sick to your stomach? Maybe you had diarrhea? These could be symptoms of foodborne illness, food allergies, or a food intolerance.",0.2083333333333333,0.1317615691736824,0.0910506869686066,0.0765344119984825,0.1290322580645161,9.765772747462252,0.8947368421052632,0.0,0.1052631578947368,0.0526315789473684,0.0526315789473684
324,"FewShot_WithAnswer","NEB_Qwen3235BInstruct","What determines an element's atomic number and distinguishes one element from another?","protons","neutrons","electrons","isotopes","Atomic Number and Mass Atoms of each element contain a characteristic number of protons and electrons. The number of protons determines an element’s atomic number and is used to distinguish one element from another. The number of neutrons is variable, resulting in isotopes, which are different forms of the same atom that vary only in the number of neutrons they possess. Together, the number of protons and the number of neutrons determine an element’s mass number, as illustrated in Figure 2.3. Note that the small contribution of mass from electrons is disregarded in calculating the mass number. This approximation of mass can be used to easily calculate how many neutrons an element has by simply subtracting the number of protons from the mass number. Since an element’s isotopes will have slightly different mass numbers, scientists also determine the atomic mass, which is the calculated mean of the mass number for its naturally occurring isotopes. Often, the resulting number contains a fraction. For example, the atomic mass of chlorine (Cl) is 35.45 because chlorine is composed of several isotopes, some (the majority) with atomic mass 35 (17 protons and 18 neutrons) and some with atomic mass 37 (17 protons and 20 neutrons).",0.4131191620488269,0.3736803420605425,0.3235983987764261,0.2583404713957014,0.6206896551724137,2.005256877529233,0.8333333333333334,0.0,0.3636363636363636,0.3636363636363636,0.0909090909090909
327,"FewShot_WithAnswer","NEB_Qwen3235BInstruct","What process occurs not only during growth but also during reproduction in organisms?","cell division","cell differentiation","protein synthesis","mitochondrial fission","Cell division occurs not only as organisms grow. It also occurs when they reproduce.",0.4285714285714285,0.3030457633656632,0.2417506733319225,0.1852381597170944,0.4999999999999999,3.207053436186327,0.8461538461538461,0.0,0.2307692307692307,0.2307692307692307,0.0769230769230769
328,"FewShot_WithAnswer","NEB_Qwen3235BInstruct","What do scientists use to understand and make predictions about Earth's extremely complex systems?","models","theories","instruments","formulas","Scientific models are useful tools for scientists. Most of Earth's systems are extremely complex. Models allow scientists to work with systems that are nearly impossible to study as a whole. Models help scientists to understand these systems. They can analyze and make predictions about them using the models. There are different types of models.",0.6458464806842646,0.5507797293505405,0.4848687124711572,0.4182300735902144,0.689655172413793,3.235370446882943,0.8571428571428571,0.0,0.2857142857142857,0.3571428571428571,0.3571428571428571
329,"FewShot_WithAnswer","NEB_Qwen3235BInstruct","In the context of solution concentration, what does the term 'concentrated' specifically refer to when describing a solution?","dissolved solute","evaporated solvent","undissolved particles","chemical bonds","There are cultures that have no numbers above three. Anything greater than that is simply referred to as “much” or “many”. We recognize how limited this form of calculation is, but we do some of the same thing. There are several ways to express the amount of solute in a solution in a quantitative manner. The concentration of a solution is a measure of the amount of solute that has been dissolved in a given amount of solvent or solution. A concentrated solution is one that has a relatively large amount of dissolved solute. A dilute solution is one that has a relatively small amount of dissolved solute. However, those terms are vague and we need to be able to express concentration with numbers.",0.238095238095238,0.10647942749999,0.0827625391639631,0.0739072349494318,0.2307692307692307,3.909029904791464,0.8888888888888888,0.0,0.1333333333333333,0.0666666666666666,0.0
330,"FewShot_WithAnswer","NEB_Qwen3235BInstruct","Which type of bond involves the sharing of six electrons between atoms?","triple bond","single bond","double bond","ionic bond","Each bond includes a sharing of electrons between atoms. Two electrons are shared in a single bond; four electrons are shared in a double bond; and six electrons are shared in a triple bond.",0.1049009628361406,0.0829314928267202,0.0580283450971581,0.0417148011320722,0.35,5.8924071223717895,0.8333333333333334,0.0,0.2727272727272727,0.2727272727272727,0.0909090909090909
331,"FewShot_WithAnswer","NEB_Qwen3235BInstruct","What is the term for the process in which an organism breaks into parts, with each part capable of regenerating into a fully new individual if conditions are met?","fragmentation","budding","fission","metamorphosis","View this video (http://openstaxcollege. org/l/budding_hydra2) to see a hydra budding. Fragmentation Fragmentation is the breaking of an individual into parts followed by regeneration. If the animal is capable of fragmentation, and the parts are big enough, a separate individual will regrow from each part. Fragmentation may occur through accidental damage, damage from predators, or as a natural form of reproduction. Reproduction through.",0.3225806451612903,0.2280989616730798,0.1513741738319315,0.104577761129775,0.3783783783783784,2.490769046909709,0.9310344827586208,0.0,0.08,0.08,0.12
332,"FewShot_WithAnswer","NEB_Qwen3235BInstruct","The left atrium receives oxygen-rich blood from what source?","lungs","liver","kidneys","brain","The left atrium receives oxygen-rich blood from the lungs.",0.8,0.7483314773547882,0.7200548655035272,0.6950150297221261,0.75,5.385139533871821,0.7777777777777778,0.0,0.75,0.75,0.375
333,"FewShot_WithAnswer","NEB_Qwen3235BInstruct","In the process described involving evaporation from oceans and condensation in clouds, what is the key entity that is transferred from the ocean to the atmosphere, driving the formation of thunderheads and hurricanes?","heat","water","pressure","wind","Another important example of the combination of phase change and convection occurs when water evaporates from the oceans. Heat is removed from the ocean when water evaporates. If the water vapor condenses in liquid droplets as clouds form, heat is released in the atmosphere. Thus, there is an overall transfer of heat from the ocean to the atmosphere. This process is the driving power behind thunderheads, those great cumulus clouds that rise as much as 20.0 km into the stratosphere. Water vapor carried in by convection condenses, releasing tremendous amounts of energy. This energy causes the air to expand and rise, where it is colder. More condensation occurs in these colder regions, which in turn drives the cloud even higher. Such a mechanism is called positive feedback, since the process reinforces and accelerates itself. These systems sometimes produce violent storms, with lightning and hail, and constitute the mechanism driving hurricanes.",0.25,0.1666666666666666,0.1166504674625335,0.0826599490730339,0.2790697674418604,5.541868796974202,0.9393939393939394,0.0,0.1428571428571428,0.0714285714285714,0.0
334,"FewShot_WithAnswer","NEB_Qwen3235BInstruct","What physical property increases when the number of gas molecules in the same volume container is increased?","pressure","temperature","volume","density","An increase in the number of gas molecules in the same volume container increases pressure.",0.6111111111111112,0.582671582316751,0.5643481265532888,0.547523566534089,0.6206896551724138,6.958023063960759,0.8823529411764706,0.0,0.5333333333333333,0.5333333333333333,0.1333333333333333
335,"FewShot_WithAnswer","NEB_Qwen3235BInstruct","What component位于 beneath the surface of an induction cooktop that generates a rapidly varying magnetic field to induce eddy currents in the cookware?","electromagnets","resistive coils","infrared emitters","thermocouples","Induction cooktops have electromagnets under their surface. The magnetic field is varied rapidly producing eddy currents in the base of the pot, causing the pot and its contents to increase in temperature. Induction cooktops have high efficiencies and good response times but the base of the pot needs to be ferromagnetic, iron or steel for induction to work.",0.1666666666666666,0.0833333333333333,0.0670867197530385,0.0608655776057909,0.2222222222222221,19.471780150796185,0.9130434782608696,0.0,0.1578947368421052,0.0526315789473684,0.0
336,"FewShot_WithAnswer","NEB_Qwen3235BInstruct","How many types of molecular orbitals can form from the overlap of two atomic s orbitals on adjacent atoms?","two","one","three","four","There are two types of molecular orbitals that can form from the overlap of two atomic s orbitals on adjacent atoms. The two types are illustrated in Figure 8.29. The in-phase combination produces a lower energy σs molecular orbital (read as ""sigma-s"") in which most of the electron density is directly between the nuclei. The out-of-phase addition (which can also be thought of as subtracting the wave functions) produces a higher energy molecular orbital (read as ""sigma-s-star"") molecular orbital in which there is a node between the nuclei. The asterisk signifies that the orbital is an antibonding orbital. Electrons in a σs orbital are attracted by both nuclei at the same time and are more stable (of lower energy) than they would be in the isolated atoms. Adding electrons to these orbitals creates a force that holds the two nuclei together, so we call these orbitals bonding orbitals. Electrons in the σ*s orbitals are located well away from the region between the two nuclei. The attractive force between the nuclei and these electrons pulls the two nuclei apart. Hence, these orbitals are called antibonding orbitals. Electrons fill the lower-energy bonding orbital before the higher-energy antibonding orbital, just as they fill lower-energy atomic orbitals before they fill higher-energy atomic orbitals.",1.0,1.0,1.0,1.0,1.0,6.623206255073722,0.8947368421052632,0.0,0.6666666666666666,1.0,0.0
337,"FewShot_WithAnswer","NEB_Qwen3235BInstruct","Based on the provided information about salicylic acid's role in a common pharmaceutical synthesis and its aqueous properties, what is the final product formed when salicylic acid undergoes acetylation?","aspirin","ibuprofen","paracetamol","naproxen","Salicylic acid is used in the synthesis of acetylsalicylic acid, or aspirin. One gram dissolves in 460 mL of water to create a saturated solution with a pH of 2.40.",0.25,0.0883883476483184,0.063164943524107,0.0538364941141327,0.2564102564102564,2.317359272447978,0.9310344827586208,0.0,0.0769230769230769,0.0769230769230769,0.0
339,"FewShot_WithAnswer","NEB_Qwen3235BInstruct","In which type of environment do psychrophiles grow and reproduce optimally?","cold temperatures","high pressure","high salinity","hot springs","Psychrophiles grow and reproduce in cold temperatures. The optimal growth temperature of some psychrophiles is 15°C or lower; they cannot grow in temperatures above 20°C. The environments that psychrophiles inhabit are found all over Earth. Psychrophiles live in such places as permafrost soils, deep-ocean waters, Arctic and Antarctic glaciers and snowfields.",0.5833333333333334,0.4409585518440984,0.328204312504043,0.2438418319342608,0.5454545454545454,2.404022803400285,0.8181818181818182,0.0,0.3636363636363636,0.2727272727272727,0.0
340,"FewShot_WithAnswer","NEB_Qwen3235BInstruct","What process creates new seafloor at mid-ocean ridges, ultimately forming the entire ocean floor through volcanic activity?","seafloor spreading","subduction","continental drift","erosion","Volcanoes erupt at mid-ocean ridges, such as the Mid-Atlantic ridge. Seafloor spreading creates new seafloor in the rift valleys. This type of volcanism makes all of the ocean floor! Where a hotspot is located along the ridge, such as at Iceland, volcanoes grow high enough to create islands ( Figure below ).",0.3157894736842105,0.223296878269436,0.1769460740420507,0.1343595275616131,0.3478260869565217,8.072283187486908,0.8823529411764706,0.0,0.1875,0.1875,0.0625
341,"FewShot_WithAnswer","NEB_Qwen3235BInstruct","What are the building blocks of proteins, which are macromolecules essential for cellular functions such as enzymatic activity and structural support?","amino acids","fatty acids","monosaccharides","nucleotides","2.3 Biological Molecules Living things are carbon-based because carbon plays such a prominent role in the chemistry of living things. The four covalent bonding positions of the carbon atom can give rise to a wide diversity of compounds with many functions, accounting for the importance of carbon in living things. Carbohydrates are a group of macromolecules that are a vital energy source for the cell, provide structural support to many organisms, and can be found on the surface of the cell as receptors or for cell recognition. Carbohydrates are classified as monosaccharides, disaccharides, and polysaccharides, depending on the number of monomers in the molecule. Lipids are a class of macromolecules that are nonpolar and hydrophobic in nature. Major types include fats and oils, waxes, phospholipids, and steroids. Fats and oils are a stored form of energy and can include triglycerides. Fats and oils are usually made up of fatty acids and glycerol. Proteins are a class of macromolecules that can perform a diverse range of functions for the cell. They help in metabolism by providing structural support and by acting as enzymes, carriers or as hormones. The building blocks of proteins are amino acids. Proteins are organized at four levels: primary, secondary, tertiary, and quaternary. Protein shape and function are intricately linked; any change in shape caused by changes in temperature, pH, or chemical exposure may lead to protein denaturation and a loss of function.",0.2608695652173913,0.2129991080681024,0.1835769067870791,0.1557995543665952,0.4444444444444444,1.9237955693291011,0.9047619047619048,0.0,0.2,0.2,0.05
342,"FewShot_WithAnswer","NEB_Qwen3235BInstruct","Gigantism and Type 1 diabetes are examples of what type of diseases?","endocrine diseases","autoimmune diseases","neurological diseases","cardiovascular diseases","Endocrine system diseases are fairly common. An endocrine disease usually involves the secretion of too much or not enough hormone by an endocrine hormone. Examples of endocrine diseases are gigantism and Type 1 diabetes.",0.8461538461538461,0.72160242458822,0.6385408077376465,0.5547001962252291,0.9166666666666666,3.4529719049055543,0.8333333333333334,0.0,0.4166666666666667,0.5,0.1666666666666666
343,"FewShot_WithAnswer","NEB_Qwen3235BInstruct","What process occurs through the stomata in plant leaves, which are regulated by guard cells to control opening and closing?","gas exchange","water synthesis","light absorption","sugar transport","Although the equation looks simple, the many steps that take place during photosynthesis are actually quite complex. Before learning the details of how photoautotrophs turn sunlight into food, it is important to become familiar with the structures involved. In plants, photosynthesis generally takes place in leaves, which consist of several layers of cells. The process of photosynthesis occurs in a middle layer called the mesophyll. The gas exchange of carbon dioxide and oxygen occurs through small, regulated openings called stomata (singular: stoma), which also play roles in the regulation of gas exchange and water balance. The stomata are typically located on the underside of the leaf, which helps to minimize water loss. Each stoma is flanked by guard cells that regulate the opening and closing of the stomata by swelling or shrinking in response to osmotic changes. In all autotrophic eukaryotes, photosynthesis takes place inside an organelle called a chloroplast. For plants, chloroplastcontaining cells exist in the mesophyll. Chloroplasts have a double membrane envelope (composed of an outer membrane and an inner membrane). Within the chloroplast are stacked, disc-shaped structures called thylakoids. Embedded in the thylakoid membrane is chlorophyll, a pigment (molecule that absorbs light) responsible for the initial interaction between light and plant material, and numerous proteins that make up the electron transport chain. The thylakoid membrane encloses an internal space called the thylakoid lumen. As shown in Figure 8.6, a stack of thylakoids is called a granum, and the liquid-filled space surrounding the granum is called stroma or “bed” (not to be confused with stoma or “mouth,” an opening on the leaf epidermis).",0.3636363636363636,0.1818181818181818,0.1163282269605149,0.0941903330761,0.4571428571428571,10.506817338244709,0.9,0.0,0.1578947368421052,0.1052631578947368,0.0526315789473684
344,"FewShot_WithAnswer","NEB_Qwen3235BInstruct","What do you call molecules made of one carbon and four hydrogen atoms?","hydrocarbons","carbohydrates","proteins","nucleic acids","Hydrocarbons are molecules made of one carbon and four hydrogen atoms.",0.7142857142857143,0.6776309271789385,0.656212286515851,0.6371804857892112,0.7500000000000001,2.8238462807488744,0.8461538461538461,0.0,0.6923076923076923,0.6153846153846154,0.3076923076923077
345,"FewShot_WithAnswer","NEB_Qwen3235BInstruct","What subatomic particle determines the identity of an element and gives the nucleus its positive charge?","protons","electrons","neutrons","photons","All protons are identical. For example, hydrogen protons are exactly the same as protons of helium and all other elements, or pure substances. However, atoms of different elements have different numbers of protons. In fact, atoms of any given element have a unique number of protons that is different from the numbers of protons of all other elements. For example, a hydrogen atom has just one proton, whereas a helium atom has two protons. The number of protons in an atom determines the electrical charge of the nucleus. The nucleus also contains neutrons, but they are neutral in charge. The one proton in a hydrogen nucleus, for example, gives it a charge of +1, and the two protons in a helium nucleus give it a charge of +2. To learn more about the relationship between protons and elements, go to this URL:.",0.1176470588235294,0.0831890330807702,0.0756259291370069,0.0732791170467322,0.1818181818181818,5.066692781716714,0.875,0.0,0.0769230769230769,0.0769230769230769,0.1538461538461538
347,"FewShot_WithAnswer","NEB_Qwen3235BInstruct","What term refers to the repeating series of events in eukaryotic cells that includes two growth phases, DNA synthesis, and mitosis?","cell cycle","scales","nucleolus","lysosome","The cell cycle is a repeating series of events that cells go through. It includes growth, DNA synthesis, and cell division. In eukaryotic cells, there are two growth phases, and cell division includes mitosis.",0.1666666666666666,0.0833333333333333,0.0670867197530385,0.0608655776057909,0.1874999999999999,14.38070468776193,0.9047619047619048,0.0,0.2,0.05,0.2
349,"FewShot_WithAnswer","NEB_Qwen3235BInstruct","In which geological layer is gabbro, a dark dense rock, predominantly located?","oceanic crust","continental mantle","upper atmosphere","sedimentary basins","Mark A. Wilson (Department of Geology, The College of Wooster). Gabbro is a dark dense rock that can be found in oceanic crust . Public Domain.",0.4,0.3265986323710904,0.2837966823940768,0.2435158009922315,0.5454545454545454,80.2845502319738,0.8333333333333334,0.0,0.2727272727272727,0.2727272727272727,0.1818181818181818
350,"FewShot_WithAnswer","NEB_Qwen3235BInstruct","What provides clear evidence of evolution and acts as a window into the past by showing how species, such as the horse, have changed over time?","fossils","embryos","mutations","genes","Fossils are a window into the past. They provide clear evidence that evolution has occurred. Scientists who find and study fossils are called paleontologists. How do they use fossils to understand the past? Consider the example of the horse, shown in the Figure below. The fossil record shows how the horse evolved.",0.2413793103448276,0.2234738171864779,0.2073743745568304,0.1906515645946688,0.4137931034482758,4.575624768601923,0.9230769230769232,0.0,0.1304347826086956,0.2608695652173913,0.1304347826086956
352,"FewShot_WithAnswer","NEB_Qwen3235BInstruct","What is the specific type of cell division that reduces the chromosome number by half and produces haploid gametes in gonadal cells?","meiosis","mitosis","fertilization","budding","Fertilization joins haploid gametes into a diploid zygote. How do gametes end up with half the amount, a haploid amount, of DNA? The mechanism that produces haploid cells is meiosis. Meiosis is a type of cell division that halves the number of chromosomes. Meiosis is specific to gamete producing cells in the gonads. Meiosis begins with a diploid cell and ends with four haploid cells. These cells eventually differentiate into mature sperm or egg cells. During meiosis the pairs of homologous chromosomes separate and segregate randomly to produce gametes with one chromosome from each pair. Only germ cells like spermatocytes and oocytes, can undergo meiosis.",0.2608695652173913,0.1506131137016415,0.1010262651313409,0.0837087582569252,0.3225806451612903,1.836826874032946,0.9090909090909092,0.0,0.25,0.05,0.25
353,"FewShot_WithAnswer","NEB_Qwen3235BInstruct","What is the term for the nuclear reaction that occurs when a slow neutron collides with an element like uranium, resulting in the production of two smaller isotopes, additional neutrons, and heat energy?","fission","fusion","radioactive decay","ionization","Nuclear fission reactions involve collision of a slow neutron with an element, usually uranium. The products of a fission reaction are two smaller isotopes, more neutrons, and heat energy.",0.3243243243243243,0.2477067943219373,0.2042589588233492,0.1643989873053573,0.4651162790697674,3.916720747850321,0.9393939393939394,0.0,0.1428571428571428,0.1428571428571428,0.0714285714285714
355,"FewShot_WithAnswer","NEB_Qwen3235BInstruct","What are traits controlled by genes on the sex chromosomes called?","sex-linked traits","autosomal traits","genomic traits","phenotypic traits","Traits controlled by genes on the sex chromosomes are called sex-linked traits . One gene on the Y chromosome determines male sex. There are very few other genes on the Y chromosome, which is the smallest human chromosome. There are hundreds of genes on the much larger X chromosome. None is related to sex. Traits controlled by genes on the X chromosome are called X-linked traits.",0.8333333333333334,0.6972166887783964,0.6424382213570757,0.6034148992419806,1.0,10.83268682242107,0.8181818181818182,0.0,0.7,0.7,0.4
356,"FewShot_WithAnswer","NEB_Qwen3235BInstruct","Where in the respiratory system does oxygen enter the blood by passing across thin membranes at the end of the long air passages?","alveoli","bronchioles","trachea","epiglottis","During respiration, oxygen gets pulled into the lungs and enters the blood by passing across the thin alveoli membranes and into the capillaries. The alveoli are at the end of the long air passages.",0.4583333333333333,0.414578098794425,0.3739908454980776,0.3456032924296854,0.4666666666666667,6.2564223247025055,0.9130434782608696,0.0,0.3157894736842105,0.3157894736842105,0.1052631578947368
357,"FewShot_WithAnswer","NEB_Qwen3235BInstruct","Which disease is caused by the same virus that causes chicken pox?","shingles","measles","tuberculosis","cholera","Shingles. Shingles is a disease caused by the same virus that causes chicken pox.",0.8547333033621379,0.7802611848372487,0.7505471850089153,0.7304760961961184,0.9090909090909092,2.287599661612261,0.8333333333333334,0.0,0.7272727272727273,0.7272727272727273,0.8181818181818182
358,"FewShot_WithAnswer","NEB_Qwen3235BInstruct","In a solution, what is the name given to the substance in which the solute dissolves?","solvent","solute","solution","mixture","A solution forms when one substance dissolves in another. The substance that dissolves is called the solute. The substance it dissolves in is called the solvent. For example, ocean water is a solution in which the solute is salt and the solvent is water. In this example, a solid (salt) is dissolved in a liquid (water). However, matter in any state can be the solute or solvent in a solution. Solutions may be gases, liquids, or solids. In Table below and the video at the URL below, you can learn about solutions involving other states of matter.",0.6111111111111112,0.4874980215217846,0.3474342931062898,0.226268718099743,0.7272727272727272,1.9218736765009172,0.875,0.0,0.25,0.3333333333333333,0.1666666666666666
360,"FewShot_WithAnswer","NEB_Qwen3235BInstruct","What species accepts an acidic hydrogen atom during an acid-base reaction according to the provided text?","a base","an acid","a salt","a proton donor","Acids can further be categorized based on how many acidic hydrogen atoms they contain. Acidic hydrogen atoms are those which will be transferred to a base. A monoprotic acid has only one acidic hydrogen that would be transferred to a strong base, whereas a polyprotic acid has two or more. Common monoprotic acids include HCl, HBr, and HNO 3 . A common diprotic acid is sulfuric acid (H 2 SO 4 ), and phosphoric acid (H 3 PO 4 ) provides an example of a triprotic acid. In each case, all hydrogens are available to participate in acid-base reactions. However, that is not the case for all acidic molecules. For example, in acetic acid (CH 3 COOH), only the hydrogen bonded to the oxygen atom is acidic. The other three hydrogens are covalently bonded to carbon and cannot be removed by any of the bases that we will consider in this chapter.",0.1764705882352941,0.1018853416216986,0.0865700781894608,0.0810966739272222,0.3333333333333333,7.305013658833273,0.875,0.0,0.1538461538461538,0.1538461538461538,0.0769230769230769
361,"FewShot_WithAnswer","NEB_Qwen3235BInstruct","Which group of consumers captures and kills animals for food, with the hunted animals being referred to as prey?","predators","grazers","scavengers","decomposers","Consumers get their food in different ways Figure below . Grazers feed on living organisms without killing them. A rabbit nibbles on leaves and a mosquito sucks a drop of blood. Predators , like lions, capture and kill animals for food. The animals they eat are called prey . Even some plants are consumers. Pitcher plants trap insects in their sticky fluid in their “pitchers. ” The insects are their prey. Scavengers eat animals that are already dead. This hyena is eating the remains of a lion’s prey. Decomposers break down dead organisms and the wastes of living things. This dung beetle is rolling a ball of dung (animal waste) back to its nest. The beetle will use the dung to feed its young. The mushrooms pictured are growing on a dead log. They will slowly break it down. This releases its nutrients to the soil.",0.2857142857142857,0.2020305089104421,0.1598127060116281,0.1210654104243506,0.2285714285714285,3.7370545355374367,0.8947368421052632,0.0,0.1666666666666666,0.1666666666666666,0.1111111111111111
362,"FewShot_WithAnswer","NEB_Qwen3235BInstruct","What term refers to diseases where the immune system mistakenly targets and destroys normal body cells?","autoimmune","infectious","degenerative","hereditary","Autoimmune diseases occur when the immune system attacks normal body cells.",0.5294117647058824,0.4322628957852667,0.3601460384044719,0.2809271191335903,0.5185185185185186,12.899102752747776,0.875,0.0,0.2,0.2,0.1333333333333333
363,"FewShot_WithAnswer","NEB_Qwen3235BInstruct","What part of angiosperms attracts pollinators to aid in reproduction?","flowers","fruits","roots","leaves","Most modern seed plants are angiosperms that produce seeds in the ovaries of flowers. Ovaries may develop into fruits. Flowers attract pollinators, and fruits are eaten by animals, which help disperse the seeds.",0.1924412150909273,0.0962206075454636,0.0788355904321154,0.0732636939770563,0.32,2.4094173020877903,0.8,0.0,0.1,0.1,0.1
364,"FewShot_WithAnswer","NEB_Qwen3235BInstruct","How many haploid cells are produced at the end of meiosis before they develop into mature gametes?","four haploid cells","two diploid cells","one haploid cell","four diploid cells","At the end of meiosis, four haploid cells have been produced, but the cells are not yet gametes. The cells need to develop before they become mature gametes capable of fertilization. The development of haploid cells into gametes is called gametogenesis.",0.3333333333333333,0.2721655269759087,0.2355661342102643,0.2010537345406002,0.3478260869565217,1.5888838185446854,0.8823529411764706,0.0,0.25,0.1875,0.0625
365,"FewShot_WithAnswer","NEB_Qwen3235BInstruct","Which energy source is primarily responsible for air pollution, acid rain, and contributions to global warming due to its combustion in the U.S.?","fossil fuels","nuclear energy","solar power","wind energy","In the U. S. , the majority of electricity is produced by burning coal or other fossil fuels. This causes air pollution that harms the health of living things. The air pollution also causes acid rain and contributes to global warming. In addition, fossil fuels are nonrenewable resources, so if we keep using them, they will eventually run out. The main advantage of nuclear energy is that it doesn’t release air pollution or cause the other environmental problems associated with the burning of fossil fuels. On the other other hand, radioactive elements are nonrenewable like fossil fuels and could eventually be used up.",0.1538461538461538,0.0769230769230769,0.0618573193629086,0.056039017346012,0.1111111111111111,3.410888106466361,0.9130434782608696,0.0,0.1363636363636363,0.0454545454545454,0.0454545454545454
366,"FewShot_WithAnswer","NEB_Qwen3235BInstruct","Farming practices that leave soil exposed can contribute to what environmental issue, especially when protective vegetation is removed?","erosion","pollution","desertification","flooding","Farming leaves some soil exposed to erosion.",0.4,0.282842712474619,0.1614775415135701,0.1236704583077035,0.4666666666666666,25.864855150462585,0.8888888888888888,0.0,0.1111111111111111,0.1111111111111111,0.1111111111111111
367,"FewShot_WithAnswer","NEB_Qwen3235BInstruct","What are substances called that cannot be broken down into simpler substances and make up matter?","elements","compounds","molecules","minerals","Matter is made up of a mixture of things called elements. Elements are substances that cannot be broken down into simpler substances. There are more than 100 known elements, and 92 occur naturally around us. The others have been made only in the laboratory.",0.1666666666666666,0.0962250448649376,0.0816662175049407,0.0763839011187351,0.3076923076923077,6.40948641489155,0.875,0.0,0.5,0.0625,0.0625
368,"FewShot_WithAnswer","NEB_Qwen3235BInstruct","Based on the diagram and the process of groundwater movement, what subsurface feature ultimately causes water to accumulate and make a well functional?","impermeable rock","permeable soil","surface runoff","evaporation layer","Water seeps into the ground through permeable material and stops when it reaches an impermeable rock. Predict the purpose of the well in the diagram.",0.1599999999999999,0.0799999999999999,0.0643659589737086,0.0583526016818016,0.1818181818181818,10.291569389147297,0.9130434782608696,0.0,0.05,0.05,0.0
369,"FewShot_WithAnswer","NEB_Qwen3235BInstruct","Which body cavity, located within the dorsal cavity, provides a protective space for the spinal cord in vertebrate animals?","spinal cavity","cranial cavity","thoracic cavity","abdominal cavity","Figure 33.6 Vertebrate animals have two major body cavities. The dorsal cavity, indicated in green, contains the cranial and the spinal cavity. The ventral cavity, indicated in yellow, contains the thoracic cavity and the abdominopelvic cavity. The thoracic cavity is separated from the abdominopelvic cavity by the diaphragm. The thoracic cavity is separated into the abdominal cavity and the pelvic cavity by an imaginary line parallel to the pelvis bones. (credit: modification of work by NCI).",0.3181818181818182,0.1700753357624518,0.1112639463946964,0.0910978958531214,0.2857142857142857,7.491536511043892,0.8947368421052632,0.0,0.125,0.125,0.0
370,"FewShot_WithAnswer","NEB_Qwen3235BInstruct","Which biochemical compounds are made of smaller units called amino acids and may perform many essential functions within the cell?","proteins","nucleotides","enzymes","carbohydrates","Proteins are organic compounds that contain carbon, hydrogen, oxygen, nitrogen, and, in some cases, sulfur. These compounds may many essential functions within the cell (see below). Proteins are made of smaller units called amino acids . There are 20 different common amino acids needed to make proteins. All amino acids have the same basic structure, which is shown in Figure below . Only the side chain (labeled R in the figure) differs from one amino acid to another. These side chains can vary in size from just one hydrogen atom in glycine to a large heterocyclic group in tryptophan. The variable side chain gives each amino acid unique properties. The side chains can also characterize the amino acid as (1) nonpolar or hydrophobic, (2) neutral (uncharged) but polar, (3) acidic, with a net negative charge, and (4) basic, with a net positive charge at neutral pH.",0.1904761904761904,0.1346870059402947,0.096799653029986,0.0831221848852359,0.1874999999999999,11.940595614806048,0.9,0.0,0.4210526315789473,0.1052631578947368,0.1578947368421052
371,"FewShot_WithAnswer","NEB_Qwen3235BInstruct","In sponges, different cells are specialized for different functions, but each cell works independently. What is this level of biological organization called?","cell-level organization","tissue-level organization","organ-level organization","organ system-level organization","Sponges have cell-level organization, in which different cells are specialized for different functions, but each cell works alone. For example, some cells digest food, while other cells let water pass through the sponge.",0.5769230769230769,0.5160156871153361,0.4893198439375568,0.4700475690550261,0.6829268292682926,3.740983162206135,0.9090909090909092,0.0,0.5,0.5,0.0454545454545454
372,"FewShot_WithAnswer","NEB_Qwen3235BInstruct","Which type of chemical reactions release energy as a product of the reaction?","exothermic reactions","endothermic reactions","catalytic reactions","isothermic reactions","Some chemical reactions are exothermic, which means they release energy. Other chemical reactions are endothermic, which means they consume energy.",0.5,0.4629100498862757,0.4351843714285114,0.4071220775553064,0.6666666666666665,6.297982051755766,0.8461538461538461,0.0,0.1818181818181818,0.5454545454545454,0.1818181818181818
373,"FewShot_WithAnswer","NEB_Qwen3235BInstruct","What are the spherical mineral formations found on the ocean floor that contain valuable metals like manganese and copper?","nodules","crystals","geodes","sediments","Some types of minerals form balls called nodules. Nodules may be tiny or as big as basketballs. They contain manganese, iron, copper, and other useful minerals. As many as 500 billion tons of nodules lie on the ocean floor! However, mining them would be very costly and could be harmful to the ocean environment.",0.05,0.05,0.050862238409555,0.0519970225318659,0.0799999999999999,6.260310765476431,0.8947368421052632,0.0,0.1764705882352941,0.0588235294117647,0.0
374,"FewShot_WithAnswer","NEB_Qwen3235BInstruct","According to the special theory of relativity, which entity can travel at the speed of light due to having zero rest mass?","light","an electron","a proton","a neutrino","A result of the special theory of relativity is that no physical object can equal or exceed the speed of light. From the equation for relativistic mass, it can be seen that as the object is accelerated faster and faster, its mass becomes greater and greater. The greater mass would require an even greater force to accelerate it. If the velocity of the mass ever reached the speed of light, the denominator of the equation would become zero and the mass would become infinite. The energy required to accelerate an infinite mass would also be infinite. The fact that light itself travels at the speed, implies that light has a zero rest mass. Of course, light is never at rest.",0.5416666666666666,0.4750730937913074,0.4281812772201782,0.3825188992413085,0.5,4.664791948092521,0.9090909090909092,0.0,0.2,0.3,0.0
375,"FewShot_WithAnswer","NEB_Qwen3235BInstruct","What is the term for the process in which the plasma membrane folds inward to form a channel that allows dissolved substances to enter the cell, resulting in the formation of a pinocytic vesicle?","pinocytosis","phagocytosis","exocytosis","osmosis","Pinocytosis , or cellular drinking, occurs when the plasma membrane folds inward to form a channel allowing dissolved substances to enter the cell, as shown in Figure below . When the channel is closed, the liquid is encircled within a pinocytic vesicle.",0.111111111111111,0.0785674201318386,0.0560796955246658,0.0477237438485169,0.1764705882352941,2.9817001360773125,0.9411764705882352,0.0,0.2592592592592592,0.074074074074074,0.2592592592592592
376,"FewShot_WithAnswer","NEB_Qwen3235BInstruct","What is the term for water that flows out of the ground where an aquifer meets the surface, potentially containing dissolved minerals or being heated by magma?","spring","geyser","aquifer","magma flow","Water that flows out of the ground where an aquifer meets the surface is called a spring. Spring water may contain dissolved minerals. It may also be heated by magma in the crust. Heated groundwater that erupts from the ground under pressure is called a geyser.",0.5172413793103449,0.4815255187506532,0.4631844207420936,0.4485622151814086,0.5945945945945946,3.141581314183329,0.925925925925926,0.0,0.4347826086956521,0.4347826086956521,0.1304347826086956
377,"FewShot_WithAnswer","NEB_Qwen3235BInstruct","What are the smallest units that can carry out the processes of life and are considered the basic structural and functional units of living organisms?","cells","atoms","molecules","organs","If you look at living matter with a microscope—even a simple light microscope—you will see that it consists of cells. Cells are the basic units of the structure and function of living things. They are the smallest units that can carry out the processes of life. All organisms are made up of one or more cells, and all cells have many of the same structures and carry out the same basic life processes. Knowing the structures of cells and the processes they carry out is necessary to understanding life itself.",0.3846153846153846,0.2432521277052599,0.1332675546678312,0.0996530307052272,0.3999999999999999,3.19038572264286,0.92,0.0,0.4545454545454545,0.0909090909090909,0.0909090909090909
378,"FewShot_WithAnswer","NEB_Qwen3235BInstruct","Which process involves a solid transitioning directly into a gas, resulting in a significant increase in the dispersal of matter due to the molecules occupying a much larger volume?","sublimation","condensation","dilution","evaporation","(a) Sublimation is the conversion of a solid (relatively high density) to a gas (much lesser density). This process yields a much greater dispersal of matter, since the molecules will occupy a much greater volume after the solid-to-gas transition. (b) Condensation is the conversion of a gas (relatively low density) to a liquid (much greater density). This process yields a much lesser dispersal of matter, since the molecules will occupy a much lesser volume after the solid-to-gas transition. (c) The process in question is dilution. The food dye molecules initially occupy a much smaller volume (the drop of dye solution) than they occupy once the process is complete (in the full glass of water). The process therefore entails a greater dispersal of matter. The process may also yield a more uniform dispersal of matter, since the initial state of the system involves two regions of different dye concentrations (high in the drop, zero in the water), and the final state of the system contains a single dye concentration throughout.",0.2580645161290322,0.1580315963085921,0.0940709506984975,0.0731968093142705,0.2580645161290322,6.899857729677736,0.9310344827586208,0.0,0.1304347826086956,0.0434782608695652,0.0
379,"FewShot_WithAnswer","NEB_Qwen3235BInstruct","In which medical procedure is a patient's blood passed through a semipermeable membrane in an artificial kidney machine to remove waste products and excess water via osmotic pressure?","hemodialysis","osmosis","diffusion","electrodialysis","In one form of dialysis, called hemodialysis, a patient’s blood is passed though a length of tubing that travels through an artificial kidney machine (also called a dialysis machine). A section of tubing composed of a semipermeable membrane is immersed in a solution of sterile water, glucose, amino acids, and certain electrolytes. The osmotic pressure of the blood forces waste molecules and excess water through the membrane into the sterile solution. Red and white blood cells are too large to pass through the membrane, so they remain in the blood. After being cleansed in this way, the blood is returned to the body. Dialysis is a continuous process, as the osmosis of waste materials and excess water takes time. Typically, 5–10 lb of waste-containing fluid is removed in each dialysis session, which can last 2–8 hours and must be performed several times a week. Although some patients have been on dialysis for 30 or more years, dialysis is always a temporary solution because waste materials are constantly building up in the bloodstream. A more permanent solution is a kidney transplant. Cell walls are semipermeable membranes, so the osmotic pressures of the body’s fluids have important biological consequences. If solutions of different osmolarity exist on either side of the cells, solvent (water) may pass into or out of the cells, sometimes with disastrous results. Consider what happens if red blood cells are placed in a hypotonic solution, meaning a solution of lower osmolarity than the liquid inside the cells. The cells swell up as water enters them, disrupting cellular activity and eventually causing the cells to burst. This process is called hemolysis. If red blood cells are placed in a hypertonic solution, meaning one having a higher osmolarity than exists inside the cells, water leaves the cells to dilute the external solution, and the red blood cells shrivel and die. This process is called crenation. Only if red blood cells are placed in isotonic solutions that have the same osmolarity as exists inside the cells are they unaffected by negative effects of osmotic pressure. Glucose solutions of about 0.31 M, or sodium chloride solutions of about 0.16 M, are isotonic with blood plasma.",0.3333333333333333,0.2581988897471611,0.1903461071310654,0.1489793209842351,0.2790697674418604,6.3469161874755216,0.9285714285714286,0.0,0.12,0.12,0.08
380,"FewShot_WithAnswer","NEB_Qwen3235BInstruct","In which type of elements does the transformation into a different element occur due to a change in the number of protons in the nucleus?","radioactive elements","ionic compounds","polar molecules","covalent networks","Some elements naturally change into different elements. To understand how this happens, first recall what an element is. An element is a unique substance, with a unique number of protons in the nucleus of its atoms. No two elements have the same number of protons. For example, carbon atoms always have six protons. If an atom has a different number of protons, it isn’t carbon. For an element to change into a different element, then, it must change the number of protons in the nucleus of its atoms. This happens only in radioactive elements.",0.3076923076923076,0.1884222879063983,0.1416179089617829,0.1043003636830113,0.3749999999999999,3.1181899473996,0.92,0.0,0.25,0.15,0.0
381,"FewShot_WithAnswer","NEB_Qwen3235BInstruct","What is the jelly-like substance inside all cells that contains water, enzymes, and in which organelles are suspended, analogous to fruit in a jello mold?","cytosol","cytoplasm","nucleoplasm","ribosome","The inside of all cells also contain a jelly-like substance called cytosol . Cytosol is composed of water and other molecules, including enzymes , which are proteins that speed up the cell’s chemical reactions. Everything in the cell sits in the cytosol, like fruit in a jello mold. The term cytoplasm refers to the cytosol and all of the organelles, the specialized compartments of the cell. The cytoplasm does not include the nucleus. As a prokaryotic cell does not have a nucleus, the DNA is in the cytoplasm.",0.2068965517241379,0.1194517798323363,0.0798746692780651,0.0659122085048826,0.2580645161290322,5.383646545031537,0.92,0.0,0.1739130434782608,0.0869565217391304,0.0869565217391304
382,"FewShot_WithAnswer","NEB_Qwen3235BInstruct","What bodily feature provides sensory input when objects brush against it or it sways in moving air, while also helping to insulate the body and protect vital areas such as the eyes and lungs?","hair","skin","nails","muscles","Hair helps to insulate and protect the body. Head hair is especially important in preventing heat loss from the body. Eyelashes and eyebrows protect the eyes from water, dirt, and other irritants. Hairs in the nose trap dust particles and microorganisms in the air and prevent them from reaching the lungs. Hair also provides sensory input when objects brush against it or it sways in moving air.",0.2222222222222222,0.111111111111111,0.0706559888632217,0.0567534157392236,0.2926829268292683,5.990104867945709,0.9411764705882352,0.0,0.4375,0.0625,0.0625
383,"FewShot_WithAnswer","NEB_Qwen3235BInstruct","Which planet in our solar system is less dense than water and would float if placed in a sufficiently large body of water?","saturn","earth","jupiter","venus","Saturn, shown in Figure below , is famous for its beautiful rings. Saturn is the second largest planet in the solar system. Saturn’s mass is about 95 times Earth's mass. The gas giant is 755 times Earth’s volume. Despite its large size, Saturn is the least dense planet in our solar system. Saturn is actually less dense than water. This means that if there were a bathtub big enough, Saturn would float! In Roman mythology, Saturn was the father of Jupiter. Saturn orbits the Sun once about every 30 Earth years.",0.25,0.1767766952966369,0.1107577339957576,0.0886492113234751,0.2857142857142857,3.931105499317828,0.9130434782608696,0.0,0.2272727272727272,0.0909090909090909,0.0909090909090909
384,"FewShot_WithAnswer","NEB_Qwen3235BInstruct","Which type of electromagnetic waves are used in radar guns?","microwaves","radio waves","x-rays","infrared waves","Electromagnetic waves carry energy through matter or space as vibrating electric and magnetic fields. Electromagnetic waves have a wide range of wavelengths and frequencies. The complete range is called the electromagnetic spectrum. The Figure below shows all the waves of the spectrum. The waves used in radar guns are microwaves.",0.7272727272727273,0.6803013430498075,0.6524060338750532,0.6267153768177947,0.7368421052631577,15.506049675227388,0.8,0.0,0.4,0.6,0.2
385,"FewShot_WithAnswer","NEB_Qwen3235BInstruct","In which anatomical region of the liver is the gallbladder primarily located, nestled within a shallow depression on its posterior surface?","right lobe","left lobe","quadrate lobe","caudate lobe","The Gallbladder The gallbladder is 8–10 cm (~3–4 in) long and is nested in a shallow area on the posterior aspect of the right lobe of the liver. This muscular sac stores, concentrates, and, when stimulated, propels the bile into the duodenum via the common bile duct. It is divided into three regions. The fundus is the widest portion and tapers medially into the body, which in turn narrows to become the neck. The neck angles slightly superiorly as it approaches the hepatic duct. The cystic duct is 1–2 cm (less than 1 in) long and turns inferiorly as it bridges the neck and hepatic duct. The simple columnar epithelium of the gallbladder mucosa is organized in rugae, similar to those of the stomach. There is no submucosa in the gallbladder wall. The wall’s middle, muscular coat is made of smooth muscle fibers. When these fibers contract, the gallbladder’s contents are ejected through the cystic duct and into the bile duct (Figure 23.27). Visceral peritoneum reflected from the liver capsule holds the gallbladder against the liver and forms the outer coat of the gallbladder. The gallbladder's mucosa absorbs water and ions from bile, concentrating it by up to 10-fold.",0.3043478260869566,0.2817713347133852,0.2622891429132668,0.2421282201578404,0.3846153846153846,10.993005812938929,0.9047619047619048,0.0,0.1111111111111111,0.2222222222222222,0.0
386,"FewShot_WithAnswer","NEB_Qwen3235BInstruct","What process allows cells to replace worn-out or damaged cells and support growth and repair in the body?","cell division","cell mutation","cell fusion","cell respiration","Yes, just like this car, cells cannot last forever. Cells do eventually wear out. At that point, they need to be replaced. This is one reason that your cells divide. New cells that result after cells divide are also used for growth and to repair cuts.",0.3684210526315789,0.1969293361459969,0.1291564529991967,0.1061023130789207,0.3636363636363636,4.9397776408943015,0.8888888888888888,0.0,0.1176470588235294,0.1176470588235294,0.1176470588235294
387,"FewShot_WithAnswer","NEB_Qwen3235BInstruct","What astronomical concept is described by the stretching of space, causing the distance between galaxies to increase, similar to the way a balloon's surface stretches when inflated?","expanding universe","static universe","contracting universe","oscillating universe","An inflating balloon is not exactly like the expanding Universe. The surface of a balloon has only two dimensions, while space has three dimensions. But it is true that space itself is stretching out between galaxies like the rubber stretches when a balloon is inflated. This stretching of space, which causes the distance between galaxies to increase, is what astronomers mean by the expansion of the Universe.",0.3870967741935484,0.3352356401746214,0.2970929761525575,0.2593058352066615,0.4864864864864865,6.422670235518127,0.925925925925926,0.0,0.217391304347826,0.217391304347826,0.1304347826086956
388,"FewShot_WithAnswer","NEB_Qwen3235BInstruct","What are the two types of digestive systems found in invertebrates?","complete and incomplete","open and closed","anterior and posterior","single and double","Invertebrates have one of two types of digestive system. They are called incomplete and complete digestive systems. Both are shown in Figure below . An incomplete digestive system consists of a digestive cavity with one opening. The single opening serves as both mouth and anus. A complete digestive system consists of a digestive tract with two openings. One opening is the mouth. The other is the anus.",0.8333333333333334,0.7453559924999299,0.7070947562767754,0.6786502681586727,0.8000000000000002,3.2953739932118484,0.8181818181818182,0.0,0.4,0.7,0.2
390,"FewShot_WithAnswer","NEB_Qwen3235BInstruct","In the context of cancer imaging using radioisotope-labeled antibodies, what term describes the process by which tumor cells have spread from the primary site to form secondary tumors in regions such as the armpits, neck, and groin?","metastasized","differentiated","necrotized","localized","Isotopes can be very useful in scans to locate cancer cells. This patient has multiple tumors that have spread (metastasized) from the main tumor. A radioisotope has been attached to antibodies that bind to specific cancer cells. The very dark spots in the armpits, neck, and groin represent areas where tumor cells exist.",0.1219512195121951,0.0545382433536534,0.042051429760765,0.0371594624745279,0.2325581395348837,5.479561114486315,0.945945945945946,0.0,0.1212121212121212,0.0606060606060606,0.0
391,"FewShot_WithAnswer","NEB_Qwen3235BInstruct","Which vertebrate class is the most numerous, despite being the most recent to evolve, due to the adaptation of flight?","birds","mammals","reptiles","amphibians","Of all vertebrate classes, birds are the most numerous, even though they evolved most recently. Why have birds been so successful? The answer is flight. Being able to fly opened up a whole new world to birds: the world of the air above the land and water.",0.5217391304347826,0.3984848430396383,0.3304636123153096,0.2679589234979009,0.5333333333333333,7.115448271624985,0.9,0.0,0.1176470588235294,0.2352941176470588,0.0588235294117647
392,"FewShot_WithAnswer","NEB_Qwen3235BInstruct","How many Calories of energy does one gram of protein provide?","4","7","9","2","If you eat more protein than you need for these functions, the extra protein is used for energy. One gram of protein provides 4 Calories of energy, the same as carbohydrates. A 13-year-old needs to eat about 34 grams of protein a day. Figure below shows good food sources of protein.",0.9166666666666666,0.8740073734751262,0.8220706914434901,0.7896895367562644,1.0,3.370792810734659,0.8181818181818182,0.0,0.3636363636363636,1.0,0.0
393,"FewShot_WithAnswer","NEB_Qwen3235BInstruct","What is the term used to describe the state in which many cancers, including leukemia, are considered cured after early treatment?","remission","metastasis","relapse","progression","If leukemia is treated early, it usually can be cured. In fact, many cancers can be cured, which is known as remission, if treated early. Treatment of cancer often involves removing a tumor with surgery. This may be followed by other types of treatments. These treatments may include drugs (known as chemotherapy) and radiation therapy, which kill cancer cells.",0.1666666666666666,0.1443375672974064,0.1219046599688049,0.0952597769680773,0.1538461538461538,4.738984956056625,0.9047619047619048,0.0,0.1052631578947368,0.1052631578947368,0.0
394,"FewShot_WithAnswer","NEB_Qwen3235BInstruct","What is the term for the outer layer of the exoskeleton in segmented organisms that consists of both an exocuticle and an inner thicker layer?","cuticle","epidermis","chitin","dermis","Segmented bodies with an exoskeleton . The outer layer of the exoskeleton is called the cuticle . It is made up of two layers. The outer layer, or exocuticle , is thin, waxy, and water-resistant. The inner layer is much thicker. The exocuticle is extremely thin in many soft-bodied insects, such as caterpillars.",0.3461538461538461,0.3263569759322526,0.2945771214858418,0.2554826710100912,0.4444444444444444,2.5211551462961843,0.92,0.0,0.2,0.2,0.0
395,"FewShot_WithAnswer","NEB_Qwen3235BInstruct","During which stage of insect development does wing formation begin before the adult emerges?","pupa","larva","egg","nymph","During pupa stage, wing development begins, after which the adult emerges.",0.2666666666666666,0.1885618083164127,0.1364352144125084,0.1182249176624464,0.2307692307692307,4.947368078535921,0.8571428571428571,0.0,0.1538461538461538,0.1538461538461538,0.0
396,"FewShot_WithAnswer","NEB_Qwen3235BInstruct","What factor determines how fast sound waves travel through a substance, such as air, water, or steel?","medium","frequency","wavelength","amplitude","The speed of sound depends on the medium. Medium (20°C) Speed of Sound Waves (m/s).",0.0952380952380952,0.0673435029701473,0.0609799602374997,0.0587762605993922,0.1818181818181818,3.9072283263862793,0.8823529411764706,0.0,0.125,0.0625,0.1875
397,"FewShot_WithAnswer","NEB_Qwen3235BInstruct","What is the term used to describe the plant life cycle characterized by alternating between diploid sporophyte and haploid gametophyte phases?","alternation of generation","biphasic mutation","genetic duplication","chromosomal cycling","The life cycle of all plants is complex because it is characterized by alternation of generations. Plants alternate between diploid sporophyte and haploid gametophyte generations, and between sexual and asexual reproduction. The ability to reproduce both sexually and asexually gives plants the flexibility to adapt to changing environments. Their complex life cycle allows for great variation.",0.2272727272727272,0.1760446975548825,0.1138524028705668,0.0926828013134077,0.2222222222222221,2.073896706571789,0.9047619047619048,0.0,0.3157894736842105,0.1052631578947368,0.0526315789473684
398,"FewShot_WithAnswer","NEB_Qwen3235BInstruct","Chemical formulas like H2O are used to represent substances that consist of two or more different elements chemically bonded together. These substances are known as?","compounds","mixtures","elements","molecules","Elements are represented by chemical symbols. Examples are H for hydrogen and O for oxygen. Compounds are represented by chemical formulas . You’ve already seen the chemical formula for water. It’s H 2 O. The subscript 2 after the H shows that there are two atoms of hydrogen in a molecule of water. The O for oxygen has no subscript. When there is just one atom of an element in a molecule, no subscript is used. Table below shows some other examples of compounds and their chemical formulas.",0.1851851851851851,0.0828173324999922,0.0641342040702399,0.0569944123091946,0.2777777777777778,4.333977101071649,0.92,0.0,0.08,0.08,0.08
399,"FewShot_WithAnswer","NEB_Qwen3235BInstruct","What is the form of cell division in prokaryotic organisms that produces identical offspring?","binary fission","mitosis","meiosis","conjugation","Binary fission is a form of cell division in prokaryotic organisms that produces identical offspring.",0.9333333333333332,0.8993825042154695,0.8597743934781944,0.8361853256187297,1.0,3.619818195633433,0.8571428571428571,0.0,0.9230769230769232,1.0,0.0769230769230769
400,"FewShot_WithAnswer","NEB_Qwen3235BInstruct","Which body system includes organs that break down food and absorb nutrients such as glucose, with most of its organs forming the gastrointestinal tract and the remainder being accessory organs?","digestive system","respiratory system","nervous system","integumentary system","The digestive system consists of organs that break down food and absorb nutrients such as glucose. Organs of the digestive system are shown in Figure below. Most of the organs make up the gastrointestinal tract. The rest of the organs are called accessory organs.",0.4375,0.3878023014372143,0.3647144945389226,0.3473322272820413,0.6046511627906976,7.004270889697914,0.9333333333333332,0.0,0.3928571428571428,0.3928571428571428,0.3928571428571428
401,"FewShot_WithAnswer","NEB_Qwen3235BInstruct","What is the name of the process by which a solid transitions directly into a vapor phase without passing through the liquid state, as observed in phenomena such as the disappearance of ice cubes in a freezer or the formation of 'smoke' from dry ice?","sublimation","vaporization","condensation","ionization","Sublimation is the transition from solid to vapor phase. You may have noticed that snow can disappear into thin air without a trace of liquid water, or the disappearance of ice cubes in a freezer. The reverse is also true: Frost can form on very cold windows without going through the liquid stage. A popular effect is the making of “smoke” from dry ice, which is solid carbon dioxide. Sublimation occurs because the equilibrium vapor pressure of solids is not zero. Certain air fresheners use the sublimation of a solid to inject a perfume into the room. Moth balls are a slightly toxic example of a phenol (an organic compound) that sublimates, while some solids, such as osmium tetroxide, are so toxic that they must be kept in sealed containers to prevent human exposure to their sublimation-produced vapors.",0.1458333333333333,0.0954703269782466,0.0729272190064184,0.0538862276490211,0.2173913043478261,3.650194642126521,0.9555555555555556,0.0,0.1621621621621621,0.054054054054054,0.1351351351351351
402,"FewShot_WithAnswer","NEB_Qwen3235BInstruct","In nematodes, the complete digestive system includes a distinct mouth and what other opening at the posterior end?","anus","cloaca","nephrostome","spiracle","present in all habitats with a large number of individuals of each species present in each. The free-living nematode, Caenorhabditis elegans has been extensively used as a model system in laboratories all over the world. Morphology In contrast with cnidarians, nematodes show a tubular morphology and circular cross-section. These animals are pseudocoelomates and show the presence of a complete digestive system with a distinct mouth and anus. This is in contrast with the cnidarians, where only one opening is present (an incomplete digestive system). The cuticle of Nematodes is rich in collagen and a carbohydrate-protein polymer called chitin, and forms an external “skeleton” outside the epidermis. The cuticle also lines many of the organs internally, including the pharynx and rectum. The epidermis can be either a single layer of cells or a syncytium, which is a multinucleated cell formed from the fusion of uninucleated cells. The overall morphology of these worms is cylindrical, as seen in Figure 28.31. The head is radially symmetrical. A mouth opening is present at the anterior end with three or six lips as well as teeth in some species in the form of cuticle extensions. Some nematodes may present other external modifications like rings, head shields, or warts. Rings, however, do not reflect true internal body segmentation. The mouth leads to a muscular pharynx and intestine, which leads to a rectum and anal opening at the posterior end. The muscles of nematodes differ from those of most animals: They have a longitudinal layer only, which accounts for the whip-like motion of their movement.",0.2979511822748457,0.2106833014490924,0.1667964594870663,0.1264963397686096,0.3809523809523809,8.737809431310755,0.8888888888888888,0.0,0.2666666666666666,0.2,0.1333333333333333
403,"FewShot_WithAnswer","NEB_Qwen3235BInstruct","What is the term for the amount of heat necessary to raise one mass unit of a substance by one temperature unit?","specific heat","thermal conductivity","heat capacity","latent heat","Each substance has a specific heat, which is the amount of heat necessary to raise one mass unit of that substance by one temperature unit.",0.6244261096098136,0.5098417835384144,0.4079175119953693,0.3335560671072297,0.7368421052631579,4.28137788189956,0.9090909090909092,0.0,0.5263157894736842,0.2631578947368421,0.1052631578947368
404,"FewShot_WithAnswer","NEB_Qwen3235BInstruct","What is the most important source of electromagnetic radiation on Earth that provides virtually all the energy supporting life on our planet?","the sun","lightning storms","nuclear power plants","geothermal vents","The most important source of electromagnetic radiation on Earth is the sun. Electromagnetic waves travel from the sun to Earth across space and provide virtually all the energy that supports life on our planet. Many other sources of electromagnetic waves that people use depend on technology. Radio waves, microwaves, and X rays are examples. We use these electromagnetic waves for communications, cooking, medicine, and many other purposes. You’ll learn about all these types of electromagnetic waves in this chapter’s lesson on ""The Electromagnetic Spectrum.""",0.4782608695652174,0.4560038470305007,0.4397970182388874,0.4242842236486479,0.6666666666666666,2.3290600310359078,0.9090909090909092,0.0,0.4,0.5,0.35
405,"FewShot_WithAnswer","NEB_Qwen3235BInstruct","Which type of medication is specifically designed to target viruses such as HIV, herpes, influenza, and Hepatitis B and C, while being relatively harmless to the host?","antiviral drugs","antibiotics","antifungals","antiparasitics","Like antibiotics, specific antivirals are used for specific viruses. They are relatively harmless to the host, and therefore can be used to treat infections. Most of the antiviral drugs now available are designed to help deal with HIV and herpes viruses. Antivirals are also available for the influenza viruses and the Hepatitis B and C viruses, which can cause liver cancer.",0.25,0.0883883476483184,0.063164943524107,0.0538364941141327,0.375,2.120618501833368,0.925925925925926,0.0,0.1923076923076923,0.0769230769230769,0.0
406,"FewShot_WithAnswer","NEB_Qwen3235BInstruct","Based on the support text, what type of resource is a forest, considering its ability to regenerate over time despite requiring a long period to fully develop?","renewable","non-renewable","inexhaustible","synthetic","Trees are renewable resources. Trees can be planted, grown up, and harvested for timber. Forests are a different thing, however. A forest is a mature ecosystem. It has trees of different sizes and ages, many other plants, and lots of animals. A forest is a renewable resource but it takes much more time to grow a forest than to grow a stand of trees.",0.2333333333333333,0.1763834207376393,0.147643022122986,0.1231339143842104,0.2105263157894737,5.665479707647372,0.925925925925926,0.0,0.0416666666666666,0.1666666666666666,0.0
407,"FewShot_WithAnswer","NEB_Qwen3235BInstruct","In the context of stellar evolution following a supernova explosion, what remnant structure's mass determines whether the end product will be a neutron star or another form of compact object?","core","crust","atmosphere","halo","After a supernova explosion, the star's core is left over. This material is extremely dense. What happens next depends on the core's mass. The core might be less than about four times the mass of the sun. In this case, the star will become a neutron star. A neutron star ( Figure below ) is made almost entirely of neutrons. A neutron star has more mass than the sun; yet, it is only a few kilometers in diameter.",0.2424242424242424,0.148453923805041,0.0883102527765372,0.0686543282993083,0.2424242424242424,5.79290284068746,0.9333333333333332,0.0,0.0769230769230769,0.0384615384615384,0.0
409,"FewShot_WithAnswer","NEB_Qwen3235BInstruct","Which part of the flower is typically the most visible, often brightly colored, and may be large and showy?","petals","sepals","stamen","pistil","Petals are usually the most visible parts of a flower. They may be large and showy and are often brightly colored. Leaf-like green sepals protect the flower while it is still a bud.",0.4090909090909091,0.3340213285613425,0.2769893247760754,0.214707528943891,0.48,3.886531996689336,0.8947368421052632,0.0,0.2941176470588235,0.1764705882352941,0.0
410,"FewShot_WithAnswer","NEB_Qwen3235BInstruct","Ionic bonds form only between which two types of elements?","metals and nonmetals","acids and bases","solids and liquids","elements and compounds","Ionic bonds form only between metals and nonmetals. That’s because metals “want” to give up electrons, and nonmetals “want” to gain electrons.",0.3636363636363636,0.25712973861329,0.1876872937193395,0.1646324824350429,0.5,209.1070650125467,0.8,0.0,0.5,0.3,0.2
411,"FewShot_WithAnswer","NEB_Qwen3235BInstruct","The interaction between atomic orbitals is greatest when they have the same what?","energy","size","shape","charge","The interaction between atomic orbitals is greatest when they have the same energy.",1.0,1.0,1.0,1.0,1.0,9.50211527943576,0.8461538461538461,0.0,0.9090909090909092,1.0,0.1818181818181818
412,"FewShot_WithAnswer","NEB_Qwen3235BInstruct","Instead of extinction, interspecific competition may lead to what process where species evolve different adaptations, such as using different food sources?","specialization","mutation","migration","convergent evolution","Instead of extinction, interspecific competition may lead to greater specialization. Specialization occurs when competing species evolve different adaptations. For example, they may evolve adaptations that allow them to use different food sources. Figure below describes an example.",0.2083333333333333,0.1863389981249824,0.165450078282168,0.1424465913886198,0.3448275862068965,8.61991638178881,0.9047619047619048,0.0,0.3809523809523809,0.1904761904761904,0.0952380952380952
413,"FewShot_WithAnswer","NEB_Qwen3235BInstruct","Which component, in addition to blood vessels, is contained within the Haversian canals of compact bone tissue?","nerve fibers","osteocytes","lacunae","calcium salts","Compact bone tissue is made of cylindrical osteons that are aligned such that they travel the length of the bone. Haversian canals contain blood vessels only. Haversian canals contain blood vessels and nerve fibers. Spongy tissue is found on the interior of the bone, and compact bone tissue is found on the exterior. Figure 38.37 Which of the following statements about muscle contraction is true?",0.25,0.1936491673103708,0.1254370664931196,0.102329603279268,0.3333333333333333,19.717777752145132,0.8823529411764706,0.0,0.1875,0.125,0.0
414,"FewShot_WithAnswer","NEB_Qwen3235BInstruct","What type of instrument collects and focuses radio waves from distant celestial objects?","radio telescopes","optical telescopes","satellite dishes","radio antennas","Radio telescopes collect and focus radio waves from distant objects.",0.7142857142857143,0.5976143046671969,0.4789823781042941,0.3678763249927775,0.7199999999999999,6.313895340995387,0.8461538461538461,0.0,0.3076923076923077,0.3076923076923077,0.0769230769230769
415,"FewShot_WithAnswer","NEB_Qwen3235BInstruct","What molecule is repaired by cellular mechanisms when it is damaged or mutated, in order to maintain proper cellular function?","dna","rna","atp","protein","Many other mutations have no effect on the organism because they are repaired before protein synthesis occurs. Cells have multiple repair mechanisms to fix mutations in DNA. One way DNA can be repaired is illustrated in Figure below. If a cell’s DNA is permanently damaged and cannot be repaired, the cell is likely to be prevented from dividing.",0.1818181818181818,0.0909090909090909,0.0732821909222505,0.0666026232403299,0.2666666666666666,3.741842179670364,0.9,0.0,0.05,0.05,0.05
416,"FewShot_WithAnswer","NEB_Qwen3235BInstruct","The different versions of a gene that may exist at the same locus and contribute to variations in a characteristic are known as what?","alleles","genomes","proteins","nucleotides","The gene for a characteristic may have different versions. These different versions of a gene are known as alleles.",0.36,0.2939387691339813,0.243288079822936,0.2081799872967546,0.5714285714285715,4.616271150065843,0.9166666666666666,0.0,0.2,0.2,0.1
417,"FewShot_WithAnswer","NEB_Qwen3235BInstruct","Substances that are formed as a result of a chemical reaction are known as?","products","reactants","catalysts","elements","All chemical reactions involve both reactants and products. Reactants are substances that start a chemical reaction, and products are substances that are produced in the reaction.",0.1333333333333333,0.0942809041582063,0.0859487992926198,0.0835976409843371,0.0952380952380952,3.1636950693200614,0.8571428571428571,0.0,0.25,0.0833333333333333,0.3333333333333333
418,"FewShot_WithAnswer","NEB_Qwen3235BInstruct","Soaps contain substances such as potassium hydroxide (KOH), which are classified as what type of compound?","base","acid","enzyme","ester","Bases are used for a variety of purposes. For example, soaps contain bases such as potassium hydroxide (KOH). Other uses of bases can be seen in the Figure below.",0.2,0.1,0.080738770756785,0.0735348944675842,0.3333333333333333,3.872374514219558,0.875,0.0,0.3125,0.125,0.125
419,"FewShot_WithAnswer","NEB_Qwen3235BInstruct","What is the biological process by which organisms give rise to offspring, considered one of the defining characteristics of life?","reproduction","respiration","nutrition","evolution","Reproduction is the process by which organisms give rise to offspring. It is one of the defining characteristics of living things. There are two basic types of reproduction: asexual reproduction and sexual reproduction.",0.5454545454545454,0.4979295977319691,0.4554096114822674,0.4102815219229023,0.7142857142857143,2.3710052765984613,0.9,0.0,0.4444444444444444,0.4444444444444444,0.1111111111111111
420,"FewShot_WithAnswer","NEB_Qwen3235BInstruct","In the context of photosynthesis, which source provides the essential energy required to drive the endothermic reactions involved in the process?","light","heat from the Earth's core","chemical energy from glucose","electrical energy from lightning","One of the most important series of endothermic reactions is photosynthesis. The energy needed for photosynthesis comes from light.",0.1304347826086956,0.0753065568508207,0.0636425590156184,0.0591910306081772,0.2222222222222222,3.450594758242081,0.9047619047619048,0.0,0.1176470588235294,0.0588235294117647,0.0
421,"FewShot_WithAnswer","NEB_Qwen3235BInstruct","What is the primary function of the cilia in Paramecium, as mentioned in the support text?","move","reproduce","photosynthesize","excrete waste","Some protists, like these Paramecium , act much like animals. Notice the tiny hair-like cilia that help them move. The food vacuoles, where they digest their prey, are colored in orange.",0.1666666666666666,0.0962250448649376,0.0816662175049407,0.0763839011187351,0.2608695652173913,4.290114281624086,0.875,0.0,0.0769230769230769,0.0769230769230769,0.0
422,"FewShot_WithAnswer","NEB_Qwen3235BInstruct","What type of machine burns fuel to produce thermal energy and then uses that energy to perform mechanical work, and can be classified as either internal or external based on where combustion occurs?","combustion engine","electric motor","hydroelectric turbine","nuclear reactor","A combustion engine is a complex machine that burns fuel to produce thermal energy and then uses the thermal energy to do work. Combustion engines may by external or internal combustion engines, depending on where the fuel is burned.",0.4571428571428571,0.3614031611621005,0.3132311810207707,0.2841481062789411,0.5769230769230769,2.983890489745271,0.9393939393939394,0.0,0.2727272727272727,0.2727272727272727,0.0606060606060606
423,"FewShot_WithAnswer","NEB_Qwen3235BInstruct","What are the main product of the cell, produced by ribosomes functioning as machines in the factory?","proteins","lipids","carbohydrates","nucleic acids","In both eukaryotes and prokaryotes, ribosomes are the non-membrane bound organelles where proteins are made. Ribosomes are like the machines in the factory that produce the factory's main product. Proteins are the main product of the cell.",0.4494419292755447,0.3481362214343033,0.2843834806076838,0.2426348358728388,0.5,10.48639124200078,0.8823529411764706,0.0,0.3571428571428571,0.2857142857142857,0.1428571428571428
425,"FewShot_WithAnswer","NEB_Qwen3235BInstruct","What term describes biological features that originate from a common evolutionary ancestor?","homologous","analogous","vestigial","adaptive","Classification of Living Things be that different. Biological features from a common evolutionary origin are known as homologous. • Development • Biochemistry: Biochemical analysis of animals similar in appearance have yielded surprising results. For example, although guinea pigs were once considered to be rodents, like mice, biochemistry led them to be in their taxon of their own.",0.4615384615384615,0.3768445758127967,0.3286660524383012,0.2834493491225803,0.5714285714285713,18.77716951957704,0.8333333333333334,0.0,0.2727272727272727,0.2727272727272727,0.0909090909090909
426,"FewShot_WithAnswer","NEB_Qwen3235BInstruct","When NaNO₃ is dissolved in water, the ions formed do not alter which property of the solution due to the lack of significant proton transfer?","ph","viscosity","conductivity","density","The simplest situation is a salt formed by combining a strong acid and a strong base. These salts are neither acidic nor basic, so they do not affect the pH of the solution when dissolved in water. For example, the ionic compound NaNO 3 could be prepared by combining the strong acid HNO 3 and the strong base NaOH. If we were to dissolve NaNO 3 in water, it would dissociate into Na + and NO 3 - ions. Neither ion is a strong enough acid or base to cause any noticeable proton transfers, so the pH of the pure water is not altered.",0.3703703703703703,0.3098740839015094,0.2453686376964998,0.1854115504197515,0.45,15.088858057473637,0.92,0.0,0.1363636363636363,0.1363636363636363,0.0454545454545454
427,"FewShot_WithAnswer","NEB_Qwen3235BInstruct","What substance, known for its exceptional resistance to chemical and biological degradation, surrounds the spores of seedless plants and the pollen of seed plants, contributing to the preservation of pollen in the fossil record?","sporopollenin","cellulose","lignin","chitin","The spores of seedless plants and the pollen of seed plants are surrounded by thick cell walls containing a tough polymer known as sporopollenin. This substance is characterized by long chains of organic molecules related to fatty acids and carotenoids, and gives most pollen its yellow color. Sporopollenin is unusually resistant to chemical and biological degradation. Its toughness explains the existence of well-preserved fossils of pollen. Sporopollenin was once thought to be an innovation of land plants; however, the green algae Coleochaetes is now known to form spores that contain sporopollenin. Protection of the embryo is a major requirement for land plants. The vulnerable embryo must be sheltered from desiccation and other environmental hazards. In both seedless and seed plants, the female gametophyte provides nutrition, and in seed plants, the embryo is also protected as it develops into the new generation of sporophyte.",0.3157894736842105,0.2734817064582437,0.2297569705288446,0.1915979662103513,0.4878048780487804,4.305130776110635,0.9411764705882352,0.0,0.3,0.1333333333333333,0.0333333333333333
428,"FewShot_WithAnswer","NEB_Qwen3235BInstruct","Which type of cell possesses a nucleus and other membrane-bound organelles, enabling it to carry out complex functions?","eukaryotic","prokaryotic","virucytic","cytokinetic","Eukaryotic cells have a nucleus and other membrane-bound organelles. This allows these cells to have complex functions.",0.4,0.282842712474619,0.2328909148622432,0.1935547273079832,0.4117647058823529,2.301195430959055,0.8888888888888888,0.0,0.2941176470588235,0.1764705882352941,0.1764705882352941
429,"FewShot_WithAnswer","NEB_Qwen3235BInstruct","Which process is the first stage of cellular respiration and occurs in the cytosol without requiring oxygen?","glycolysis","Krebs cycle","oxidative phosphorylation","fermentation","The first stage of cellular respiration is glycolysis. It does not require oxygen, and it does not take place in the mitochondrion - it takes place in the cytosol of the cytoplasm.",0.3888888888888889,0.3286710990610898,0.2940207863085096,0.2627446272174298,0.5454545454545455,7.637773153508292,0.8823529411764706,0.0,0.3333333333333333,0.4,0.4
430,"FewShot_WithAnswer","NEB_Qwen3235BInstruct","What are groups of stars, smaller than a galaxy and held together by gravity, that include open and globular types called?","star clusters","galaxies","constellations","nebulae","Star clusters are groups of stars smaller than a galaxy. There are two main types, open clusters and globular clusters. Open clusters are groups of up to a few thousand stars held together by gravity. The Jewel Box, shown in Figure below , is an open cluster. Open clusters tend to be blue in color, and often contain glowing gas and dust. The stars in an open cluster are young stars that all formed from the same nebula.",0.5,0.408248290463863,0.3516338869169593,0.2981792160679168,0.6451612903225806,11.324624813602131,0.9047619047619048,0.0,0.35,0.25,0.2
431,"FewShot_WithAnswer","NEB_Qwen3235BInstruct","In the context of thermodynamic processes, what condition must be present throughout a reversible process to ensure that the system can retrace its path exactly, which is absent when a gas expands into a vacuum?","equilibrium","entropy","pressure gradient","kinetic energy","can continue indefinitely. In contrast, the expansion of a gas into a vacuum (Pext = 0) is irreversible because the external pressure is measurably less than the internal pressure of the gas. No equilibrium states exist, and the gas expands irreversibly. When gas escapes from a microscopic hole in a balloon into a vacuum, for example, the process is irreversible; the direction of airflow cannot change. Because work done during the expansion of a gas depends on the opposing external pressure (w = PextΔV), work done in a reversible process is always equal to or greater than work done in a corresponding irreversible process: wrev ≥ wirrev. Whether a process is reversible or irreversible, ΔE = q + w. Because E is a state function, the magnitude of ΔE does not depend on reversibility and is independent of the path taken. So Equation 18.14.",0.3157894736842105,0.1823211376388291,0.1215721522381715,0.0840523680879977,0.2222222222222222,4.0558989521106446,0.9428571428571428,0.0,0.0666666666666666,0.0666666666666666,0.0
432,"FewShot_WithAnswer","NEB_Qwen3235BInstruct","In which type of tube is the phenomenon of capillary action observed, where a fluid is raised or suppressed due to the relative strength of cohesive and adhesive forces?","capillary tube","conductive tube","resonant tube","insulated tube","One important phenomenon related to the relative strength of cohesive and adhesive forces is capillary action—the tendency of a fluid to be raised or suppressed in a narrow tube, or capillary tube. This action causes blood to be drawn into a small-diameter tube when the tube touches a drop. Capillary Action The tendency of a fluid to be raised or suppressed in a narrow tube, or capillary tube, is called capillary action. If a capillary tube is placed vertically into a liquid, as shown in Figure 11.34, capillary action will raise or suppress the liquid inside the tube depending on the combination of substances. The actual effect depends on the relative strength of the cohesive and adhesive forces and, thus, the contact angle θ given in the table. If θ is less than 90º , then the fluid will be raised; if θ is greater than 90º , it will be suppressed. Mercury, for example, has a very large surface tension and a large contact angle with glass. When placed in a tube, the surface of a column of mercury curves downward, somewhat like a drop. The curved surface of a fluid in a tube is called a meniscus. The tendency of surface tension is always to reduce the surface area. Surface tension thus flattens the curved liquid surface in a capillary tube. This results in a downward force in mercury and an upward force in water, as seen in Figure 11.34.",0.6314204524642643,0.4747078388116527,0.3860487833054349,0.3297196098581471,0.6545454545454545,8.143258280605966,0.9310344827586208,0.0,0.3076923076923077,0.3076923076923077,0.0384615384615384
433,"FewShot_WithAnswer","NEB_Qwen3235BInstruct","When gas molecules are warm and move vigorously, occupying more space, what happens to air density and air pressure?","they are lower","they are higher","they remain unchanged","they fluctuate unpredictably","When gas molecules are warm, they move vigorously. They take up more space. Air density and air pressure are lower.",0.5,0.4264014327112209,0.3731267815233978,0.319263900695843,0.7741935483870968,8.83110260111732,0.8947368421052632,0.0,0.2631578947368421,0.3157894736842105,0.0
435,"FewShot_WithAnswer","NEB_Qwen3235BInstruct","Nematodes can act as parasites in which of the following categories?","both","plants only","animals only","neither plants nor animals","Nematodes can be parasites of plants and animals.",0.1533407357715539,0.1084282740962003,0.0994413624541629,0.0975275911814104,0.3157894736842105,15.792039550738192,0.8181818181818182,0.0,0.2,0.1,0.0
436,"FewShot_WithAnswer","NEB_Qwen3235BInstruct","According to the support text, what type of weather is associated with a center of low pressure moving into an area?","stormy","sunny","dry","calm","Weather is very difficult to predict. That’s because it’s very complex and many factors are involved. Slight changes in even one factor can cause a big change in the weather. Still, certain “rules of thumb” generally apply. These “rules” help meteorologists forecast the weather. For example, low pressure is likely to bring stormy weather. So if a center of low pressure is moving your way, you can expect a storm.",0.4347826086956521,0.3367811605397753,0.2742274738112996,0.2329746737368975,0.5294117647058824,4.279197073321598,0.9047619047619048,0.0,0.2222222222222222,0.2222222222222222,0.0555555555555555
437,"FewShot_WithAnswer","NEB_Qwen3235BInstruct","What structure, analogous to the head of a drum, vibrates when struck by sound waves and transmits these vibrations to the middle ear?","eardrum","cochlea","oval window","hammer and anvil","The eardrum is like the head of a drum. It’s a thin membrane stretched tight across the end of the ear canal. The eardrum vibrates when sound waves strike it, and it sends the vibrations on to the middle ear.",0.4230769230769231,0.2209447171745396,0.1249901372888971,0.0949738401211236,0.3684210526315788,2.7764102447876,0.9130434782608696,0.0,0.15,0.1,0.1
438,"FewShot_WithAnswer","NEB_Qwen3235BInstruct","What are icy objects that have very elliptical orbits around the Sun?","comets","planets","stars","moons","Comets are icy objects that have very elliptical orbits around the Sun.",0.7692307692307693,0.6880209161537815,0.6511884547386724,0.6229736252655874,0.9090909090909092,8.246026399537445,0.8333333333333334,0.0,0.9090909090909092,0.8181818181818182,0.8181818181818182
439,"FewShot_WithAnswer","NEB_Qwen3235BInstruct","Which geological era, beginning 65 million years ago and continuing to the present, is characterized by the rise and dominance of mammals following the extinction of the dinosaurs and is often referred to as the 'age of mammals'?","cenozoic era","mesozoic era","paleozoic era","cretaceous period","The Cenozoic Era literally means the era of “modern life. ” It is also called the age of mammals. Mammals took advantage of the extinction of the dinosaurs. They flourished and soon became the dominant animals on Earth. You can learn more about the evolution of mammals during the Cenozoic at the link below. The Cenozoic began 65 million years ago and continues to the present. It may be divided into the two periods described in Figure below . http://www. youtube. com/watch?v=H0uTGkCWXwQ.",0.1666666666666666,0.1091089451179962,0.0662184410900988,0.0519061976916679,0.2790697674418604,3.261404703828023,0.9473684210526316,0.0,0.1515151515151515,0.1212121212121212,0.0
440,"FewShot_WithAnswer","NEB_Qwen3235BInstruct","What type of high-energy radiation originates from sources such as radioactive atoms, nuclear explosions, and stars, but is absorbed by Earth’s atmosphere when coming from space?","gamma","alpha","beta","neutron","Sources of gamma rays include radioactive atoms, nuclear explosions, and stars. Gamma rays from space are absorbed by Earth’s atmosphere.",0.25,0.2338535866733713,0.2195630267125439,0.2049422944746043,0.4324324324324324,7.395060609196839,0.9230769230769232,0.0,0.2307692307692307,0.2307692307692307,0.0384615384615384
441,"FewShot_WithAnswer","NEB_Qwen3235BInstruct","The similarities and differences between the genomes confirm patterns of what?","evolution","mutation","adaptation","speciation","The similarities and differences between the genomes confirm patterns of evolution.",1.0,1.0,1.0,1.0,1.0,16.032733144347414,0.8181818181818182,0.0,0.8888888888888888,1.0,0.1111111111111111
442,"FewShot_WithAnswer","NEB_Qwen3235BInstruct","What are the two fundamental components of every solution, where one substance dissolves and the other does the dissolving?","solute and solvent","acid and base","element and compound","mixture and colloid","All solutions have two parts: the solute and the solvent. The solute is the substance that dissolves, and the solvent is the substance that dissolves the solute. Particles of solvent pull apart particles of solute, and the solute particles spread throughout the solvent. Salt water, such as the ocean water in the Figure below , is an example of a solution. In a saltwater solution, salt is the solute and water is the solvent.",0.3333333333333333,0.2817180849095055,0.2283355701981471,0.1881478574691708,0.4347826086956521,3.88326378785077,0.8947368421052632,0.0,0.125,0.1875,0.0625
443,"FewShot_WithAnswer","NEB_Qwen3235BInstruct","On how many continents do birds live and breed according to the support text?","seven","five","three","six","Birds live and breed in most terrestrial habitats on all seven continents. They occupy a wide range of ecological positions. Raptors are carnivores; aquatic birds eat fish or water plants; and perching birds may eat insects, fruit, honey, or nectar. Some birds are pollinators that co-evolved with plants. Human actions have caused the extinction of hundreds of species of birds, and some 1,200 species are threatened with extinction today.",0.7333333333333333,0.6253887679764573,0.5513674487059984,0.4765516767368509,0.7826086956521738,11.158213837980504,0.8571428571428571,0.0,0.3076923076923077,0.4615384615384615,0.3846153846153846
444,"FewShot_WithAnswer","NEB_Qwen3235BInstruct","In the context of the reaction described, which subatomic particles are primarily responsible for the changes in electron density that define the oxidation of hydrogen and reduction of oxygen?","electrons","protons","neutrons","photons","In the course of this reaction, electrons are shifted away from each hydrogen atom and towards the oxygen atom. The hydrogen is oxidized because it undergoes a partial loss of electrons. Even though the loss is not complete enough to form ions, the hydrogen atoms in water have less electron density near them than they did in the H 2 molecule. The oxygen is reduced because it undergoes a partial gain of electrons. The oxygen atom in water has greater electron density near it than they did in the O 2 molecule.",0.096774193548387,0.0558726066957702,0.0470354753492487,0.0435230832160139,0.1142857142857142,4.466581172695121,0.9310344827586208,0.0,0.08,0.04,0.0
445,"FewShot_WithAnswer","NEB_Qwen3235BInstruct","Which biome is characterized by permafrost, absence of trees, and dominance of small hardy plants?","tundra","taiga","steppe","savanna","Tundra is land with permafrost, no trees, and small hardy plants.",0.5555555555555556,0.4648111258522642,0.3704429777767336,0.2823374761560355,0.5384615384615385,9.776565914315944,0.8666666666666667,0.0,0.2,0.2,0.0666666666666666
446,"FewShot_WithAnswer","NEB_Qwen3235BInstruct","In which specific environment do viruses require to replicate due to their lack of independent metabolic machinery?","host cells","culture media","extracellular fluid","abiotic surfaces","19.2 Viruses replicate only in host cells.",0.111111111111111,0.0785674201318386,0.0713420122412218,0.0690206460944253,0.2727272727272727,10.531985314136158,0.8823529411764706,0.0,0.0588235294117647,0.0588235294117647,0.0
447,"FewShot_WithAnswer","NEB_Qwen3235BInstruct","What term describes a chemical process that releases heat, such as the combustion in an oxyacetylene torch?","exothermic process","endothermic process","isothermal reaction","catalytic conversion","Matter undergoing chemical reactions and physical changes can release or absorb heat. A change that releases heat is called an exothermic process. For example, the combustion reaction that occurs when using an oxyacetylene torch is an exothermic process—this process also releases energy in the form of light as evidenced by the torch’s flame (Figure 5.7). A reaction or change that absorbs heat is an endothermic process. A cold pack used to treat muscle strains provides an example of an endothermic process. When the substances in the cold pack (water and a salt like ammonium nitrate) are brought together, the resulting process absorbs heat, leading to the sensation of cold.",0.2696651575653268,0.1906820615641814,0.151101271300866,0.1147349300393,0.303030303030303,7.120055638158925,0.8823529411764706,0.0,0.2142857142857142,0.2142857142857142,0.0714285714285714
448,"FewShot_WithAnswer","NEB_Qwen3235BInstruct","Which hormone is secreted by the pineal gland and plays a key role in regulating sleep-wake cycles and other physiological processes?","melatonin","serotonin","dopamine","cortisol","The pineal gland is a tiny gland located at the base of the brain. It secretes the hormone melatonin. This hormone controls sleep-wake cycles and several other processes.",0.5454545454545454,0.4453617714151233,0.3614588481716901,0.2901128463472214,0.625,2.721410656668242,0.9047619047619048,0.0,0.1578947368421052,0.2105263157894736,0.0526315789473684
449,"FewShot_WithAnswer","NEB_Qwen3235BInstruct","Fuel stores what, which can be released to do work when the fuel is burned?","energy","heat","motion","light","Energy is the ability to do work. Fuel stores energy and can be released to do work. Heat is given off when fuel is burned.",0.3529411764705882,0.2495670992423109,0.1981960029648627,0.1509379176273831,0.4545454545454545,33.10023324316511,0.8666666666666667,0.0,0.4285714285714285,0.2142857142857142,0.2142857142857142
450,"FewShot_WithAnswer","NEB_Qwen3235BInstruct","In a non-pregnant and non-lactating female, the breast is composed primarily of which types of tissue?","adipose and collagenous","muscular and nervous","epithelial and lymphatic","osseous and elastic","Structure of the Lactating Breast Mammary glands are modified sweat glands. The non-pregnant and non-lactating female breast is composed primarily of adipose and collagenous tissue, with mammary glands making up a very minor proportion of breast volume. The mammary gland is composed of milk-transporting lactiferous ducts, which expand and branch extensively during pregnancy in response to estrogen, growth hormone, cortisol, and prolactin. Moreover, in response to progesterone, clusters of breast alveoli bud from the ducts and expand outward toward the chest wall. Breast alveoli are balloon-like structures lined with milk-secreting cuboidal cells, or lactocytes, that are surrounded by a net of contractile myoepithelial cells. Milk is secreted from the lactocytes, fills the alveoli, and is squeezed into the ducts. Clusters of alveoli that drain to a common duct are called lobules; the lactating female has 12–20 lobules organized radially around the nipple. Milk drains from lactiferous ducts into lactiferous sinuses that meet at 4 to 18 perforations in the nipple, called nipple pores. The small bumps of the areola (the darkened skin around the nipple) are called Montgomery glands. They secrete oil to cleanse the nipple opening and prevent chapping and cracking of the nipple during breastfeeding.",0.6111111111111112,0.45133546692422,0.3632480836061832,0.2782146545423827,0.6666666666666666,3.1975537353668897,0.875,0.0,0.6428571428571429,0.3571428571428571,0.0714285714285714
451,"FewShot_WithAnswer","NEB_Qwen3235BInstruct","Somatic, autonomic, and enteric structures are functionally distinct subdivisions of which broader system in the body?","nervous system","endocrine system","lymphatic system","respiratory system","Functional Divisions of the Nervous System The nervous system can also be divided on the basis of its functions, but anatomical divisions and functional divisions are different. The CNS and the PNS both contribute to the same functions, but those functions can be attributed to different regions of the brain (such as the cerebral cortex or the hypothalamus) or to different ganglia in the periphery. The problem with trying to fit functional differences into anatomical divisions is that sometimes the same structure can be part of several functions. For example, the optic nerve carries signals from the retina that are either used for the conscious perception of visual stimuli, which takes place in the cerebral cortex, or for the reflexive responses of smooth muscle tissue that are processed through the hypothalamus. There are two ways to consider how the nervous system is divided functionally. First, the basic functions of the nervous system are sensation, integration, and response. Secondly, control of the body can be somatic or autonomic—divisions that are largely defined by the structures that are involved in the response. There is also a region of the peripheral nervous system that is called the enteric nervous system that is responsible for a specific set of the functions within the realm of autonomic control related to gastrointestinal functions.",0.3316112307245165,0.2170905094417946,0.1330754634380481,0.1056896495775315,0.303030303030303,19.50684349082384,0.875,0.0,0.0666666666666666,0.0666666666666666,0.4
452,"FewShot_WithAnswer","NEB_Qwen3235BInstruct","Which structure in a flower consists of a stigma, style, and ovary and is responsible for housing the egg and developing seeds after fertilization?","the pistil","the stamen","the petal","the sepal","The pistil is the female reproductive structure of a flower. It consists of a stigma, style, and ovary. The stigma is raised and sticky to help it catch pollen. The style supports the stigma and connects it to the ovary, which contains the egg. Petals attract pollinators to the flower. Petals are often brightly colored so pollinators will notice them.",0.2592592592592592,0.1697250257391051,0.103475962036909,0.0815914408307416,0.2857142857142857,10.784399872215912,0.9166666666666666,0.0,0.2857142857142857,0.0476190476190476,0.238095238095238
453,"FewShot_WithAnswer","NEB_Qwen3235BInstruct","Cysteine, as mentioned in the text, is classified as what type of molecule that serves as a building block for proteins?","amino acid","fatty acid","nucleic acid","carbohydrate","Food and Drink App: Amino Acids—Essential and Otherwise The text mentioned cysteine, an amino acid. Amino acids are the fundamental building blocks of proteins, a major biological component. Proteins are a necessary part of the diet; meat, eggs, and certain vegetables such as beans and soy are good sources of protein and amino acids. All life on Earth—from the lowliest single-celled organism to humans to blue whales—relies on proteins for life, so all life on Earth is dependent on amino acids. The human body contains 20 different amino acids (curiously, other organisms may have a different number of amino acids). However, not all of them must be obtained from the diet. The body can synthesize 12 amino acids. The other 8 must be obtained from the diet. These 8 amino acids are called the essential amino acids. Daily requirements range from 4 mg per kilogram of body weight for tryptophan to 40 mg per kilogram of body weight for leucine. Infants and children need a greater mass per kg of body weight to support their growing bodies; also, the number of amino acids that are considered essential for infants and children is greater than for adults due to the greater protein synthesis associated with growth. Because of the existence of essential amino acids, a diet that is properly balanced in protein is necessary. Rice and beans, a very popular food dish Saylor URL: http://www. saylor. org/books.",0.375,0.2165063509461096,0.1267859555778771,0.0981064793673829,0.4827586206896551,5.464261365764931,0.9047619047619048,0.0,0.0526315789473684,0.1052631578947368,0.0526315789473684
454,"FewShot_WithAnswer","NEB_Qwen3235BInstruct","Which genus found in the dry areas of the southwestern United States and Mexico produces ephedrine, a compound used in medicine as a decongestant and structurally similar to amphetamines?","ephedra","ginkgo","pinus","cycad","years. The genus Ephedra is represented in North America in dry areas of the southwestern United States and Mexico (Figure 14.23). Ephedra’s small, scale-like leaves are the source of the compound ephedrine, which is used in medicine as a potent decongestant. Because ephedrine is similar to amphetamines, both in chemical structure and neurological effects, its use is restricted to prescription drugs. Like angiosperms, but unlike other gymnosperms, all gnetophytes possess vessel elements in their xylem.",0.5806451612903226,0.4539112025635577,0.34540127212192,0.274573391383356,0.5833333333333334,4.721100306608111,0.9310344827586208,0.0,0.36,0.16,0.0
455,"FewShot_WithAnswer","NEB_Qwen3235BInstruct","Which class of organic compounds, according to the text, includes substances that can act as anesthetics when inhaled, cause chemical pneumonia if aspirated into the lungs, and are found in products such as gasoline, mineral oil, and petroleum jelly?","hydrocarbons","carbohydrates","proteins","lipids","Opening Essay Hydrocarbons are the simplest organic compounds, but they have interesting physiological effects. These effects depend on the size of the hydrocarbon molecules and where on or in the body they are applied. Alkanes of low molar mass—those with from 1 to approximately 10 or so carbon atoms—are gases or light liquids that act as anesthetics. Inhaling (“sniffing”) these hydrocarbons in gasoline or aerosol propellants for their intoxicating effect is a major health problem that can lead to liver, kidney, or brain damage or to immediate death by asphyxiation by excluding oxygen. Swallowed, liquid alkanes do little harm while in the stomach. In the lungs, however, they cause “chemical” pneumonia by dissolving fatlike molecules from cell membranes in the tiny air sacs (alveoli). The lungs become unable to expel fluids, just as in pneumonia caused by bacteria or viruses. People who swallow gasoline or other liquid alkane mixtures should not be made to vomit, as this would increase the chance of getting alkanes into the lungs. (There is no home-treatment antidote for gasoline poisoning; call a poison control center. ) Liquid alkanes with approximately 5–16 carbon atoms per molecule wash away natural skin oils and cause drying and chapping of the skin, while heavier liquid alkanes (those with approximately 17 or more carbon atoms per molecule) act as emollients (skin softeners). Such alkane mixtures as mineral oil and petroleum jelly can be applied as a protective film. Water and aqueous solutions such as urine will not dissolve such a film, which explains why petroleum jelly protects a baby’s tender skin from diaper rash.",0.108695652173913,0.0687451665253995,0.0471799280545393,0.0393056322581709,0.1818181818181818,3.842856473474401,0.9487179487179488,0.0,0.1351351351351351,0.054054054054054,0.0
456,"FewShot_WithAnswer","NEB_Qwen3235BInstruct","Which ancient Greek philosopher developed one of the earliest known classification systems for living things, including groups such as mammals, insects, and reptiles?","aristotle","plato","socrates","pythagoras","People have been concerned with classifying organisms for thousands of years. Over 2,000 years ago, the Greek philosopher Aristotle developed a classification system that divided living things into several groups that we still use today, including mammals, insects, and reptiles.",0.5185185185185185,0.415739709641549,0.341670098655256,0.2988565156407745,0.4651162790697674,4.93715199042178,0.9130434782608696,0.0,0.1818181818181818,0.1818181818181818,0.0909090909090909
457,"FewShot_WithAnswer","NEB_Qwen3235BInstruct","Which element is present in all biochemical molecules along with carbon and oxygen?","hydrogen","nitrogen","phosphorus","sulfur","All biochemical molecules contain hydrogen and oxygen as well as carbon. They may also contain nitrogen, phosphorus, and/or sulfur. Almost all biochemical compounds are polymers. Polymers are large molecules that consist of many smaller, repeating molecules, called monomers. Glucose is a monomer of biochemical compounds called starches. In starches and all other biochemical polymers, monomers are joined together by covalent bonds, in which atoms share pairs of valence electrons.",0.5,0.2672612419124243,0.1764586168229898,0.1462806365365752,0.608695652173913,5.165923484935588,0.8461538461538461,0.0,0.2307692307692307,0.2307692307692307,0.1538461538461538
458,"FewShot_WithAnswer","NEB_Qwen3235BInstruct","What do you call a structure composed of one or more types of tissues that work together to perform a specific function, such as the brain in humans or leaves in plants?","organ","cell","tissue","system","Organ : Structure composed of one or more types of tissues. The tissues of an organ work together to perfume a specific function. Human organs include the brain, stomach, kidney, and liver. Plant organs include roots, stems, and leaves.",0.3823529411764705,0.3181368772468225,0.2779312469664963,0.2518856057165726,0.5238095238095238,2.528276684026221,0.9375,0.0,0.3103448275862069,0.2758620689655172,0.3103448275862069
459,"FewShot_WithAnswer","NEB_Qwen3235BInstruct","Based on the ship's hull displacing more water than its own weight, what will happen when the ship is placed in water?","it will float","it will sink immediately","it will hover mid-depth","it will partially submerge and remain stationary","Now look at the ship’s hull in the Figure above . Its shape causes the ship to displace much more water than the ball. In fact, the weight of the displaced water is greater than the weight of the ship. As a result, the buoyant force is greater than the force of gravity acting on the ship, so the ship floats.",0.48,0.3098386676965933,0.2289428485106664,0.1797301146816802,0.3783783783783783,2.0753288967822963,0.9090909090909092,0.0,0.15,0.15,0.15
461,"FewShot_WithAnswer","NEB_Qwen3235BInstruct","Which historical practice was based on the belief that changing the proportions of the four basic elements—fire, water, earth, and air—could transform substances, with goals including the transmutation of metals into gold and the creation of the philosopher’s stone?","alchemy","astrology","philosophy","metallurgy","Alchemy was a somewhat mystical and secretive approach to learning how to manipulate matter. Practitioners, called alchemists, thought that all matter was composed of different proportions of the four basic elements—fire, water, earth, and air—and believed that if you changed the relative proportions of these elements in a substance, you could change the substance. The long-standing attempts to “transmute” common metals into gold represented one goal of alchemy. Alchemy’s other major goal was to synthesize the philosopher’s stone, a material that could impart long life—even immortality. Alchemists used symbols to represent substances, some of which are shown in the accompanying figure. This was not done to better communicate ideas, as chemists do today, but to maintain the secrecy of alchemical knowledge, keeping others from sharing in it.",0.32,0.1959591794226542,0.1329695297971749,0.0836572897136744,0.2903225806451613,23.8705122453573,0.9487179487179488,0.0,0.2424242424242424,0.1212121212121212,0.0606060606060606
462,"FewShot_WithAnswer","NEB_Qwen3235BInstruct","Based on the reproductive requirements of the first plants, which factor was essential for sperm to reach eggs?","isotopes","dry air","carbon monoxide","sunlight","The first plants were probably similar to the stoneworts in Figure below. Stoneworts are green algae. Like stoneworts, the first plants were aquatic. They may have had stalks but not stems. They also may have had hair-like structures called rhizoids but not roots. The first plants probably had male and female reproductive organs and needed water to reproduce. In stoneworts, sperm need at least a thin film of moisture to swim to eggs.",0.15,0.1224744871391589,0.0924228208115403,0.0813797381743466,0.0666666666666666,20.276819369757423,0.8888888888888888,0.0,0.125,0.0625,0.125
463,"FewShot_WithAnswer","NEB_Qwen3235BInstruct","In the process of dilution, what is added to a measured portion of a more concentrated stock solution to achieve a desired concentration?","solvent","solute","catalyst","emulsifier","Dilution is also a common means of preparing solutions of a desired concentration. By adding solvent to a measured portion of a more concentrated stock solution, we can achieve a particular concentration. For example, commercial pesticides are typically sold as solutions in which the active ingredients are far more concentrated than is appropriate for their application. Before they can be used on crops, the pesticides must be diluted. This is also a very common practice for the preparation of a number of common laboratory reagents (Figure 3.17).",0.68,0.6596969000988258,0.6331917196455551,0.6154677472278494,0.8235294117647058,12.727200370437574,0.9130434782608696,0.0,0.4210526315789473,0.6842105263157895,0.1052631578947368
464,"FewShot_WithAnswer","NEB_Qwen3235BInstruct","Which of the following characteristics, shared by both humans and bats, is a defining feature of mammals mentioned in the text?","body hair","ability to fly","presence of feathers","laying eggs","Both humans and bats have body hair, and both humans and bats can nurse their young. These are both characteristics of mammals, the class that both bats and humans belong to.",0.2083333333333333,0.1613743060919757,0.1313178141566672,0.1007249507278023,0.2962962962962963,4.120649747489026,0.9047619047619048,0.0,0.2222222222222222,0.1666666666666666,0.0
465,"FewShot_WithAnswer","NEB_Qwen3235BInstruct","What property of the fiber optic material is varied to allow more light to be guided along the fiber through total internal reflection?","refractive index","density","temperature","electrical conductivity","Fiber Optics: Endoscopes to Telephones Fiber optics is one application of total internal reflection that is in wide use. In communications, it is used to transmit telephone, internet, and cable TV signals. Fiber optics employs the transmission of light down fibers of plastic or glass. Because the fibers are thin, light entering one is likely to strike the inside surface at an angle greater than the critical angle and, thus, be totally reflected (See Figure 25.14. ) The index of refraction outside the fiber must be smaller than inside, a condition that is easily satisfied by coating the outside of the fiber with a material having an appropriate refractive index. In fact, most fibers have a varying refractive index to allow more light to be guided along the fiber through total internal refraction. Rays are reflected around corners as shown, making the fibers into tiny light pipes.",0.1998311368977371,0.0893672012248813,0.0693177235272948,0.0617310476609649,0.1463414634146341,15.70010802654614,0.9130434782608696,0.0,0.5714285714285714,0.0476190476190476,0.0476190476190476
466,"FewShot_WithAnswer","NEB_Qwen3235BInstruct","Which vector quantity has the same direction as the applied force?","impulse","acceleration","work","power","Impulse is a vector quantity that has the same direction as the force.",0.6348612936679605,0.5183620756432428,0.435696205488669,0.3806909419881653,0.631578947368421,10.9298738201989,0.8181818181818182,0.0,0.4444444444444444,0.3333333333333333,0.1111111111111111
467,"FewShot_WithAnswer","NEB_Qwen3235BInstruct","Which group of plants became the dominant phase in the lifecycle with the sporophyte and requires water for fertilization, including modern examples like ferns, horsetails, club mosses, and whisk ferns?","seedless vascular plants","gymnosperms","angiosperms","bryophytes","Seedless Vascular Plants By the Late Devonian period (385 million years ago), plants had evolved vascular tissue, well-defined leaves, and root systems. With these advantages, plants increased in height and size. During the Carboniferous period (359–299 million years ago), swamp forests of club mosses and horsetails, with some specimens reaching more than 30 meters tall, covered most of the land. These forests gave rise to the extensive coal deposits that gave the Carboniferous its name. In seedless vascular plants, the sporophyte became the dominant phase of the lifecycle. Water is still required for fertilization of seedless vascular plants, and most favor a moist environment. Modern-day seedless vascular plants include club mosses, horsetails, ferns, and whisk ferns. Club Mosses The club mosses, or Lycophyta, are the earliest group of seedless vascular plants. They dominated the landscape of the Carboniferous period, growing into tall trees and forming large swamp forests. Today’s club mosses are diminutive, evergreen plants consisting of a stem (which may be branched) and small leaves called microphylls (Figure 14.13). The division Lycophyta consists of close to 1,000 species, including quillworts (Isoetales), club mosses (Lycopodiales), and spike mosses (Selaginellales): none of which is a true moss.",0.3714285714285714,0.3090472521826277,0.223980537463458,0.1615424725214106,0.4878048780487805,8.159260327084349,0.9333333333333332,0.0,0.1111111111111111,0.1111111111111111,0.074074074074074
469,"FewShot_WithAnswer","NEB_Qwen3235BInstruct","What is the term for a disease-causing agent that vectors like ticks and mosquitoes can transmit from one host to another?","pathogen","vector","antibody","antigen","Still other pathogens are spread by vectors . A vector is an organism that carries pathogens from one person or animal to another. Most vectors are insects, such as ticks and mosquitoes. These insects tend to transfer protozoan or viral parasites. When an insect bites an infected person or animal, it picks up the pathogen. Then the pathogen travels to the next person or animal it bites. Ticks carry the bacteria that cause Lyme disease. Mosquitoes ( Figure below ) carry West Nile virus. Both pathogens cause fever, headache, and tiredness. If the diseases are not treated, more serious symptoms may develop. Other diseases spread by mosquitoes include Dengue Fever and Yellow Fever.",0.3636363636363636,0.25712973861329,0.1846595498507169,0.1332052464806598,0.4705882352941176,2.121005443590002,0.9047619047619048,0.0,0.1578947368421052,0.1052631578947368,0.1052631578947368
470,"FewShot_WithAnswer","NEB_Qwen3235BInstruct","What is the term used to describe the force that propels a rocket in the opposite direction of the expelled gases during an explosion in the chamber?","thrust","inertia","gravity","friction","For a long time, many people believed that a rocket wouldn’t work in space. There would be nothing for the rocket to push against. But they do work! Fuel is ignited in a chamber. The gases in the chamber explode. The explosion creates pressure that forces the gases out of one side of the rocket. The rocket moves in the opposite direction ( Figure below ). The force pushing the rocket is called thrust .",0.3928571428571428,0.2051629516620724,0.1159519449211657,0.0879964579636177,0.4324324324324324,2.8048194467660643,0.925925925925926,0.0,0.15,0.05,0.0
471,"FewShot_WithAnswer","NEB_Qwen3235BInstruct","Which bird, once the most common in North America, became extinct in the 1800s due to overhunting and habitat destruction?","the passenger pigeon","the dusky seaside sparrow","the Carolina parakeet","the ivory-billed woodpecker","Hundreds of species of birds have gone extinct as a result of human actions. A well-known example is the passenger pigeon. It was once the most common bird in North America, but overhunting and habitat destruction led to its extinction in the 1800s. Habitat destruction and use of the pesticide DDT explain the recent extinction of the dusky seaside sparrow. This native Florida bird was declared extinct in 1990.",0.4782608695652174,0.3532190610711287,0.2830795683272362,0.238592552583939,0.7333333333333334,2.9283215024328246,0.9,0.0,0.2222222222222222,0.3888888888888889,0.0555555555555555
472,"FewShot_WithAnswer","NEB_Qwen3235BInstruct","What is the name of the process by which nitrogen is repeatedly recycled through the biosphere, involving the conversion of atmospheric nitrogen into forms usable by living organisms?","nitrogen cycle","carbon cycle","water cycle","photosynthesis","Like water and carbon, nitrogen is also repeatedly recycled through the biosphere. This process is called the nitrogen cycle . Nitrogen is one of the most common elements in living organisms. It is important for creating both proteins and nucleic acids, like DNA. The air that we breathe is mostly nitrogen gas (N 2 ), but, unfortunately, animals and plants cannot use the nitrogen when it is a gas. In fact, plants often die from a lack of nitrogen even through they are surrounded by plenty of nitrogen gas. Nitrogen gas (N 2 ) has two nitrogen atoms connected by a very strong triple bond. Most plants and animals cannot use the nitrogen in nitrogen gas because they cannot break that triple bond.",0.4,0.3651483716701107,0.318087248602906,0.2753358028987337,0.5142857142857142,4.192048477743709,0.9285714285714286,0.0,0.1666666666666666,0.25,0.125
473,"FewShot_WithAnswer","NEB_Qwen3235BInstruct","Pepsin, an enzyme produced in the stomach, plays a critical role in digestion by breaking down large biomolecules into their monomeric units. Based on its enzymatic function, pepsin primarily acts on which of the following substrates?","proteins","carbohydrates","lipids","nucleic acids","Pepsin, produced in the stomach. Pepsin helps break down proteins into amino acids.",0.0975609756097561,0.048780487804878,0.0390370893630037,0.0351432498303531,0.1463414634146341,3.696335536154444,0.9444444444444444,0.0,0.09375,0.03125,0.0
474,"FewShot_WithAnswer","NEB_Qwen3235BInstruct","Which group of plants, known for evolving the flower structure and thriving in diverse environments such as aquatic, forest, and desert habitats, includes species like the water lily, oak tree, and barrel cactus?","angiosperms","gymnosperms","bryophytes","pteridophytes","Angiosperms , in the phylum Anthophyta , are the most successful phylum of plants. This category also contains the largest number of individual plants ( Figure below ). Angiosperms evolved the structure of the flower, so they are also called the flowering plants. Angiosperms live in a variety of different environments. A water lily, an oak tree, and a barrel cactus, although different, are all angiosperms.",0.1,0.0707106781186547,0.0504237490174555,0.0428578568751006,0.1052631578947368,7.41599903417738,0.9393939393939394,0.0,0.2258064516129032,0.064516129032258,0.032258064516129
475,"FewShot_WithAnswer","NEB_Qwen3235BInstruct","Which ventricle is the major pumping chamber for the systemic circuit and ejects blood into the aorta through the aortic semilunar valve?","left","right","superior","inferior","Left Ventricle Recall that, although both sides of the heart will pump the same amount of blood, the muscular layer is much thicker in the left ventricle compared to the right (see Figure 19.8). Like the right ventricle, the left also has trabeculae carneae, but there is no moderator band. The mitral valve is connected to papillary muscles via chordae tendineae. There are two papillary muscles on the left—the anterior and posterior—as opposed to three on the right. The left ventricle is the major pumping chamber for the systemic circuit; it ejects blood into the aorta through the aortic semilunar valve.",0.1739130434782608,0.0869565217391304,0.0700476999343516,0.0636049017251942,0.2142857142857142,8.561416647669345,0.9090909090909092,0.0,0.4444444444444444,0.1111111111111111,0.1111111111111111
476,"FewShot_WithAnswer","NEB_Qwen3235BInstruct","What are the undersea volcanoes called that rise as small hills above the ocean floor, with some exceeding 1000 meters in height?","seamounts","trenches","ridges","plateaus","The ocean floor is not totally flat. In many places, small hills rise above the ocean floor. These hills are undersea volcanoes, called seamounts ( Figure above ). Some rise more than 1000 m above the seafloor.",0.5416666666666666,0.3679900360969936,0.2604285018775735,0.2001788607137708,0.6666666666666665,5.052862647921954,0.9090909090909092,0.0,0.2,0.2,0.1
477,"FewShot_WithAnswer","NEB_Qwen3235BInstruct","In social insects like ants, termites, bees, and wasps, what is the term for the large, organized group in which individuals live and divide up labor?","colony","commune","pack","herd","Many species of insects have evolved complex social behaviors. They live together in large, organized colonies (see Figure below ). This is true of ants, termites, bees, and wasps. Colonies may include millions of individual insects. Colony members divide up the labor of the colony. Different insects are specialized for different jobs. Some reproduce, while others care for the young. Still others get food or defend the nest.",0.40625,0.2981060004427954,0.2581330804250819,0.2313901861478186,0.4651162790697674,4.5334449249115325,0.9230769230769232,0.0,0.2083333333333333,0.2083333333333333,0.0833333333333333
478,"FewShot_WithAnswer","NEB_Qwen3235BInstruct","In Schrödinger's approach, what is the mathematical description associated with each quantized energy state of an electron in an atom?","wave function","quantum leap","atomic core","energy pulse","Each wave function is associated with a particular energy. As in Bohr’s model, the energy of an electron in an atom is quantized; it can have only certain allowed values. The major difference between Bohr’s model and Schrödinger’s approach is that Bohr had to impose the idea of quantization arbitrarily, whereas in Schrödinger’s approach, quantization is a natural consequence of describing an electron as a standing wave. Quantum Numbers Schrödinger’s approach uses three quantum numbers (n, l, and ml) to specify any wave function. The quantum numbers provide information about the spatial distribution of an electron. Although n can be any positive integer, only certain values of l and ml are allowed for a given value of n. The Principal Quantum Number The principal quantum number (n) tells the average relative distance of an electron from the nucleus:.",0.2763476165339242,0.1302715157439183,0.0816718576500819,0.0654236491413426,0.3076923076923076,3.478263017347664,0.9,0.0,0.2352941176470588,0.1176470588235294,0.0588235294117647
479,"FewShot_WithAnswer","NEB_Qwen3235BInstruct","What is the term for the ability of an atom to emit charged particles and energy from its nucleus due to an unstable proton-to-neutron ratio or excess nuclear energy?","radioactivity","ionization","fission","transmutation","Radioactivity is the ability of an atom to emit, or give off, charged particles and energy from its nucleus. The charged particles and energy are called by the general term radiation. Only unstable nuclei emit radiation. They are unstable because they have too much energy, too many protons, or an unstable ratio of protons to neutrons. For example, all elements with more than 83 protons—such as uranium, radium, and polonium—have unstable nuclei. They are called radioactive elements. The nuclei of these elements must lose protons to become more stable. When they do, they become different elements.",0.7,0.648074069840786,0.6142197238090353,0.583425382854316,0.7727272727272727,2.376430643314107,0.9310344827586208,0.0,0.28,0.36,0.48
480,"FewShot_WithAnswer","NEB_Qwen3235BInstruct","Which term refers to the fluid that fills the membrane surrounding and protecting the fetus, allowing it to move freely and providing cushioning against injury?","amniotic","placental","umbilical","fetal","Another structure that supports the fetus is the amniotic sac. This is a membrane that surrounds and protects the fetus. It contains amniotic fluid, which consists of water and dissolved substances. The fluid allows the fetus to move freely until it grows to fill most of the available space. The fluid also cushions the fetus and helps protect it from injury.",0.2592592592592592,0.1697250257391051,0.103475962036909,0.0815914408307416,0.2941176470588235,5.751674192449969,0.92,0.0,0.1363636363636363,0.0454545454545454,0.0454545454545454
481,"FewShot_WithAnswer","NEB_Qwen3235BInstruct","Which of the following interventions is specifically highlighted in the text as a way to help avoid illnesses like whooping cough and influenza, particularly in high-risk populations?","preventive vaccinations","antibiotic prophylaxis","daily vitamin supplements","regular blood tests","Getting the recommended vaccinations can help prevent diseases, such as whooping cough and flu. In fact, a yearly flu vaccine is recommended for everyone who is at least 6 months of age. The flu vaccine is especially important for people who are at high risk of developing serious complications (like pneumonia) if they get sick with the flu. People who have certain medical conditions including asthma, diabetes, and chronic lung disease, pregnant women, and people younger than 5 years (and especially those younger than 2), and people 65 years and older should also make sure they get the yearly flu vaccine.",0.1724137931034483,0.1335511498692213,0.108406604704036,0.0828802143982712,0.2285714285714286,4.390959372238052,0.925925925925926,0.0,0.125,0.125,0.0
482,"FewShot_WithAnswer","NEB_Qwen3235BInstruct","What is the purpose of a venomous bite in some snakes according to the text?","to kill prey","to digest food","to attract mates","to defend against predators","Some snakes have a venomous bite, which they use to kill their prey before eating it. Other snakes kill their prey by strangling them, still others swallow their prey whole and alive. After eating, snakes enter a resting stage, while the process of digestion takes place. The process is highly efficient, with the snake’s digestive enzymes dissolving and absorbing everything but the prey’s hair and claws!",0.1875,0.1082531754730548,0.0921007874660096,0.0864301961604852,0.2222222222222222,5.162185542044844,0.8666666666666667,0.0,0.1666666666666666,0.0833333333333333,0.0833333333333333
483,"FewShot_WithAnswer","NEB_Qwen3235BInstruct","In spiders, the chelicerae are typically modified to perform which specific function prior to feeding?","inject venom","filter food particles","grind prey into smaller pieces","secrete digestive enzymes externally","Chelicerae are mostly used for feeding, but in spiders, these are often modified into fangs that inject venom into their prey before feeding (Figure 28.43). Members of this subphylum have an open circulatory system with a heart that pumps blood into the hemocoel. Aquatic species have gills, whereas terrestrial species have either trachea or book lungs for gaseous exchange.",0.3529411764705882,0.1440876319284222,0.1090714638019467,0.0964407416373083,0.5384615384615384,16.976171983754515,0.8666666666666667,0.0,0.1428571428571428,0.1428571428571428,0.0714285714285714
484,"FewShot_WithAnswer","NEB_Qwen3235BInstruct","What disease results when the regulation of the cell cycle is lost, leading to uncontrolled cell division?","cancers","diabetes","Alzheimer's disease","hypertension","Many cancers result from uncontrolled cell division, when the regulation of the cycle is lost ( Figure below ). Recall that the cell cycle is the normal life of a cell. During this cycle, the cell performs its necessary functions, replicates its DNA and organelles, and divides through mitosis and cytokinesis, such that two genetically identical cells result. The cycle is highly regulated so that no phase proceeds before it is ready to do so.",0.3157894736842105,0.257841025556124,0.2229380833818365,0.1900130661116749,0.4761904761904761,3.225516929045588,0.8823529411764706,0.0,0.2,0.2,0.1333333333333333
485,"FewShot_WithAnswer","NEB_Qwen3235BInstruct","In angiosperms, where do seeds initially form as they develop?","ovaries","stomata","anthers","sepals","Angiosperms, or flowering seed plants, form seeds in ovaries. As the seeds develop, the ovaries may develop into fruits. Flowers attract pollinators, and fruits encourage animals to disperse the seeds.",0.4166666666666667,0.1863389981249824,0.1466914975906513,0.1332918840851442,0.6666666666666666,9.740231700555553,0.8,0.0,0.1,0.2,0.2
486,"FewShot_WithAnswer","NEB_Qwen3235BInstruct","What term refers to the process of developing new technology through evidence-based and logical methods?","technological design","engineering prototyping","scientific modeling","creative brainstorming","Technological design is the development of new technology. The design process is based on evidence and logic.",0.5,0.3061862178478972,0.1842015749320193,0.1453576842420548,0.5,9.962982992265276,0.8666666666666667,0.0,0.1428571428571428,0.1428571428571428,0.1428571428571428
487,"FewShot_WithAnswer","NEB_Qwen3235BInstruct","What term describes all the populations of different species, such as fish, coral, and other organisms, living together in the same area?","community","ecosystem","population","niche","All of the populations that live in the same area make up a community. The community that includes the goldfish population also includes the populations of other fish, coral, and other organisms.",0.4074074074074074,0.324998681014523,0.2532891656507144,0.1898825068992383,0.45,3.915613395089096,0.9090909090909092,0.0,0.25,0.15,0.15
488,"FewShot_WithAnswer","NEB_Qwen3235BInstruct","Which model describes electrons moving in fixed orbits around the nucleus, where energy levels are analogous to the rungs of a ladder?","bohr model","quantum cloud model","plum pudding model","nuclear resonance model","According to the Bohr model, often referred to as a planetary model , the electrons encircle the nucleus of the atom in specific allowable paths called orbits. When the electron is in one of these orbits, its energy is fixed. The ground state of the hydrogen atom, where its energy is lowest, is when the electron is in the orbit that is closest to the nucleus. The orbits that are further from the nucleus are all of successively greater energy. The electron is not allowed to occupy any of the spaces in between the orbits. An everyday analogy to the Bohr model is the rungs of a ladder. As you move up or down a ladder, you can only occupy specific rungs and cannot be in the spaces in between rungs. Moving up the ladder increases your potential energy, while moving down the ladder decreases your energy.",0.1666666666666666,0.0833333333333333,0.0670867197530385,0.0608655776057909,0.1290322580645161,8.301506117770135,0.9090909090909092,0.0,0.1578947368421052,0.0526315789473684,0.1052631578947368
489,"FewShot_WithAnswer","NEB_Qwen3235BInstruct","In a wave where the medium moves back and forth in the same direction as the wave, what type of wave is being described?","longitudinal wave","transverse wave","electromagnetic wave","surface wave","In a longitudinal wave, the medium moves back and forth in the same direction as the wave.",0.6538461538461539,0.6141815162565889,0.5810305164899956,0.5475762054393295,0.8571428571428571,2.8488799082092613,0.9166666666666666,0.0,0.5,0.5,0.1
490,"FewShot_WithAnswer","NEB_Qwen3235BInstruct","What type of simple machine is a ramp classified as?","inclined plane","lever","pulley","screw","Look at the ramp in the Figure below . A ramp is a type of simple machine called an inclined plane. It can be used to raise an object off the ground. The input distance is the length of the sloped surface of the ramp. This is the distance over which the input force is applied. The output distance is the height of the ramp, or the vertical distance the object is raised. For this ramp, the input distance is 6 m and the output distance is 2 meters. Therefore, the ideal mechanical advantage of this ramp is:.",0.7272727272727273,0.574959574576069,0.4628766699690444,0.3852971889399675,0.823529411764706,26.37898078395759,0.8,0.0,0.4444444444444444,0.4444444444444444,0.1111111111111111
492,"FewShot_WithAnswer","NEB_Qwen3235BInstruct","Under the right conditions, what can be used to eject electrons from a solid material?","light","heat","sound","magnetism","Under the right conditions, light can be used to eject electrons from a solid material.",0.8890097654027757,0.8624661564614637,0.8332965228881177,0.8009378301156099,0.9285714285714286,2.5125334575565232,0.8666666666666667,0.0,0.6923076923076923,0.6923076923076923,0.3846153846153846
493,"FewShot_WithAnswer","NEB_Qwen3235BInstruct","What type of bond forms between the positive hydrogen end of one water molecule and the negative oxygen end of a nearby water molecule due to their electrostatic attraction?","hydrogen bond","ionic bond","covalent bond","polar dipole","Opposites attract when it comes to charged molecules. In the case of water, the positive (hydrogen) end of one water molecule is attracted to the negative (oxygen) end of a nearby water molecule. Because of this attraction, weak bonds form between adjacent water molecules, as shown in Figure below . The type of bond that forms between molecules is called a hydrogen bond . Bonds between molecules are not as strong as bonds within molecules, but in water they are strong enough to hold together nearby molecules.",0.2,0.1632993161855452,0.1225180972240331,0.0900244910273369,0.3333333333333333,2.6506697099764702,0.9310344827586208,0.0,0.2692307692307692,0.1153846153846153,0.0769230769230769
494,"FewShot_WithAnswer","NEB_Qwen3235BInstruct","Radiation, chemicals, and infectious agents are examples of substances or factors that cause changes in DNA; what term collectively describes these agents?","mutagens","mutations","carcinogens","antibodies","Examples of Mutagens. Types of mutagens include radiation, chemicals, and infectious agents. Do you know of other examples of each type of mutagen shown here?.",0.4615384615384615,0.4213250442347432,0.3998026640034936,0.382035700718082,0.5806451612903226,9.457046546477583,0.9090909090909092,0.0,0.2272727272727272,0.3636363636363636,0.2727272727272727
495,"FewShot_WithAnswer","NEB_Qwen3235BInstruct","What is the term for a modified virus used by geneticists to introduce genes into specific cells without causing disease?","a viral vector","a bacterial plasmid","a restriction enzyme","a ribosomal subunit","Geneticists often use viruses as vectors to introduce genes into cells that they are studying. A viral vector is a tool commonly used by molecular biologists to place genetic material into cells. To be a useful viral vector, the virus is modified so that it will not cause disease, and it will infect only certain types of cells. Phages are often used as vectors to genetically modify bacteria.",0.5238095238095238,0.3531523089093172,0.2319038898423314,0.1600636163483831,0.4705882352941176,3.729963254202248,0.9,0.0,0.2222222222222222,0.1111111111111111,0.0555555555555555
496,"FewShot_WithAnswer","NEB_Qwen3235BInstruct","What is the branch of physics that studies how forces affect the motion of objects?","dynamics","kinematics","thermodynamics","electrostatics","Section Summary 4.1 Development of Force Concept • Dynamics is the study of how forces affect the motion of objects. • Force is a push or pull that can be defined in terms of various standards, and it is a vector having both magnitude and direction. • External forces are any outside forces that act on a body. A free-body diagram is a drawing of all external forces acting on a body.",0.75,0.6846531968814576,0.6299605249474366,0.5721248424548514,0.7826086956521738,1.686290509661067,0.8666666666666667,0.0,0.4615384615384615,0.4615384615384615,0.1538461538461538
497,"FewShot_WithAnswer","NEB_Qwen3235BInstruct","Which element has the unique ability to form long chains of interconnecting bonds with itself, enabling it to serve as the backbone of organic compounds essential to all known life?","carbon","hydrogen","oxygen","nitrogen","Carbon has the ability to form very long chains of interconnecting C-C bonds. This property allows carbon to form the backbone of organic compounds , carbon-containing compounds, which are the basis of all known organic life. Nearly 10 million carbon-containing organic compounds are known. Types of carbon compounds in organisms include carbohydrates, lipids, proteins, and nucleic acids. The elements found in each type are listed in the table below. Elements other than carbon and hydrogen usually occur within organic compounds in smaller groups of elements called functional groups . When organic compounds react with other compounds, generally just the functional groups are involved. Therefore, functional groups generally determine the nature and functions of organic compounds.",0.2187499999999999,0.1653594569415369,0.1383160395668822,0.1152475214623997,0.3684210526315789,3.544677770477316,0.9333333333333332,0.0,0.1428571428571428,0.1071428571428571,0.0714285714285714
498,"FewShot_WithAnswer","NEB_Qwen3235BInstruct","What type of rocks form when an existing rock is changed by heat or pressure, causing its minerals to change without melting?","metamorphic","igneous","sedimentary","volcanic","3. Metamorphic rocks form when an existing rock is changed by heat or pressure. The minerals in the rock change but do not melt ( Figure below ). The rock experiences these changes within the Earth.",0.6666666666666666,0.6454972243679028,0.6329892278761841,0.6221962759123494,0.8,5.850636980806301,0.9090909090909092,0.0,0.5238095238095238,0.6666666666666666,0.4761904761904761
499,"FewShot_WithAnswer","NEB_Qwen3235BInstruct","What does Jupiter reflect a lot of due to its large size, making it one of the brightest objects in the night sky?","sunlight","starlight","moonlight","earthlight","Jupiter is truly a giant! The planet has 318 times the mass of Earth, and over 1,300 times Earth’s volume. So Jupiter is much less dense than Earth. Because Jupiter is so large, it reflects a lot of sunlight. When it is visible, it is the brightest object in the night sky besides the Moon and Venus. Jupiter is quite far from Earth. The planet is more than five times as far from Earth as the Sun. It takes Jupiter about 12 Earth years to orbit once around the Sun.",0.44,0.3752332607858743,0.3277285082402583,0.2957646107525879,0.6666666666666666,4.169470181133969,0.9130434782608696,0.0,0.15,0.45,0.05
500,"FewShot_WithAnswer","NEB_Qwen3235BInstruct","Invertebrates (and higher animals) can be grouped based on the development of which specific stage of life?","embryos","larvae","zygotes","adults","Eight invertebrate phyla contain most invertebrate species. Invertebrates (and higher animals) can also be placed in one of two groups based on how they develop as embryos.",0.5164247858550347,0.421659071956969,0.3642437636249545,0.3278554635059004,0.5,16.762068390426148,0.8823529411764706,0.0,0.3125,0.3125,0.0625
501,"FewShot_WithAnswer","NEB_Qwen3235BInstruct","Who developed the process to remove colloidal and electrically charged carbon and dust particles from smoke?","frederick cottrell","thomas edison","marie curie","nicolaus copernicus","The carbon and dust particles in smoke are often colloidally dispersed and electrically charged. Frederick Cottrell, an American chemist, developed a process to remove these particles.",0.5882352941176471,0.4921529567847503,0.392687190990918,0.2997572774617674,0.6666666666666665,14.197957360163077,0.875,0.0,0.2666666666666666,0.2666666666666666,0.0
502,"FewShot_WithAnswer","NEB_Qwen3235BInstruct","What is the term for gases that absorb heat in the atmosphere and contribute to the greenhouse effect?","greenhouse gases","ionic gases","thermal gases","sulfuric gases","Gases that absorb heat in the atmosphere are called greenhouse gases . They include carbon dioxide and water vapor. Human actions have increased the levels of greenhouse gases in the atmosphere ( Figure below ). The added gases have caused a greater greenhouse effect. How do you think this affects Earth’s temperature?.",0.4736842105263157,0.386761538334186,0.346360229749547,0.3144479601540191,0.5833333333333334,2.261399819489187,0.8888888888888888,0.0,0.4,0.3333333333333333,0.6666666666666666
503,"FewShot_WithAnswer","NEB_Qwen3235BInstruct","Which specialized cells in sponges are responsible for trapping food particles and facilitating water flow due to their unique structure involving a flagellum and microvilli collar?","collar cells","nerve cells","epithelial cells","red blood cells","Sponges have specialized cells called collar cells. Describe how collar cells are specialized for the functions they serve.",0.1851851851851851,0.117121394821051,0.0808040337263488,0.0677781606334929,0.25,8.295602186022512,0.9230769230769232,0.0,0.08,0.08,0.08
504,"FewShot_WithAnswer","NEB_Qwen3235BInstruct","Which type of muscles control the anus by relaxing to allow feces to pass out of the body?","circular","longitudinal","sphincter","voluntary","Circular muscles control the anus. They relax to let the feces pass out of the body through the anus. After feces pass out of the body, they are called stool. Releasing the stool from the body is referred to as a bowel movement.",0.3157894736842105,0.223296878269436,0.1769460740420507,0.1343595275616131,0.2608695652173912,3.892617709543321,0.8888888888888888,0.0,0.25,0.125,0.0
505,"FewShot_WithAnswer","NEB_Qwen3235BInstruct","What are the small molecules or proteins produced by bacteria that regulate gene expression in response to cell density?","autoinducers","ribosomes","plasmids","enzymes","Figure 9.17 Autoinducers are small molecules or proteins produced by bacteria that regulate gene expression.",0.75,0.7245688373094719,0.7108582666662789,0.6995430543787801,0.8387096774193548,3.6436582150845407,0.8947368421052632,0.0,0.6666666666666666,0.7222222222222222,0.0
506,"FewShot_WithAnswer","NEB_Qwen3235BInstruct","Channel proteins form what, allowing water molecules and small ions to pass through the membrane?","pores","vesicles","receptors","bilayers","Channel proteins form pores, or tiny holes, in the membrane. This allows water molecules and small ions to pass through the membrane without coming into contact with the hydrophobic tails of the lipid molecules in the interior of the membrane.",0.4117647058823529,0.3812200410828153,0.331205204127327,0.2638198980833351,0.5,40.65211829775483,0.8666666666666667,0.0,0.6428571428571429,0.2857142857142857,0.1428571428571428
507,"FewShot_WithAnswer","NEB_Qwen3235BInstruct","What are the tiny packets of energy that the Sun emits and that travel in waves as part of electromagnetic radiation?","photons","protons","neutrinos","ions","The Sun gives off energy in tiny packets called photons . Photons travel in waves. These waves make up electromagnetic radiation . The image below models a wave of light ( Figure below ). Notice the wavelength in the figure. Waves with shorter wavelengths have more energy.",0.2272727272727272,0.1437398936440172,0.0994592350110141,0.0837483649669684,0.4285714285714285,3.751177847553817,0.9047619047619048,0.0,0.1578947368421052,0.1052631578947368,0.3157894736842105
508,"FewShot_WithAnswer","NEB_Qwen3235BInstruct","What is the term for a rock that contains important minerals, regardless of the concentration of those minerals?","ore","gemstone","fossil","lava","A rock that contains important minerals is called an ore . The concentration of valuable minerals in an ore may be high or low.",0.45,0.3968626966596885,0.346071355362194,0.3097926516135257,0.608695652173913,2.484118112388685,0.8888888888888888,0.0,0.3333333333333333,0.3333333333333333,0.0666666666666666
509,"FewShot_WithAnswer","NEB_Qwen3235BInstruct","Mammals have several ways of generating and conserving what, such as a high metabolic rate and hair to trap it?","heat","oxygen","water","energy","Mammals have several ways of generating and conserving heat, such as a high metabolic rate and hair to trap heat. They also have several ways to stay cool, including sweating or panting. Mammals may be herbivores, carnivores, or omnivores. They have four types of teeth, so they can eat a wide range of foods. Traits of the heart and lungs keep the cells of mammals well supplied with oxygen and nutrients.",0.4090909090909091,0.3049183605681531,0.2606569342297155,0.2270255711496035,0.5806451612903226,16.75893151898668,0.9,0.0,0.4736842105263157,0.2631578947368421,0.0526315789473684
510,"FewShot_WithAnswer","NEB_Qwen3235BInstruct","What is composed of molecules of many different gases and also contains tiny particles of solid matter, despite being often overlooked because it is usually invisible, tasteless, and odorless?","air","water","soil","light","Air is easy to forget about. We usually can’t see it, taste it, or smell it. We can only feel it when it moves. But air is actually made of molecules of many different gases. It also contains tiny particles of solid matter.",0.4703764866407904,0.3326064034144064,0.2559608830502621,0.2140497202158764,0.4285714285714286,7.467411003515467,0.9310344827586208,0.0,0.2413793103448276,0.2413793103448276,0.0344827586206896
511,"FewShot_WithAnswer","NEB_Qwen3235BInstruct","Which technology, functioning on the same principle as echolocation, is used to detect and locate objects underwater by emitting sound waves and analyzing their echoes?","sonar","radar","laser","telescope","Sonar works on the same principle as echolocation.",0.2857142857142857,0.2474358296526967,0.2246520943007873,0.2043640564924493,0.3636363636363636,4.988701761197172,0.92,0.0,0.2083333333333333,0.2083333333333333,0.125
512,"FewShot_WithAnswer","NEB_Qwen3235BInstruct","Synthesis, decomposition, replacement, and combustion are all types of what kind of reaction?","chemical","natural","toxic","mineral","Types of chemical reactions include synthesis, decomposition, replacement, and combustion reactions.",0.2352941176470588,0.2037706832433973,0.1731401563789217,0.1363878047888011,0.2857142857142857,17.413789162388586,0.8461538461538461,0.0,0.1538461538461538,0.1538461538461538,0.7692307692307693
514,"FewShot_WithAnswer","NEB_Qwen3235BInstruct","Some bacteria cannot be cultured in the laboratory because they are obligate intracellular parasites. In order to grow, these bacteria require a specific environment provided by a:","host cell","nutrient agar plate","synthetic growth medium","anaerobic chamber","Some bacteria cannot be cultured because they are obligate intracellular parasites and cannot be grown outside a host cell.",0.3870967741935484,0.3706169449379373,0.3454012721219199,0.3158042425647554,0.5365853658536585,3.929473151279571,0.925925925925926,0.0,0.25,0.25,0.0
515,"FewShot_WithAnswer","NEB_Qwen3235BInstruct","What group of organisms uses energy and simple inorganic molecules to produce organic compounds that provide energy sources for themselves and other organisms in ecosystems?","producers","consumers","decomposers","omnivores","Producers are living things that produce food for themselves and other organisms. They use energy and simple inorganic molecules to make organic compounds. Producers are vital to all ecosystems because all organisms need organic compounds for energy.",0.3461538461538461,0.258007843557668,0.220019885075633,0.191017850359041,0.4210526315789474,9.292308469884055,0.92,0.0,0.24,0.2,0.16
516,"FewShot_WithAnswer","NEB_Qwen3235BInstruct","Which class of elements is located on the right side of the periodic table and includes helium, carbon, and oxygen?","nonmetals","metals","halides","oxides","Nonmetals are elements that do not conduct electricity. They are the second largest class of elements. Find the nonmetals in Figure above . They are all the elements on the right side of the table that are color-coded green. Examples of nonmetals include helium (He), carbon (C), and oxygen (O).",0.2608695652173913,0.1844626385704036,0.1457050874754387,0.1101669213984616,0.32,3.817366803049976,0.9,0.0,0.2222222222222222,0.1666666666666666,0.1111111111111111
517,"FewShot_WithAnswer","NEB_Qwen3235BInstruct","What is the process called when a gas changes to a liquid upon cooling below its boiling point?","condensation","sublimation","evaporation","deposition","The process in which a gas changes to a liquid is called condensation . Other examples of condensation are shown in Figure below . A gas condenses when it is cooled below its boiling point. At what temperature does water vapor condense?",0.5263157894736842,0.4076824574955175,0.3587405882158131,0.3228406064227971,0.64,2.3126287550512243,0.8888888888888888,0.0,0.2666666666666666,0.2666666666666666,0.2
518,"FewShot_WithAnswer","NEB_Qwen3235BInstruct","Which type of compounds are solids with high melting and boiling points, conduct electricity when dissolved in water, and have rigid, brittle crystals?","ionic compounds","covalent networks","metallic substances","molecular compounds","Ionic compounds are solids with high melting and boiling points. They are good conductors of electricity but only when dissolved in water. Their crystals are rigid and brittle.",0.3333333333333333,0.3142696805273544,0.2984763235697556,0.2826410419631888,0.5,6.2426397903768365,0.9130434782608696,0.0,0.391304347826087,0.3478260869565217,0.0869565217391304
520,"FewShot_WithAnswer","NEB_Qwen3235BInstruct","In the negative feedback loop involving the hypothalamus and pituitary gland, which gland's activity is being regulated?","thyroid","adrenal","pancreas","pineal","The thyroid gland is controlled by a negative feedback loop that includes the hypothalamus and pituitary gland.",0.55,0.438748219369606,0.3700119176508075,0.3031265465436685,0.6206896551724138,2.677554005343157,0.8823529411764706,0.0,0.2666666666666666,0.2666666666666666,0.2666666666666666
521,"FewShot_WithAnswer","NEB_Qwen3235BInstruct","What is the term for the set of processes by which metals are extracted from their ores and converted to more useful forms?","metallurgy","electrochemistry","geochemistry","crystallography","Very few of the transition metals are found in nature as free metals. Consequently, almost all metallic elements must be isolated from metal oxide or metal sulfide ores. Metallurgy is the set of processes by which metals are extracted from their ores and converted to more useful forms. Metallurgy consists of three general steps: (1) mining the ore, (2) separating and concentrating the metal or the metal-containing compound, and (3) reducing the ore to the metal. Additional processes are sometimes required to improve the mechanical properties of the metal or increase its purity. Many ores contain relatively low concentrations of the desired metal; for example, copper ores that contain even 1% Cu by mass are considered commercially useful. After an ore has been mined, the first step in processing is usually to crush it because the rate of chemical reactions increases dramatically with increased surface area. Next, one of three general strategies is used to separate and concentrate the compound(s) of interest: settling and flotation, which are based on differences in density between the desired compound and impurities; pyrometallurgy, which uses chemical reduction at high temperatures; and hydrometallurgy, which employs chemical or electrochemical reduction of an aqueous solution of the metal. Other methods that take advantage of unusual physical or chemical properties of a particular compound may also be used. For example, crystals of magnetite (Fe3O4) are tiny but rather powerful magnets; in fact, magnetite (also known as lodestone) was used to make the first compasses in China during the first century BC. If a crushed ore that contains magnetite is passed through a powerful magnet, the Fe3O4 particles are attracted to the poles of the magnet, allowing them to be easily separated from other minerals.",0.875,0.8322910148099241,0.8153893357118747,0.8045079322195815,0.9268292682926828,2.3933386282157567,0.9130434782608696,0.0,0.8095238095238095,0.8095238095238095,0.1904761904761904
523,"FewShot_WithAnswer","NEB_Qwen3235BInstruct","In biogeochemical cycles, chemical elements and water pass through which two types of components in ecosystems?","biotic and abiotic","organic and inorganic","liquid and gaseous","living and nonliving","The chemical elements and water that are needed by organisms continuously recycle in ecosystems. They pass through biotic and abiotic components of the biosphere. That’s why their cycles are called biogeochemical cycles. For example, a chemical might move from organisms (bio) to the atmosphere or ocean (geo) and back to organisms again. Elements or water may be held for various periods of time in different parts of a cycle.",0.5,0.4409585518440984,0.3852762227182797,0.3457913759237496,0.5,29.07729663964089,0.875,0.0,0.25,0.375,0.25
524,"FewShot_WithAnswer","NEB_Qwen3235BInstruct","What is the term used to describe the relationship between a nucleotide codon and its corresponding amino acid in the process of protein synthesis?","genetic code","transcription sequence","amino acid alphabet","triplet mapping","The Genetic Code To summarize what we know to this point, the cellular process of transcription generates messenger RNA (mRNA), a mobile molecular copy of one or more genes with an alphabet of A, C, G, and uracil (U). Translation of the mRNA template converts nucleotide-based genetic information into a protein product. Protein sequences consist of 20 commonly occurring amino acids; therefore, it can be said that the protein alphabet consists of 20 letters. Each amino acid is defined by a threenucleotide sequence called the triplet codon. The relationship between a nucleotide codon and its corresponding amino acid is called the genetic code. Given the different numbers of “letters” in the mRNA and protein “alphabets,” combinations of nucleotides corresponded to single amino acids. Using a three-nucleotide code means that there are a total of 64 (4 × 4 × 4) possible combinations; therefore, a given amino acid is encoded by more than one nucleotide triplet (Figure 9.20).",0.48,0.4381780460041329,0.4160167646103808,0.3978081366877617,0.6874999999999999,1.406892830166638,0.9166666666666666,0.0,0.45,0.45,0.05
525,"FewShot_WithAnswer","NEB_Qwen3235BInstruct","In the context of modern biotechnology, what is the term for a substance produced by cloning specific genes of microorganisms into vectors and expressing them in bacteria to stimulate the immune system, such as in the case of the H1N1 flu vaccine?","vaccine","antibiotic","hormone","enzyme","Production of Vaccines, Antibiotics, and Hormones Traditional vaccination strategies use weakened or inactive forms of microorganisms or viruses to stimulate the immune system. Modern techniques use specific genes of microorganisms cloned into vectors and mass-produced in bacteria to make large quantities of specific substances to stimulate the immune system. The substance is then used as a vaccine. In some cases, such as the H1N1 flu vaccine, genes cloned from the virus have been used to combat the constantly changing strains of this virus. Antibiotics kill bacteria and are naturally produced by microorganisms such as fungi; penicillin is perhaps the most wellknown example. Antibiotics are produced on a large scale by cultivating and manipulating fungal cells. The fungal cells have typically been genetically modified to improve the yields of the antibiotic compound. Recombinant DNA technology was used to produce large-scale quantities of the human hormone insulin in E. coli as early as 1978. Previously, it was only possible to treat diabetes with pig insulin, which caused allergic reactions in many humans because of differences in the insulin molecule. In addition, human growth hormone (HGH) is used to treat growth disorders.",0.2222222222222222,0.1859244503409056,0.1464738540995145,0.1216839451366924,0.2641509433962264,3.426859598383852,0.9523809523809524,0.0,0.1111111111111111,0.1111111111111111,0.0
526,"FewShot_WithAnswer","NEB_Qwen3235BInstruct","The measurement of the extent of something along its greatest dimension is known as what?","length","height","breadth","magnitude","Length is the measurement of the extent of something along its greatest dimension.",0.5625,0.4192627457812106,0.286178560638333,0.2022766778925553,0.7826086956521738,11.3482717762853,0.8666666666666667,0.0,0.6923076923076923,0.4615384615384615,0.7692307692307693
528,"FewShot_WithAnswer","NEB_Qwen3235BInstruct","What is the term for the process by which vesicles fuse with the plasma membrane to release substances such as proteins, waste products, or toxins to the extracellular environment, and also deliver newly synthesized membrane proteins and lipids to the cell surface?","exocytosis","phagocytosis","autophagy","pinocytosis","Exocytosis describes the process of vesicles fusing with the plasma membrane and releasing their contents to the outside of the cell, as shown in Figure below . Exocytosis occurs when a cell produces substances for export, such as a protein, or when the cell is getting rid of a waste product or a toxin. Newly made membrane proteins and membrane lipids are moved on top the plasma membrane by exocytosis. For a detailed animation of cellular secretion, see http://vcell. ndsu. edu/animations/constitutivesecretion/first. htm .",0.3260869565217391,0.2227597992599912,0.1490026956920136,0.1107362784529244,0.3636363636363636,2.102167920471941,0.9523809523809524,0.0,0.081081081081081,0.081081081081081,0.081081081081081
529,"FewShot_WithAnswer","NEB_Qwen3235BInstruct","Which type of system best describes a scenario where neither matter nor heat can be exchanged with the surroundings, such as a sealed, vacuum-insulated reaction flask?","isolated system","open system","closed system","adiabatic system","Depending on the specific setup, a few different types of systems can be described. In an open system , both matter and heat can be freely exchanged between the reaction container (the system) and the surroundings. An example would be an open beaker, where any gaseous materials or vaporized molecules are free to leave the system and float off into the atmosphere. In a closed system , matter cannot enter or leave, but heat can flow between the system and surroundings. A stoppered reaction flask would be an example of a closed system. Finally, a situation in which neither matter nor heat can be exchanged between system and surroundings is referred to as an isolated system . Although truly isolated systems are not really possible, a sealed, vacuum-insulated reaction flask would come very close.",0.5517241379310345,0.4574654883248827,0.4066933302334048,0.3633991076140216,0.6511627906976744,5.313912486260032,0.9230769230769232,0.0,0.3043478260869565,0.3043478260869565,0.0
530,"FewShot_WithAnswer","NEB_Qwen3235BInstruct","Which type of blood vessel is characterized by having only a tunica intima layer and is the primary site for the exchange of oxygen, nutrients, and waste products between blood and tissues?","capillary","arteriole","venule","metarteriole","Metarterioles and Capillary Beds A metarteriole is a type of vessel that has structural characteristics of both an arteriole and a capillary. Slightly larger than the typical capillary, the smooth muscle of the tunica media of the metarteriole is not continuous but forms rings of smooth muscle (sphincters) prior to the entrance to the capillaries. Each metarteriole arises from a terminal arteriole and branches to supply blood to a capillary bed that may consist of 10–100 capillaries. The precapillary sphincters, circular smooth muscle cells that surround the capillary at its origin with the metarteriole, tightly regulate the flow of blood from a metarteriole to the capillaries it supplies. Their function is critical: If all of the capillary beds in the body were to open simultaneously, they would collectively hold every drop of blood in the body and there would be none in the arteries, arterioles, venules, veins, or the heart itself. Normally, the precapillary sphincters are closed. When the surrounding tissues need oxygen and have excess waste products, the precapillary sphincters open, allowing blood to flow through and exchange to occur before closing once more (Figure 20.6). If all of the precapillary sphincters in a capillary bed are closed, blood will flow from the metarteriole directly into a thoroughfare channel and then into the venous circulation, bypassing the capillary bed entirely. This creates what is known as a vascular shunt. In addition, an arteriovenous anastomosis may bypass the capillary bed and lead directly to the venous system. Although you might expect blood flow through a capillary bed to be smooth, in reality, it moves with an irregular, pulsating flow. This pattern is called vasomotion and is regulated by chemical signals that are triggered in response to changes in.",0.2285714285714285,0.1142857142857142,0.0726945176082675,0.0584114193349471,0.2790697674418604,3.5835876865746505,0.9375,0.0,0.0689655172413793,0.0689655172413793,0.0344827586206896
531,"FewShot_WithAnswer","NEB_Qwen3235BInstruct","Which structure is commonly built to help maintain the stability of a slope by holding back soil?","retaining walls","drainage ditches","terraced gardens","slope netting","Help to keep a slope stable by building retaining walls. Installing good drainage in a hillside may keep the soil from getting saturated.",0.2222222222222222,0.1571348402636772,0.1132483852812436,0.0976099337904898,0.16,10.215215130159772,0.8823529411764706,0.0,0.0666666666666666,0.0666666666666666,0.0
532,"FewShot_WithAnswer","NEB_Qwen3235BInstruct","Which process is described as the most direct method for recovering a metal from its ores, particularly relevant for highly reactive metals such as sodium that cannot be reduced by common reducing agents?","electrolysis","smelting","roasting","leaching","Electrolysis is the most direct way of recovering a metal from its ores. However, the Na (aq)/Na(s), 2+.",0.3055555555555556,0.2605786533235238,0.2266315098985866,0.1923691773345582,0.3809523809523809,8.924819449536642,0.9393939393939394,0.0,0.1612903225806451,0.1612903225806451,0.0
533,"FewShot_WithAnswer","NEB_Qwen3235BInstruct","What is the term for nutrients that the body needs in relatively small amounts, including minerals and vitamins, which do not provide energy but are essential for good health?","micronutrients","macronutrients","essential elements","dietary fibers","Micronutrients are nutrients the body needs in relatively small amounts. They include minerals and vitamins. These nutrients don’t provide the body with energy, but they are still essential for good health.",0.625,0.5038911092686593,0.4031505235798566,0.3057279225688189,0.6538461538461539,2.0158286943807795,0.9310344827586208,0.0,0.2222222222222222,0.1481481481481481,0.2592592592592592
534,"FewShot_WithAnswer","NEB_Qwen3235BInstruct","What type of map reveals the shape of a landscape by indicating elevations above sea level?","topographic","geological","navigational","hydrological","Topographic maps reveal the shape of a landscape. Elevations indicate height above sea level.",0.6470588235294118,0.6169463812765598,0.5982358793443348,0.5813049542162484,0.7272727272727273,4.51093592827742,0.875,0.0,0.2142857142857142,0.5714285714285714,0.2857142857142857
535,"FewShot_WithAnswer","NEB_Qwen3235BInstruct","How does atmospheric pressure change as altitude increases?","decreases","increases","remains constant","fluctuates unpredictably","Atmospheric pressure decreases as the altitude increases.",0.5338249352778719,0.4358662344683471,0.3362886364576796,0.2568219640980074,0.7058823529411765,1.8442694854569397,0.75,0.0,0.375,0.375,0.625
536,"FewShot_WithAnswer","NEB_Qwen3235BInstruct","What term specifically refers to acceleration in the direction opposite to the direction of velocity and always reduces speed?","deceleration","negative acceleration","instantaneous acceleration","average acceleration","Misconception Alert: Deceleration vs. Negative Acceleration Deceleration always refers to acceleration in the direction opposite to the direction of the velocity. Deceleration always reduces speed. Negative acceleration, however, is acceleration in the negative direction in the chosen coordinate system. Negative acceleration may or may not be deceleration, and deceleration may or may not be considered negative acceleration. For example, consider Figure 2.14.",0.7398607439178346,0.6789427821117192,0.6262688738609054,0.5847325369310817,0.8648648648648648,16.074874171029688,0.8947368421052632,0.0,0.5882352941176471,0.8235294117647058,0.0588235294117647
537,"FewShot_WithAnswer","NEB_Qwen3235BInstruct","What is the term for a quantity that has both size and direction, used to represent motion in terms of distance and direction?","vector","scalar","magnitude","coordinate","Direction is just as important as distance in describing motion. A vector is a quantity that has both size and direction. It can be used to represent the distance and direction of motion.",0.44,0.3249615361854384,0.2363331500935002,0.1840640707862259,0.5,6.570868948731259,0.9130434782608696,0.0,0.3333333333333333,0.1904761904761904,0.1428571428571428
538,"FewShot_WithAnswer","NEB_Qwen3235BInstruct","What fundamental process enables certain bacteria to act as primary producers in aquatic ecosystems by converting light energy into chemical energy?","photosynthesis","chemosynthesis","respiration","fermentation","type of bacteria that carry out photosynthesis and are important producers in aquatic ecosystems.",0.4090909090909091,0.2727272727272727,0.2198465727667516,0.1805467914169011,0.4848484848484849,7.015713527379655,0.9047619047619048,0.0,0.1904761904761904,0.1904761904761904,0.0
539,"FewShot_WithAnswer","NEB_Qwen3235BInstruct","Which macromolecule is described as a vital energy source for the cell and provides structural support to plant cells, fungi, and arthropods such as lobsters, crabs, and insects?","carbohydrate","protein","lipid","nucleic acid","3.2 Carbohydrates Carbohydrates are a group of macromolecules that are a vital energy source for the cell and provide structural support to plant cells, fungi, and all of the arthropods that include lobsters, crabs, shrimp, insects, and spiders. Carbohydrates are classified as monosaccharides, disaccharides, and polysaccharides depending on the number of monomers in the molecule. Monosaccharides are linked by glycosidic bonds that are formed as a result of dehydration reactions, forming disaccharides and polysaccharides with the elimination of a water molecule for each bond formed. Glucose, galactose, and fructose are common monosaccharides, whereas common disaccharides include lactose, maltose, and sucrose. Starch and glycogen, examples of polysaccharides, are the storage forms of glucose in plants and animals, respectively. The long polysaccharide chains may be branched or unbranched. Cellulose is an example of an unbranched polysaccharide, whereas amylopectin, a constituent of starch, is a highly branched molecule. Storage of glucose, in the form of polymers like starch of glycogen, makes it slightly less accessible for metabolism; however, this prevents it from leaking out of the cell or creating a high osmotic pressure that could cause excessive water uptake by the cell.",0.1515151515151515,0.0958265957626781,0.0659589976604061,0.0551588384392203,0.1081081081081081,3.865398756798411,0.9285714285714286,0.0,0.2692307692307692,0.0384615384615384,0.0384615384615384
540,"FewShot_WithAnswer","NEB_Qwen3235BInstruct","In electromagnetic traps used to contain antimatter particles such as antiprotons, what happens between particles of the same charge as their number increases in the trap?","repel","attract","annihilate","neutralize","Particles of the same charge repel each other, so the more particles that are contained in a trap, the more energy is needed to power the magnetic field that contains them.",0.25,0.2112885636821291,0.1877079800739343,0.1662068921720501,0.3428571428571428,4.474547450013521,0.9230769230769232,0.0,0.2083333333333333,0.1666666666666666,0.0
541,"FewShot_WithAnswer","NEB_Qwen3235BInstruct","Which air mass is lifted when a cold air mass moves into a warmer one, leading to cloud formation and precipitation?","warm air mass","cold air mass","humid air mass","stationary air mass","A cold front forms when a cold air mass runs into a warm air mass ( Figure below ). The cold air mass moves faster than the warm air mass. So the cold air mass lifts the warm air mass out of its way. As the warm air rises, its water vapor condenses. Clouds form, and precipitation falls. If the warm air is very humid, precipitation can be heavy. Temperature and pressure differences between the two air masses cause winds. Winds may be very strong along a cold front.",0.3478260869565218,0.2749806661015982,0.2395597640155362,0.2105163819790104,0.3999999999999999,3.508570226060402,0.9047619047619048,0.0,0.2105263157894736,0.2105263157894736,0.2105263157894736
542,"FewShot_WithAnswer","NEB_Qwen3235BInstruct","What is the term for the process by which remains or traces of living things become fossils?","fossilization","carbonization","mineralization","sedimentation","The process by which remains or traces of living things become fossils is called fossilization ( Figure below ). Most fossils are preserved in sedimentary rocks.",0.8888888888888888,0.8314794192830981,0.787308809455939,0.7431540305031047,0.896551724137931,3.058398554767892,0.8823529411764706,0.0,0.7333333333333333,0.7333333333333333,0.3333333333333333
544,"FewShot_WithAnswer","NEB_Qwen3235BInstruct","What does aerobic respiration release significantly more of compared to anaerobic respiration?","energy","heat","carbon","glucose","A major advantage of aerobic respiration is the amount of energy it releases. Without oxygen, organisms can just split glucose into two molecules of pyruvate. This releases only enough energy to make two ATP molecules. With oxygen, organisms can break down glucose all the way to carbon dioxide. This releases enough energy to produce up to 38 ATP molecules. Thus, aerobic respiration releases much more energy than anaerobic respiration.",0.7835055280819597,0.6681757594226186,0.5564006654975573,0.4566895309054128,0.9166666666666666,10.235608392315104,0.8333333333333334,0.0,0.1666666666666666,0.4166666666666667,0.1666666666666666
545,"FewShot_WithAnswer","NEB_Qwen3235BInstruct","As the telencephalon enlarges and grows into the cranial cavity, it is limited by the space within which structure, preventing further anterior growth past the frontal bone?","skull","dura mater","cerebrum","meninges","As the telencephalon enlarges and grows into the cranial cavity, it is limited by the space within the skull. The telencephalon is the most anterior region of what was the neural tube, but cannot grow past the limit of the frontal bone of the skull. Because the cerebrum fits into this space, it takes on a C-shaped formation, through the frontal, parietal, occipital, and finally temporal regions.",0.7,0.648074069840786,0.6267582673458534,0.6124428111995358,0.7999999999999999,9.51853379437126,0.925925925925926,0.0,0.6086956521739131,0.6086956521739131,0.0869565217391304
546,"FewShot_WithAnswer","NEB_Qwen3235BInstruct","What is the term for a symbiotic relationship where one organism benefits and the other is neither helped nor harmed?","commensalism","mutualism","parasitism","competition","Commensalism is a symbiotic relationship in which one species benefits while the other is not affected.",0.5714285714285714,0.4665694748158434,0.3789578293234659,0.304463388491727,0.6428571428571428,3.050236825836794,0.9,0.0,0.1176470588235294,0.2352941176470588,0.3529411764705882
547,"FewShot_WithAnswer","NEB_Qwen3235BInstruct","Quarks are fundamental particles that make up which larger subatomic particles?","protons and neutrons","electrons and positrons","photons and neutrinos","atoms and molecules","Quarks are even tinier particles of matter that make up protons and neutrons. Scientists have identified six different types of quarks.",0.5833333333333334,0.4409585518440984,0.328204312504043,0.2438418319342608,0.5454545454545454,13.235857331866477,0.8181818181818182,0.0,0.2727272727272727,0.2727272727272727,0.1818181818181818
548,"FewShot_WithAnswer","NEB_Qwen3235BInstruct","What is the spontaneous emission of particles and radiation from atomic nuclei called?","radioactivity","conduction","diffusion","sublimation","Radioactivity is the spontaneous emission of particles and radiation from atomic nuclei.",0.6978003435699084,0.6418829580795925,0.6198616009139161,0.6052925541885975,0.7857142857142857,4.41769784352021,0.8461538461538461,0.0,0.8333333333333334,0.8333333333333334,0.1666666666666666
549,"FewShot_WithAnswer","NEB_Qwen3235BInstruct","The right and left hip bones, plus the sacrum and the coccyx, together form which structure that serves to support the upper body and transfer weight to the lower limbs?","pelvis","thorax","cranium","sternum","Figure 8.12 Pelvis The pelvic girdle is formed by a single hip bone. The hip bone attaches the lower limb to the axial skeleton through its articulation with the sacrum. The right and left hip bones, plus the sacrum and the coccyx, together form the pelvis.",0.4545454545454545,0.3520893951097652,0.3004355473373429,0.2571671934151404,0.4390243902439024,3.906565580630189,0.9333333333333332,0.0,0.44,0.2,0.2
550,"FewShot_WithAnswer","NEB_Qwen3235BInstruct","All the metals we use start out as what, which must be mined and then processed to extract valuable minerals?","ore","mineral crystal","waste rock","sediment","Minerals have to be removed from the ground and made into the products. All the metals we use start out as an ore. Mining the ore is just the first step. Next, the ore must be separated from the rest of the rock that is mined. Then, the minerals need to be separated out of the ore.",0.2272727272727272,0.1760446975548825,0.1434450389577386,0.110219046760288,0.3999999999999999,12.572106005422093,0.9,0.0,0.3684210526315789,0.1578947368421052,0.1052631578947368
551,"FewShot_WithAnswer","NEB_Qwen3235BInstruct","What is the SI unit used to measure the force of gravity acting on an object, known as weight?","newton (N)","kilogram (kg)","joule (J)","watt (W)","Weight measures the force of gravity pulling on an object. Because weight measures force, the SI unit for weight is the newton (N). On Earth, a mass of 1 kilogram has a weight of about 10 newtons because of the pull of Earth’s gravity. On the moon, which has less gravity, the same mass would weigh less. Weight is measured with a scale, like the spring scale in Figure below. The scale measures the force with which gravity pulls an object downward.",0.2857142857142857,0.2332847374079217,0.1758966428997936,0.1300932498258836,0.4545454545454545,2.159375288592786,0.8947368421052632,0.0,0.1875,0.25,0.1875
553,"FewShot_WithAnswer","NEB_Qwen3235BInstruct","Recent evidence suggests that the limited regeneration of damaged cardiac muscle cells may be attributed to the presence of certain cells within the heart that continue to divide and potentially replace dead cells. What type of cells are these?","stem cells","fibroblasts","lymphocytes","neurons","Repair and Replacement Damaged cardiac muscle cells have extremely limited abilities to repair themselves or to replace dead cells via mitosis. Recent evidence indicates that at least some stem cells remain within the heart that continue to divide and at least potentially replace these dead cells. However, newly formed or repaired cells are rarely as functional as the original cells, and cardiac function is reduced. In the event of a heart attack or MI, dead cells are often replaced by patches of scar tissue. Autopsies performed on individuals who had successfully received heart transplants show some proliferation of original cells. If researchers can unlock the mechanism that generates new cells and restore full mitotic capabilities to heart muscle, the prognosis for heart attack survivors will be greatly enhanced. To date, myocardial cells produced within the patient (in situ) by cardiac stem cells seem to be nonfunctional, although those grown in Petri dishes (in vitro) do beat. Perhaps soon this mystery will be solved, and new advances in treatment will be commonplace.",0.4146341463414634,0.3483623623679439,0.2895326085985356,0.2361834497613192,0.5714285714285714,5.985725612369461,0.9487179487179488,0.0,0.1944444444444444,0.1944444444444444,0.0
554,"FewShot_WithAnswer","NEB_Qwen3235BInstruct","What percentage of Earth's surface water is fresh water?","three percent","ten percent","fifty percent","seventy percent","Of all the water on Earth, about two percent is stored underground in spaces between rocks. A fraction of a percent exists in the air as water vapor, clouds, or precipitation. Another fraction of a percent occurs in the bodies of plants and animals. So where is most of Earth’s water? It’s on the surface of the planet. In fact, water covers about 70 percent of Earth’s surface. Of water on Earth’s surface, 97 percent is salt water, mainly in the ocean. Only 3 percent is fresh water. Most of the fresh water is frozen in glaciers and polar ice caps. The remaining fresh water occurs in rivers, lakes, and other fresh water features.",0.6640732482052818,0.5751043029194229,0.4943379697480545,0.4378923260702622,0.8888888888888888,1.986599601460088,0.7777777777777778,0.0,0.3333333333333333,0.4444444444444444,0.2222222222222222
555,"FewShot_WithAnswer","NEB_Qwen3235BInstruct","In what facility are fissionable isotopes used in sufficient quantities to sustain a controlled chain reaction for energy production?","reactors","accelerators","generators","transformers","Numerous elements can undergo fission, but only a few can be used as fuels in a reactor. What aspect of nuclear fission allows a nuclear chain reaction to occur?",0.25,0.1118033988749895,0.0869732042744747,0.0777536842701581,0.1714285714285714,6.530565717753569,0.8947368421052632,0.0,0.1111111111111111,0.1111111111111111,0.0555555555555555
556,"FewShot_WithAnswer","NEB_Qwen3235BInstruct","Which ecological variable represents the total amount of organic matter available as food in an ecosystem, calculated as the carbon fixed through photosynthesis minus the carbon lost through cellular respiration, and is used to compare the productivity of different biomes?","net primary productivity","gross primary productivity","secondary productivity","ecosystem respiration","Abiotic Factors Influencing Plant Growth Temperature and moisture are important influences on plant production (primary productivity) and the amount of organic matter available as food (net primary productivity). Net primary productivity is an estimation of all of the organic matter available as food; it is calculated as the total amount of carbon fixed per year minus the amount that is oxidized during cellular respiration. In terrestrial environments, net primary productivity is estimated by measuring the aboveground biomass per unit area, which is the total mass of living plants, excluding roots. This means that a large percentage of plant biomass which exists underground is not included in this measurement. Net primary productivity is an important variable when considering differences in biomes. Very productive biomes have a high level of aboveground biomass. Annual biomass production is directly related to the abiotic components of the environment. Environments with the greatest amount of biomass have conditions in which photosynthesis, plant growth, and the resulting net primary productivity are optimized. The climate of these areas is warm and wet. Photosynthesis can proceed at a high rate, enzymes can work most efficiently, and stomata can remain open without the risk of excessive transpiration; together, these factors lead to the maximal amount of carbon dioxide (CO2) moving into the plant, resulting in high biomass production. The aboveground biomass produces several important resources for other living things, including habitat and food. Conversely, dry and cold environments have lower photosynthetic rates and therefore less biomass. The animal communities living there will also be affected by the decrease in available food.",0.3255813953488372,0.2131430555793413,0.1629487469947313,0.1333897991005802,0.3773584905660377,4.67007776266236,0.95,0.0,0.2,0.1714285714285714,0.0
557,"FewShot_WithAnswer","NEB_Qwen3235BInstruct","What is the term for the egg after it has completed meiosis but before fertilization occurs?","oocyte","zygote","blastocyst","embryo","Human Gestation Twenty-four hours before fertilization, the egg has finished meiosis and becomes a mature oocyte. When fertilized (at conception) the egg becomes known as a zygote. The zygote travels through the oviduct to the uterus (Figure 43.18). The developing embryo must implant into the wall of the uterus within seven days, or it will deteriorate and die. The outer layers of the zygote (blastocyst) grow into the endometrium by digesting the endometrial cells, and wound healing of the endometrium closes up the blastocyst into the tissue. Another layer of the blastocyst, the chorion, begins releasing a hormone called human beta chorionic gonadotropin (β-HCG) which makes its way to the corpus luteum and keeps that structure active. This ensures adequate levels of progesterone that will maintain the endometrium of the uterus for the support of the developing embryo. Pregnancy tests determine the level of β-HCG in urine or serum. If the hormone is present, the test is positive.",0.4117647058823529,0.2695632761738729,0.1656026020636635,0.1319099490416676,0.4615384615384615,2.24520765846152,0.875,0.0,0.1428571428571428,0.1428571428571428,0.1428571428571428
558,"FewShot_WithAnswer","NEB_Qwen3235BInstruct","In cellular respiration, oxygen is combined with what element to form water?","hydrogen","carbon","nitrogen","sulfur","While water is broken down to form oxygen during photosynthesis, in cellular respiration oxygen is combined with hydrogen to form water. While photosynthesis requires carbon dioxide and releases oxygen, cellular respiration requires oxygen and releases carbon dioxide.",0.5714285714285714,0.5345224838248488,0.4789823781042941,0.4071220775553064,0.8,10.382616857913648,0.8333333333333334,0.0,0.5833333333333334,0.4166666666666667,0.1666666666666666
559,"FewShot_WithAnswer","NEB_Qwen3235BInstruct","How does thick lava typically flow when it reaches the surface of a volcano?","slowly","quickly","erratically","in bursts","When lava is thick, it flows slowly. If thick lava makes it to the surface, it cannot flow far from the vent. It often stays right in the middle of a crater at the top of a volcano. Here the lava creates a large, round lava dome ( Figure below ).",0.3333333333333333,0.1490711984999859,0.1166504674625335,0.1051184684163377,0.5,5.178274453930703,0.8571428571428571,0.0,0.1666666666666666,0.0833333333333333,0.0
561,"FewShot_WithAnswer","NEB_Qwen3235BInstruct","Evidence shows that a sixth event of this type is occurring now, primarily due to human-caused habitat loss. What is this event called?","mass extinction","climate shift","species migration","natural selection","Evidence shows that a sixth mass extinction is occurring. The single biggest cause is habitat loss caused by human actions. There are many steps you can take to help protect biodiversity. For example, you can use less energy.",0.3076923076923076,0.1538461538461538,0.0981923738286139,0.0792511383527913,0.3333333333333333,3.1996882825699178,0.9130434782608696,0.0,0.1818181818181818,0.0909090909090909,0.0909090909090909
562,"FewShot_WithAnswer","NEB_Qwen3235BInstruct","Which feature in trees provides a distinctive pattern that can be used to determine the time it was formed, going back thousands of years?","rings","leaves","roots","bark","The distinctive patterns of tree rings, ice cores, and varves go back thousands of years. They can be used to determine the time they were made.",0.3076923076923076,0.2664693550105965,0.2248044176634709,0.1941248504990529,0.4242424242424242,8.598493465037706,0.9166666666666666,0.0,0.2727272727272727,0.2272727272727272,0.0454545454545454
563,"FewShot_WithAnswer","NEB_Qwen3235BInstruct","What is the term used to describe all of the petals of a flower collectively, which are often bright and colorful to attract pollinators?","corolla","stamen","pistil","sepals","All of the petals ( Figure below ) together are called the corolla . They are bright and colorful to attract a particular pollinator , an animal that carries pollen from one flower to another. Examples of pollinators include birds and insects.",0.1923076923076923,0.1489608979310545,0.1210816089716495,0.0927375945985352,0.3571428571428571,2.9641774924805597,0.9166666666666666,0.0,0.238095238095238,0.1428571428571428,0.0952380952380952
564,"FewShot_WithAnswer","NEB_Qwen3235BInstruct","Any nucleus that is unstable and decays spontaneously is said to be what?","radioactive","reactive","unbounded","ionized","-16O817O17oxygen -17O818O18oxygen -18 Because the number of neutrons is equal to A − Z, we see that the first isotope of oxygen has 8 neutrons, the second isotope 9 neutrons, and the third isotope 10 neutrons. Isotopes of all naturally occurring elements on Earth are present in nearly fixed proportions, with each proportion constituting an isotope’s natural abundance. For example, in a typical terrestrial sample of oxygen, 99.76% of the O atoms is oxygen-16, 0.20% is oxygen-18, and 0.04% is oxygen-17. Any nucleus that is unstable and decays spontaneously is said to be radioactive, emitting subatomic particles and electromagnetic radiation. The emissions are collectively called radioactivity and can be measured. Isotopes that emit radiation are called radioisotopes. As you learned in Chapter 14 ""Chemical Kinetics"", the rate at which radioactive decay occurs is characteristic of the isotope and is generally reported as a half-life (t1/2), the amount of time required for half of the initial number of nuclei present to decay in a first-order reaction. (For more information on half-life, seeChapter 14 ""Chemical Kinetics"", Section 14.5 ""Half-Lives and Radioactive Decay Kinetics"". ) An isotope’s half-life can range from fractions of a second to billions of years and, among other applications, can be used to measure the age of ancient objects. Example 1 and its corresponding exercise review the calculations involving radioactive decay rates and half-lives.",1.0,1.0,1.0,1.0,1.0,6.901581961960564,0.8461538461538461,0.0,0.9230769230769232,1.0,0.0769230769230769
565,"FewShot_WithAnswer","NEB_Qwen3235BInstruct","Which type of magmas are high in silica and tend to erupt explosively due to their high viscosity?","felsic magmas","mafic magmas","intermediate magmas","ultramafic magmas","The chemistry of a magma determines the type of igneous rock it forms. The chemistry also determines how the magma moves. The higher the amount of silica in the magma, the higher the viscosity. Viscosity is a liquid's resistance to flow. Viscous magmas tend to stay below the surface or erupt explosively. These are felsic magmas, which are high in silica. When magma is fluid and runny, it is not viscous. This magma often reaches the surface by flowing out in rivers of lava. These are low-silica mafic magmas.",0.4690386886450892,0.3999975376705165,0.3509034633167754,0.3185395831374239,0.5263157894736842,1.762106804015673,0.8888888888888888,0.0,0.2222222222222222,0.3888888888888889,0.0555555555555555
566,"FewShot_WithAnswer","NEB_Qwen3235BInstruct","What is the maximum depth in meters of the photic zone where enough sunlight penetrates for photosynthesis to occur?","200","100","300","500","The photic zone extends to a maximum depth of 200 meters (656 feet) below the surface of the water. This is where enough sunlight penetrates for photosynthesis to occur. Algae and other photosynthetic organisms can make food and support food webs.",0.25,0.1936491673103708,0.1580408005117443,0.1216910922951113,0.24,2.4218025697918493,0.8947368421052632,0.0,0.4705882352941176,0.1176470588235294,0.1176470588235294
567,"FewShot_WithAnswer","NEB_Qwen3235BInstruct","In a nuclear power plant, what is the process called where the nuclei of uranium atoms are split to release a large amount of energy?","nuclear fission","nuclear fusion","radioactive decay","atomic resonance","Like fossil fuels, the radioactive element uranium can be used to generate electrical energy in power plants. In a nuclear power plant, the nuclei of uranium atoms are split in the process of nuclear fission. This process releases a tremendous amount of energy from just a small amount of uranium. The total supply of uranium in the world is quite limited, however, and cannot be replaced once it is used up. This makes nuclear energy a nonrenewable resource. Although using nuclear energy does not release carbon dioxide or cause air pollution, it does produce dangerous radioactive wastes. Accidents at nuclear power plants also have the potential to release large amounts of radioactive material into the environment. Figure below describes the nuclear disaster caused by a Japanese tsunami in 2011. You can learn more about the disaster and its aftermath at the URLs below.",0.4444444444444444,0.3849001794597504,0.3245572960558127,0.2875583820017637,0.6470588235294118,3.303876161460208,0.92,0.0,0.2857142857142857,0.2857142857142857,0.0952380952380952
568,"FewShot_WithAnswer","NEB_Qwen3235BInstruct","What type of bonds are formed between atoms sharing electrons?","covalent","ionic","metallic","hydrogen","Covalent bonds are formed between atoms sharing electrons.",1.0,1.0,1.0,1.0,1.0,6.154141811546582,0.8,0.0,0.7,1.0,0.1
569,"FewShot_WithAnswer","NEB_Qwen3235BInstruct","What is the term for an individual virus particle, which is much smaller than a prokaryotic cell and lacks cellular structures such as membranes and ribosomes?","a virion","a bacteriophage","a prion","a capsid","An individual virus is called a virion. It is a tiny particle much smaller than a prokaryotic cell. Because viruses do not consist of cells, they also lack cell membranes, cytoplasm, ribosomes, and other cell organelles. Without these structures, they are unable to make proteins or even reproduce on their own. Instead, they must depend on a host cell to synthesize their proteins and to make copies of themselves. Viruses infect and live inside the cells of living organisms. When viruses infect the cells of their host, they may cause disease. For example, viruses cause AIDS, influenza (flu), chicken pox, and the common cold.",0.1428571428571428,0.101015254455221,0.072299737425611,0.0617460532390315,0.2857142857142857,3.1529929548997653,0.9230769230769232,0.0,0.217391304347826,0.0869565217391304,0.0434782608695652
570,"FewShot_WithAnswer","NEB_Qwen3235BInstruct","What particle collides with a U-235 atom to initiate the nuclear fission process as described in the example?","a neutron","a proton","an electron","a photon","The example above illustrates the basic nuclear fission process. A neutron (generally produced by some controlled process, not usually a natural event) collides with an atom of U-235. Momentarily, a U-236 atom forms which then splits into two smaller atoms (Kr-93 and Ba-141) in the diagram. This process results in the release of three new neutrons, which can then initiate fission reactions with more atoms. We will see later how this propagation of neutrons can be employed in a reactor for the generation of electricity.",0.5263157894736842,0.3721614637823934,0.2847325935587362,0.1919621730848917,0.6206896551724138,5.830385375482951,0.8888888888888888,0.0,0.2,0.2,0.0666666666666666
571,"FewShot_WithAnswer","NEB_Qwen3235BInstruct","Based on the chemical composition and structure of turquoise as a phosphate mineral, what is the most characteristic color attributed to high-quality specimens used in jewelry?","blue","green","purple","yellow","Turquoise is a phosphate mineral with a beautiful blue color. The stone is not as rare as some minerals and is commonly used for jewelry.",0.2142857142857142,0.1237179148263483,0.0827625391639631,0.0683332407324896,0.4137931034482758,4.86504146257643,0.9230769230769232,0.0,0.0869565217391304,0.0869565217391304,0.0
572,"FewShot_WithAnswer","NEB_Qwen3235BInstruct","Each codon in the genetic code stands for one specific what?","amino acid","nucleotide","protein","enzyme","The genetic code consists of the sequence of bases in DNA or RNA. Groups of three bases form codons, and each codon stands for one amino acid (or start or stop). The codons are read in sequence following the start codon until a stop codon is reached. The genetic code is universal, unambiguous, and redundant.",0.3894003915357024,0.3179440883008189,0.2428035690182054,0.1827249680232283,0.5217391304347826,13.064854797600452,0.8181818181818182,0.0,0.3,0.3,0.2
573,"FewShot_WithAnswer","NEB_Qwen3235BInstruct","Which group of organisms, due to their sheer numbers and diversity, plays a critical ecological role as invaluable agents of pollination by transferring pollen between plants while foraging for nectar?","arthropods","mammals","fungi","reptiles","Many arthropods have extremely important roles in ecosystems. Arthropods are of ecological importance because of their sheer numbers and extreme diversity. As mentioned above, bees, wasps, ants, butterflies, moths, flies and beetles are invaluable agents of pollination. Pollens and grains became accidentally attached to their chests and legs and are transferred to other agricultural crops as these animals move about, either by walking or flying. Most plants actually produce scents to send signals to insects that food (in the form of nectar) is available.",0.1515151515151515,0.0677596356818118,0.0523516911364483,0.0463828695130991,0.0952380952380952,2.828949464799364,0.9333333333333332,0.0,0.1379310344827586,0.0344827586206896,0.0344827586206896
574,"FewShot_WithAnswer","NEB_Qwen3235BInstruct","According to the text, how many ways can a species go extinct?","two","one","three","four","Most of the species that have lived have also gone extinct. There are two ways to go extinct. The most obvious way is to die out completely. The other way a species goes extinct is if it evolves into a different species. Extinction is a normal part of Earth's history. Most of the organisms that have lived have gone extinct.",0.5714285714285714,0.4517539514526256,0.3154739627526426,0.2261660063568087,0.7,2.7187060357351385,0.8333333333333334,0.0,0.2,0.3,0.1
575,"FewShot_WithAnswer","NEB_Qwen3235BInstruct","In the context of biotechnology, what molecule is manipulated to introduce new traits in organisms through techniques such as gene therapy, transgenic modification, and recombinant DNA technology?","dna","protein","enzyme","carbohydrate","10.2 Biotechnology in Medicine and Agriculture Genetic testing is performed to identify disease-causing genes, and can be used to benefit affected individuals and their relatives who have not developed disease symptoms yet. Gene therapy—by which functioning genes are incorporated into the genomes of individuals with a non-functioning mutant gene—has the potential to cure heritable diseases. Transgenic organisms possess DNA from a different species, usually generated by molecular cloning techniques. Vaccines, antibiotics, and hormones are examples of products obtained by recombinant DNA technology. Transgenic animals have been created for experimental purposes and some are used to produce some human proteins. Genes are inserted into plants, using plasmids in the bacterium Agrobacterium tumefaciens, which infects plants. Transgenic plants have been created to improve the characteristics of crop plants—for example, by giving them insect resistance by inserting a gene for a bacterial toxin.",0.1612903225806451,0.1020089567796251,0.0702616674955653,0.0588083967791575,0.1578947368421052,4.38690926783927,0.925925925925926,0.0,0.1153846153846153,0.0384615384615384,0.0769230769230769
576,"FewShot_WithAnswer","NEB_Qwen3235BInstruct","What is the primary agent responsible for spreading impetigo through shared towels, clothes, or direct skin contact in activities like wrestling?","bacteria","viruses","fungi","parasites","Bacteria that cause the skin disease impetigo, which causes blisters, can spread when people share towels or clothes. The bacteria can also spread through direct skin contact in sports like wrestling.",0.1666666666666666,0.0833333333333333,0.0670867197530385,0.0608655776057909,0.25,8.669635561879454,0.9047619047619048,0.0,0.2,0.05,0.0
577,"FewShot_WithAnswer","NEB_Qwen3235BInstruct","What key environmental factor do plants detect to recognize seasonal changes?","day length","soil moisture","temperature fluctuations","wind intensity","Plants go through seasonal changes after detecting differences in day length.",0.25,0.2041241452319315,0.155882976940936,0.1395079696792913,0.380952380952381,45.498068225320615,0.8181818181818182,0.0,0.1818181818181818,0.1818181818181818,0.1818181818181818
578,"FewShot_WithAnswer","NEB_Qwen3235BInstruct","Which cycle is part of cellular respiration and produces ATP and NADPH?","krebs","calvin","light","stroma","The Calvin cycle is part of the light-independent reactions of photosynthesis. The Calvin cycle uses ATP and NADPH. The Krebs cycle is part of cellular respiration. This cycle makes ATP and NAPH.",0.6923076923076923,0.6105579948610593,0.5712259777725912,0.5395109853676858,0.75,12.416669313292024,0.8333333333333334,0.0,0.5,0.5833333333333334,0.1666666666666666
579,"FewShot_WithAnswer","NEB_Qwen3235BInstruct","What process occurs when rocks bump against each other due to gravity, moving water, wind, or glacial ice, leading to mechanical weathering?","abrasion","erosion","deposition","compaction","Abrasion is another type of mechanical weathering. With abrasion, one rock bumps against another rock. Gravity causes abrasion as a rock tumbles down a slope. Moving water causes abrasion; it moves rocks so that they bump against one another ( Figure below ). Strong winds cause abrasion by blasting sand against rock surfaces. Finally, the ice in glaciers cause abrasion. Pieces of rock embedded in ice at the bottom of a glacier scrape against the rock below. If you have ever collected beach glass or pebbles from a stream, you have witnessed the work of abrasion.",0.2592592592592592,0.1697250257391051,0.103475962036909,0.0815914408307416,0.3428571428571428,6.024332268000285,0.9090909090909092,0.0,0.0909090909090909,0.0909090909090909,0.0454545454545454
581,"FewShot_WithAnswer","NEB_Qwen3235BInstruct","The tissue that develops into the scrotum in males and the labia in females originates from the same embryonic structure and serves similar developmental origins. What term describes such structures that arise from the same ancestral tissue but may have different functions in mature organisms?","homologous","analogous","vestigial","atavistic","produce a penis in males produce a clitoris in females. The tissue that will become the scrotum in a male becomes the labia in a female; that is, they are homologous structures. Male Reproductive Anatomy In the male reproductive system, the scrotum houses the testicles or testes (singular: testis), including providing passage for blood vessels, nerves, and muscles related to testicular function. The testes are a pair of male reproductive organs that produce sperm and some reproductive hormones. Each testis is approximately 2.5 by 3.8 cm (1.5 by 1 in) in size and divided into wedge-shaped lobules by connective tissue called septa. Coiled in each wedge are seminiferous tubules that produce sperm. Sperm are immobile at body temperature; therefore, the scrotum and penis are external to the body, as illustrated in Figure 43.8 so that a proper temperature is maintained for motility. In land mammals, the pair of testes must be suspended outside the body at about 2° C lower than body temperature to produce viable sperm. Infertility can occur in land mammals when the testes do not descend through the abdominal cavity during fetal development.",0.2127659574468084,0.1780127716029947,0.1401957434246104,0.0884602153927888,0.2372881355932203,7.077365043966215,0.9333333333333332,0.0,0.05,0.05,0.025
582,"FewShot_WithAnswer","NEB_Qwen3235BInstruct","According to the support text, what would be the tidal cycle duration if high tides occurred at the same time every day?","every 12 hours","every 24 hours","every 12 hours and 50 minutes","every 6 hours and 12 minutes","9. If the tidal cycle was actually 12 hours then high tides would occur at the same time every day. In reality, high tides occur about every 12 hours and 25 minutes. Can you think of why this would be the case?.",0.125,0.1020620726159657,0.0767951235874871,0.0673588342684456,0.16,11.227998665298966,0.9090909090909092,0.0,0.2631578947368421,0.1052631578947368,0.0
583,"FewShot_WithAnswer","NEB_Qwen3235BInstruct","In which phase of the cell cycle does the cell synthesize additional proteins and organelles in preparation for division, also known as Gap 2?","growth phase 2","synthesis phase","mitotic phase","growth phase 1","Growth Phase 2 (G2): during this phase, the cell makes final preparations to divide. For example, it makes additional proteins and organelles. This phase is sometimes referred to as Gap 2.",0.1923076923076923,0.1489608979310545,0.1210816089716495,0.0927375945985352,0.1935483870967742,3.667622452977568,0.9166666666666666,0.0,0.1818181818181818,0.0909090909090909,0.0
584,"FewShot_WithAnswer","NEB_Qwen3235BInstruct","How do multicellular organisms, such as ducks, achieve growth according to the support text?","increase size and number of cells","merge with other organisms to grow larger","absorb nutrients without cellular changes","rely solely on external structures for growth","Like plants, all living things have the capacity for growth. The ducklings in Figure below have a lot of growing to do to catch up in size to their mother. Multicellular organisms like ducks grow by increasing the size and number of their cells. Single-celled organisms just grow in size.",0.2941176470588235,0.2630668208823282,0.234987345307471,0.2039473376643714,0.4,10.540129191144691,0.8571428571428571,0.0,0.1538461538461538,0.3076923076923077,0.0
585,"FewShot_WithAnswer","NEB_Qwen3235BInstruct","In chemical reaction notation, what symbol indicates the direction in which the reaction proceeds, including the possibility of reverse reactions when paired with an opposite-facing counterpart?","arrow","plus sign","equal sign","subscript","The arrow (→) shows the direction in which the reaction occurs. In many reactions, the reaction also occurs in the opposite direction. This is represented with another arrow pointing in the opposite direction (←).",0.1724137931034483,0.0771057923275789,0.0596584536720674,0.052955741468228,0.3125,8.45781266137553,0.9230769230769232,0.0,0.1818181818181818,0.0909090909090909,0.0
586,"FewShot_WithAnswer","NEB_Qwen3235BInstruct","Who first presented extensive evidence for evolution through natural selection in the book On the Origin of Species?","darwin","wallace","lyell","lamarck","In his book On the Origin of Species , Darwin included evidence to show that evolution had taken place. He also made logical arguments to support his theory that evolution occurs by natural selection. Since Darwin’s time, much more evidence has been gathered. The evidence includes a huge number of fossils. It also includes more detailed knowledge of living things, right down to their DNA.",0.3157894736842105,0.1823211376388291,0.122687555389138,0.1020911637486023,0.5217391304347825,5.905649433235599,0.8888888888888888,0.0,0.3125,0.3125,0.3125
587,"FewShot_WithAnswer","NEB_Qwen3235BInstruct","Which common beverage is naturally rich in calcium and often fortified with vitamin D to support bone health?","milk","orange juice","coffee","soda","Milk is naturally a good source of calcium. Vitamin D is also often added to milk. Both these nutrients help build strong bones.",0.1578947368421052,0.0911605688194145,0.0772883167974591,0.0721893541858629,0.16,33.28763747075392,0.8888888888888888,0.0,0.1111111111111111,0.0555555555555555,0.0555555555555555
589,"FewShot_WithAnswer","NEB_Qwen3235BInstruct","Which part of the nervous system is divided into the sensory and motor divisions and connects the central nervous system to the rest of the body?","peripheral","central","autonomic","somatic","The peripheral nervous system is divided into two parts, the sensory division and the motor division. How these divisions of the peripheral nervous system are related to the rest of the nervous system is shown below ( Figure below ). Refer to the figure as you read more about the peripheral nervous system in the text that follows.",0.4074074074074074,0.3008903112828133,0.2406029882257128,0.2021953083319634,0.4705882352941176,1.7586648790643662,0.9230769230769232,0.0,0.238095238095238,0.238095238095238,0.1428571428571428
590,"FewShot_WithAnswer","NEB_Qwen3235BInstruct","Fungi play a crucial role in the sustainability of life on Earth by contributing to the what?","balance of ecosystems","formation of fossil fuels","regulation of atmospheric oxygen","production of medicinal antibiotics","Beneficial Fungi Fungi play a crucial role in the balance of ecosystems. They colonize most habitats on Earth, preferring dark, moist conditions. They can thrive in seemingly hostile environments, such as the tundra, thanks to a most successful symbiosis with photosynthetic organisms, like lichens. Fungi are not obvious in the way that large animals or tall trees are. Yet, like bacteria, they are major decomposers of nature. With their versatile metabolism, fungi break down organic matter that is insoluble and would not be recycled otherwise. Importance to Ecosystems Food webs would be incomplete without organisms that decompose organic matter and fungi are key participants in this process. Decomposition allows for cycling of nutrients such as carbon, nitrogen, and phosphorus back into the environment so they are available to living things, rather than being trapped in dead organisms. Fungi are particularly important because they have evolved enzymes to break down cellulose and lignin, components of plant cell walls that few other organisms are able to digest, releasing their carbon content. Fungi are also involved in ecologically important coevolved symbioses, both mutually beneficial and pathogenic with organisms from the other kingdoms. Mycorrhiza, a term combining the Greek roots myco meaning fungus and rhizo.",0.2222222222222222,0.1571348402636772,0.1132483852812436,0.0976099337904898,0.4761904761904762,5.065914289594468,0.8823529411764706,0.0,0.3571428571428571,0.1428571428571428,0.0714285714285714
591,"FewShot_WithAnswer","NEB_Qwen3235BInstruct","When Mendel crossed purple-flowered plants with white-flowered plants, what color flowers were observed in all of the F1 offspring?","purple","white","pink","blue","Do you remember what happened when Mendel crossed purple flowered-plants and white flowered-plants? All the offspring had purple flowers. There was no blending of traits in any of Mendel's experiments. Mendel had to come up with a theory of inheritance to explain his results. He developed a theory called the law of segregation.",0.4761904761904761,0.2608202654786505,0.1894789146617329,0.1375568639334835,0.5,9.546984519580928,0.8947368421052632,0.0,0.1666666666666666,0.1666666666666666,0.0555555555555555
593,"FewShot_WithAnswer","NEB_Qwen3235BInstruct","The goal of understanding how and why things happen is central to what field?","science","engineering","mathematics","philosophy","The goal of science is to understand how and why things happen.",0.6666666666666666,0.557773351022717,0.4807498567691361,0.4001601601922499,0.6956521739130435,10.324262797359031,0.8571428571428571,0.0,0.3846153846153846,0.3846153846153846,0.4615384615384615
594,"FewShot_WithAnswer","NEB_Qwen3235BInstruct","What organisms are often classified by their shape or by their reaction to Gram stain and represent the most diverse life forms on Earth?","bacteria","viruses","fungi","protozoa","Bacteria are the most diverse organisms on Earth. They are often classified by shape or how they react to Gram stain.",0.6,0.4098780306383839,0.3036588971875663,0.2221340054550786,0.6976744186046512,7.632095606236215,0.9166666666666666,0.0,0.1739130434782608,0.1739130434782608,0.0869565217391304
595,"FewShot_WithAnswer","NEB_Qwen3235BInstruct","In the context of the ideal gas law applied to breathing, which variable must be known to calculate the number of moles of air inhaled, given volume, temperature, and the gas constant?","pressure","density","humidity","flow rate","Breathing involves pressure differences between the inside of the lungs and the air outside. The pressure differences are only a few torr. A normal breath is about 0.50 L. If room temperature is about 22°C, then the air has a temperature of about 295 K. With normal pressure being 1.0 atm, how many moles of air do we take in for every breath? The ideal gas law gives us an answer:.",0.2432432432432432,0.1404365519650441,0.0818249857636635,0.0628995361436684,0.2325581395348837,9.237500772807085,0.9375,0.0,0.1071428571428571,0.0357142857142857,0.0
597,"FewShot_WithAnswer","NEB_Qwen3235BInstruct","Lymph vessels make up a circulatory system that is similar to the blood vessels of which other system in the body?","cardiovascular","respiratory","digestive","nervous","Lymph vessels make up a circulatory system that is similar to the blood vessels of the cardiovascular system. However, lymph vessels circulate lymph instead of blood, and the heart does not pump lymph through the vessels.",0.7727272727272727,0.7258508828486959,0.7055609233552667,0.6912405850358114,0.8484848484848485,4.878095824636248,0.9047619047619048,0.0,0.7222222222222222,0.7222222222222222,0.1111111111111111
598,"FewShot_WithAnswer","NEB_Qwen3235BInstruct","What is the term for the boundary between two air masses that often leads to cloud formation and precipitation due to differences in temperature and pressure?","front","storm","pressure zone","air divide","When cold air masses move south from the poles, they run into warm air masses moving north from the tropics. The boundary between two air masses is called a front. Air masses usually don’t mix at a front. The differences in temperature and pressure cause clouds and precipitation. Types of fronts include cold, warm, occluded, and stationary fronts.",0.2592592592592592,0.2400274332743651,0.2229322021967391,0.2051916105531436,0.3888888888888889,2.1116990276188705,0.9230769230769232,0.0,0.2083333333333333,0.2083333333333333,0.2083333333333333
599,"FewShot_WithAnswer","NEB_Qwen3235BInstruct","What is the term for the process in which plants release water vapor through pores in their leaves called stomata?","transpiration","condensation","photosynthesis","respiration","Transpiration takes place when plants release water vapor through pores in their leaves called stomata.",0.6666666666666666,0.6172133998483675,0.5939425792232892,0.5762619509314023,0.7647058823529411,2.1934359339895213,0.9,0.0,0.6111111111111112,0.6111111111111112,0.2777777777777778
600,"FewShot_WithAnswer","NEB_Qwen3235BInstruct","How many neutrons do most hydrogen atoms have in their nucleus?","one","two","three","zero","Hydrogen is a good example of isotopes because it has the simplest atoms. Three isotopes of hydrogen are modeled in Figure below . Most hydrogen atoms have just one proton and one electron and lack a neutron. They are just called hydrogen. Some hydrogen atoms have one neutron. These atoms are the isotope named deuterium. Other hydrogen atoms have two neutrons. These atoms are the isotope named tritium.",0.4166666666666667,0.3227486121839514,0.2665561410653588,0.2086130724305753,0.6666666666666665,2.664975188512875,0.8181818181818182,0.0,0.3636363636363636,0.3636363636363636,0.0909090909090909
602,"FewShot_WithAnswer","NEB_Qwen3235BInstruct","To analyze simple Mendelian inheritance in humans, what tool is often used to track the inheritance of a specific trait or disorder through a family?","pedigree","genotype","phenotype","mutation","Inheritance in humans is not as straight-forward as that in the pea plant. Though some traits are inherited in simple Mendelian fashion, many are not. To analyze simple Mendelian inheritance a pedigree is often utilized. This is especially helpful in tracking the inheritance of a specific trait, characteristic or disorder (or allele) through a family.",0.2222222222222222,0.1283000598199168,0.0858670988638252,0.0709390046023764,0.4666666666666667,6.694996072897325,0.92,0.0,0.2272727272727272,0.2272727272727272,0.0909090909090909
603,"FewShot_WithAnswer","NEB_Qwen3235BInstruct","Which phylum is an exception to the rule that all animal phyla consist only of invertebrates?","chordates","arthropods","mollusks","annelids","Except for the chordates, all animal phyla consist only of invertebrates.",0.5882352941176471,0.3720326659021623,0.2586370395387165,0.1842872229444196,0.6153846153846153,3.155654457483728,0.875,0.0,0.5,0.1428571428571428,0.0714285714285714
604,"FewShot_WithAnswer","NEB_Qwen3235BInstruct","In the context of emulsions such as mayonnaise or soap-water mixtures, what term describes the substance that stabilizes the mixture by interacting with both polar and nonpolar components, preventing separation?","emulsifying","catalyzing","solubilizing","denaturing","Butter and mayonnaise are examples of a class of colloids called emulsions. An emulsion is a colloidal dispersion of a liquid in either a liquid or a solid. A stable emulsion requires an emulsifying agent to be present. Mayonnaise is made in part of oil and vinegar. Since oil is nonpolar and vinegar is an aqueous solution and polar, the two do not mix and would quickly separate into layers. However, the addition of egg yolk causes the mixture to become stable and not separate. Egg yolk is capable of interacting with both the polar vinegar and the nonpolar oil. The egg yolk is called the emulsifying agent. Soap acts as an emulsifying agent between grease and water. Grease cannot be simply rinsed off your hands or another surface because it is insoluble. However, the soap stabilizes a grease-water mixture because one end of a soap molecule is polar and the other end is nonpolar. This allows the grease to be removed from your hands or your clothing by washing with soapy water.",0.1515151515151515,0.0677596356818118,0.0523516911364483,0.0463828695130991,0.2105263157894736,4.066715725874541,0.9333333333333332,0.0,0.1481481481481481,0.037037037037037,0.0
606,"FewShot_WithAnswer","NEB_Qwen3235BInstruct","What can slow down the increase of viruses in the blood but cannot remove them from the body, according to current medical knowledge about HIV?","medications","vaccines","antibiotics","surgery","Medications can slow down the increase of viruses in the blood. But the medications cannot remove the viruses from the body. At present, there is no cure for HIV infection. A vaccine against HIV could stop this disease, and such a vaccine is in development, though it could take many years before it can be given to prevent this virus.",0.4285714285714285,0.4103259033241448,0.3965500735711491,0.3833017626975425,0.5806451612903226,2.825159774729358,0.92,0.0,0.4090909090909091,0.4090909090909091,0.0
608,"FewShot_WithAnswer","NEB_Qwen3235BInstruct","What is the name of the process by which hydrogen ions flow through ATP synthase from the thylakoid space into the stroma to produce ATP during the light-dependent reactions of photosynthesis?","chemiosmosis","photosynthesis","electron excitation","photolysis","5.2 The Light-Dependent Reactions of Photosynthesis In the first part of photosynthesis, the light-dependent reaction, pigment molecules absorb energy from sunlight. The most common and abundant pigment is chlorophyll a. A photon strikes photosystem II to initiate photosynthesis. Energy travels through the electron transport chain, which pumps hydrogen ions into the thylakoid space. This forms an electrochemical gradient. The ions flow through ATP synthase from the thylakoid space into the stroma in a process called chemiosmosis to form molecules of ATP, which are used for the formation of sugar molecules in the second stage of photosynthesis. Photosystem I absorbs a second photon, which results in the formation of an NADPH molecule, another energy carrier for the Calvin cycle reactions.",0.375,0.3247595264191645,0.2877089563716788,0.2627075384700875,0.5714285714285714,2.6811572022038197,0.935483870967742,0.0,0.3846153846153846,0.3846153846153846,0.0769230769230769
609,"FewShot_WithAnswer","NEB_Qwen3235BInstruct","Which structures in plant cells are composed of membrane and cell wall material and allow the direct intercellular transport of molecules such as RNA and viral genomes?","plasmodesmata","lysosomes","ribosomes","mitochondria","Plasmodesmata (singular, plasmodesma ) are microscopic channels which traverse the cell walls of plant cells and some algal cells. These junctions enable two cells to transport materials and communication between them. Plasmodesmata are similar to gap junctions of animal cells. Like gap junctions, plasmodesmata enable direct intercellular transport of substances between cells. However, unlike other junctions, plasmodesmata do not seem to be protein based. Rather, they are made from membrane and cell wall material. Plasmodesmata move various types of molecules, including transport proteins (including transcription factors), short interfering RNA, messenger RNA and viral genomes from cell to cell. A typical plant cell may have between 1,000 and 10,000 plasmodesmata connecting it with adjacent cells.",0.1785714285714285,0.0798595706249925,0.0618154059744179,0.0549008675630684,0.2105263157894736,5.756805164113166,0.925925925925926,0.0,0.1923076923076923,0.0384615384615384,0.0769230769230769
610,"FewShot_WithAnswer","NEB_Qwen3235BInstruct","What type of mammal is the echidna, which shares the characteristic of laying eggs with the platypus?","monotreme","marsupial","placental","reptilian","Echidna. Like the platypus, the echnida is a monotreme. The only living monotreme species inhabit Australia and New Guinea.",0.3157894736842105,0.1823211376388291,0.122687555389138,0.1020911637486023,0.3157894736842105,3.411220729293845,0.8823529411764706,0.0,0.0714285714285714,0.0714285714285714,0.1428571428571428
611,"FewShot_WithAnswer","NEB_Qwen3235BInstruct","What molecules form the two layers of the cell membrane?","phospholipids","proteins","nucleotides","carbohydrates","The cell membrane consists of two layers of phospholipids. Transport proteins are embedded in the layers. The movement of substances across the cell membrane may be by passive or active transport.",0.5454545454545454,0.4453617714151233,0.3410504464303461,0.257663759638272,0.75,4.903461490797898,0.8,0.0,0.375,0.375,0.375
612,"FewShot_WithAnswer","NEB_Qwen3235BInstruct","According to the text, what term describes a trait that is inherited and helps organisms survive in their environment?","favorable trait","genetic mutation","environmental response","acquired characteristic","Adaptations are favorable traits that organisms inherit. Adaptations develop from variations within a population and help organisms to survive in their given environment.",0.0952380952380952,0.0673435029701473,0.0609799602374997,0.0587762605993922,0.2,4.4437414128953066,0.8947368421052632,0.0,0.1764705882352941,0.0588235294117647,0.1176470588235294
613,"FewShot_WithAnswer","NEB_Qwen3235BInstruct","In which modern-day country were fossils of Eomaia, a potential ancestor of placental mammals, discovered?","china","egypt","brazil","australia","The earliest placental mammals may have evolved about 110 million years ago. The ancestor of placental mammals may be the extinct genus Eomaia . Fossils of Eomaia have been found in what is now China. It was only about 10 centimeters (4 inches) long. It was a tree climber and probably ate insects and worms. Eomaia had several traits of placental mammals. Figure below shows an Eomaia fossil.",0.1666666666666666,0.1360827634879543,0.102892986499768,0.0908362786820641,0.3,18.38962333303032,0.8666666666666667,0.0,0.2857142857142857,0.1428571428571428,0.2857142857142857
614,"FewShot_WithAnswer","NEB_Qwen3235BInstruct","In the context of separating a satellite from its launcher using an explosive mechanism, what mechanical component is traditionally used to abruptly release the two parts by detonating?","bolts","clamps","welds","latches","Space probes may be separated from their launchers by exploding bolts. (They bolt away from one another. ) Suppose a 4800-kg satellite uses this method to separate from the 1500-kg remains of its launcher, and that 5000 J of kinetic energy is supplied to the two parts. What are their subsequent velocities using the frame of reference in which they were at rest before separation?",0.1333333333333333,0.0666666666666666,0.0535147081557889,0.0483688055928472,0.1764705882352941,15.923303128095204,0.9285714285714286,0.0,0.0833333333333333,0.0416666666666666,0.0
616,"FewShot_WithAnswer","NEB_Qwen3235BInstruct","What term refers to the relatively stable state inside the body of an animal, maintained through continuous adjustments to internal and external changes?","homeostasis","metabolism","adaptation","homogeny","Homeostasis refers to the relatively stable state inside the body of an animal. Animal organs and organ systems constantly adjust to internal and external changes in order to maintain this steady state. Examples of internal conditions maintained homeostatically are the level of blood glucose, body temperature, blood calcium level. These conditions remain stable because of physiologic processes that result in negative feedback relationships. If the blood glucose or calcium rises, this sends a signal to organs responsible for lowering blood glucose or calcium. The signals that restore the normal levels are examples of negative feedback. When homeostatic mechanisms fail, the results can be unfavorable for the animal. Homeostatic mechanisms keep the body in dynamic equilibrium by constantly adjusting to the changes that the body’s systems encounter. Even an animal that is apparently inactive is maintaining this homeostatic equilibrium. Two examples of factors that are regulated homeostatically are temperature and water content. The processes that maintain homeostasis of these two factors are called thermoregulation and osmoregulation.",0.52,0.4560701700396552,0.4272658681697917,0.4058487273130066,0.5806451612903226,9.516006023705057,0.9130434782608696,0.0,0.45,0.35,0.1
617,"FewShot_WithAnswer","NEB_Qwen3235BInstruct","Which connective tissue layer surrounds and organizes muscle fibers into bundles called fascicles within a skeletal muscle?","perimysium","endomysium","epimysium","periosteum","Inside each skeletal muscle, muscle fibers are organized into individual bundles, each called a fascicle, by a middle layer of connective tissue called the perimysium. This fascicular organization is common in muscles of the limbs; it allows the nervous system to trigger a specific movement of a muscle by activating a subset of muscle fibers within a bundle, or fascicle of the muscle.",0.2777777777777778,0.1756820922315766,0.1219931249200037,0.1032099390164001,0.3333333333333333,5.94316288367734,0.8823529411764706,0.0,0.1875,0.125,0.0
618,"FewShot_WithAnswer","NEB_Qwen3235BInstruct","Unlike prokaryotic chromosomes, eukaryotic chromosomes are characterized by being what shape, which creates challenges in complete replication at their ends?","linear","circular","spiral","helical","Telomere replication Unlike prokaryotic chromosomes, eukaryotic chromosomes are linear. As you’ve learned, the enzyme DNA pol can add nucleotides only in the 5' to 3' direction. In the leading strand, synthesis continues until the end of the chromosome is reached. On the lagging strand, DNA is synthesized in short stretches, each of which is initiated by a separate primer. When the replication fork reaches the end of the linear chromosome, there is no place for a primer to be made for the DNA fragment to be copied at the end of the chromosome. These ends thus remain unpaired, and over time these ends may get progressively shorter as cells continue to divide. The ends of the linear chromosomes are known as telomeres, which have repetitive sequences that code for no particular gene. In humans, a six base pair sequence, TTAGGG, is repeated 100 to 1000 times. The discovery of the enzyme telomerase (Figure 14.16) helped in the understanding of how chromosome ends are maintained. The telomerase enzyme contains a catalytic part and a built-in RNA template. It attaches to the end of the chromosome, and complementary bases to the RNA template are added on the 3' end of the DNA strand. Once the 3' end of the lagging strand template is sufficiently elongated, DNA polymerase can add the nucleotides complementary to the ends of the chromosomes. Thus, the ends of the chromosomes are replicated.",0.391304347826087,0.3450979970953814,0.3190591096888616,0.2965452958574887,0.5185185185185185,11.74696504850885,0.9,0.0,0.3,0.3,0.1
620,"FewShot_WithAnswer","NEB_Qwen3235BInstruct","In the context of a downhill ski race, why is little advantage gained by starting with an initial speed, despite the added kinetic energy?","gravitational potential energy","air resistance","momentum conservation","thermal energy loss","In a downhill ski race, surprisingly, little advantage is gained by getting a running start. (This is because the initial kinetic energy is small compared with the gain in gravitational potential energy on even small hills. ) To demonstrate this, find the final speed and the time taken for a skier who skies 70.0 m along a 30º slope neglecting friction: (a) Starting from rest. (b) Starting with an initial speed of 2.50 m/s. (c) Does the answer surprise you? Discuss why it is still advantageous to get a running start in very competitive events.",0.4074074074074074,0.2127615795014084,0.1203014941128564,0.0913520428646362,0.4285714285714286,6.889621577044179,0.9166666666666666,0.0,0.2,0.1,0.0
621,"FewShot_WithAnswer","NEB_Qwen3235BInstruct","In the context of population size, what term refers to the entities whose count defines the size of a population?","individuals","species","communities","organisms","Population size is the number of individuals in a population.",0.3181818181818182,0.2082988952252654,0.1604703788784574,0.1198915733669457,0.5,8.929574316462153,0.9,0.0,0.125,0.125,0.25
622,"FewShot_WithAnswer","NEB_Qwen3235BInstruct","What is the primary cause of mold allergies according to the support text?","airborne mold spores","ingested mold particles","direct skin contact with mold","mold-produced mycotoxins in food","Mold allergies are very common. They are caused by airborne mold spores. When the spores enter the respiratory tract, the immune system responds to them as though they were harmful microbes. Symptoms may include sneezing, coughing, and difficulty breathing. The symptoms are likely to be more severe in people with asthma or other respiratory diseases. Long-term exposure to mold spores may also weaken the immune system.",0.5714285714285714,0.4517539514526256,0.3154739627526426,0.2261660063568087,0.6666666666666665,11.502394017433314,0.8461538461538461,0.0,0.1818181818181818,0.1818181818181818,0.0
623,"FewShot_WithAnswer","NEB_Qwen3235BInstruct","Which structure at the stomach end of the esophagus opens in response to swallowing and prevents stomach contents from traveling back into the esophagus when closed?","gastro-esophageal sphincter","pharyngeal valve","duodenal sphincter","epiglottis","A ring-like muscle called a sphincter forms valves in the digestive system. The gastro-esophageal sphincter is located at the stomach end of the esophagus. In response to swallowing and the pressure exerted by the bolus of food, this sphincter opens, and the bolus enters the stomach. When there is no swallowing action, this sphincter is shut and prevents the contents of the stomach from traveling up the esophagus. Many animals have a true sphincter; however, in humans, there is no true.",0.5185185185185185,0.3666479606152468,0.3142139651755027,0.2806574735150317,0.5,5.5505518067198905,0.9230769230769232,0.0,0.217391304347826,0.217391304347826,0.1304347826086956
624,"FewShot_WithAnswer","NEB_Qwen3235BInstruct","Which adaptation, commonly found in both predators and prey, enables prey to hide from predators and predators to approach prey unnoticed?","camouflage","mimicry","bioluminescence","hibernation","Both predators and prey have adaptations to predation that evolve through natural selection. Predator adaptations help them capture prey. Prey adaptations help them avoid predators. A common adaptation in both predator and prey is camouflage. Several examples are shown in Figure below. Camouflage in prey helps them hide from predators. Camouflage in predators helps them sneak up on prey.",0.2916666666666667,0.1559023911155808,0.1018573966806949,0.083250865806963,0.3749999999999999,5.71492998746127,0.9047619047619048,0.0,0.1904761904761904,0.0952380952380952,0.0
625,"FewShot_WithAnswer","NEB_Qwen3235BInstruct","In the context of bursitis, which anatomical structure is most commonly affected due to inflammation of the adjacent bursa?","joint","muscle","bone","ligament","Bursitis is the inflammation of a bursa near a joint. This will cause pain, swelling, or tenderness of the bursa and surrounding area, and may also result in joint stiffness. Bursitis is most commonly associated with the bursae found at or near the shoulder, hip, knee, or elbow joints.",0.2857142857142857,0.1649572197684645,0.1108079414976458,0.0919898191384779,0.4166666666666667,4.483404904264323,0.8947368421052632,0.0,0.1764705882352941,0.1176470588235294,0.0
627,"FewShot_WithAnswer","NEB_Qwen3235BInstruct","Corrosion is fundamentally what type of electrochemical process under ambient conditions?","galvanic","electrolytic","endothermic","catalytic","Note the Pattern Corrosion is a galvanic process. Under ambient conditions, the oxidation of most metals is thermodynamically spontaneous, with the notable exception of gold and platinum. Hence it is actually somewhat surprising that any metals are useful at all in Earth’s moist, oxygen-rich atmosphere. Some metals, however, are resistant to corrosion for kinetic reasons. For example, aluminum in soft-drink cans and airplanes is protected by a thin coating of metal oxide that forms on the surface of the metal and acts as an impenetrable barrier that prevents further destruction. Aluminum cans also have a thin plastic layer to prevent reaction of the oxide with acid in the soft drink. Chromium, magnesium, and nickel also form protective oxide films. Stainless steels are remarkably resistant to corrosion because they usually contain a significant proportion of chromium, nickel, or both. In contrast to these metals, when iron corrodes, it forms a red-brown hydrated metal oxide (Fe2O3·xH2O), commonly known as rust, that does not provide a tight protective film (Figure 19.17 ""Rust, the Result of Corrosion of.",0.3333333333333333,0.1666666666666666,0.1361763234405406,0.1260596809217491,0.5882352941176471,57.19881078843015,0.8181818181818182,0.0,0.3636363636363636,0.0909090909090909,0.0909090909090909
628,"FewShot_WithAnswer","NEB_Qwen3235BInstruct","In rotational motion, if the angular acceleration of a rigid body is known, which quantity can be obtained by multiplying the angular acceleration by the radius of the rotating object?","linear acceleration","tangential velocity","centripetal acceleration","angular momentum","linear acceleration a is equal to the angular acceleration multiplied by the radius of the rotating object.",0.3636363636363636,0.3319530651546461,0.3020168161856353,0.2702220179614094,0.4324324324324324,3.427650980394556,0.9,0.0,0.2,0.2,0.0
629,"FewShot_WithAnswer","NEB_Qwen3235BInstruct","Which part of the eye contains nerve cells called rods and cones that convert light images into electrical signals?","retina","pupil","lens","iris","The retina is a membrane lining the back of the eye. The retina has nerve cells called rods and cones that change images to electrical signals. Rods are good at sensing dim light but can’t distinguish different colors of light. Cones can sense colors but not in dim light. There are three different types of cones. Each type senses one of the three primary colors of light.",0.25,0.1936491673103708,0.1580408005117443,0.1216910922951113,0.2307692307692307,4.777967607065675,0.8947368421052632,0.0,0.3888888888888889,0.1111111111111111,0.1666666666666666
630,"FewShot_WithAnswer","NEB_Qwen3235BInstruct","What group of animals begins life in water with gills and later develops the ability to live on land, breathing through lungs and skin as adults?","amphibians","reptiles","mammals","fish","What group of animals begins its life in the water, but then spends most of its life on land? Amphibians! Amphibians are a group of vertebrates that has adapted to live in both water and on land. Amphibian larvae are born and live in water, and they breathe using gills. The adults live on land for part of the time and breathe both through their skin and with their lungs as their lungs are not sufficient to provide the necessary amount of oxygen.",0.4285714285714285,0.3030457633656632,0.216899212276833,0.167381572265367,0.5641025641025641,6.400623220371197,0.9230769230769232,0.0,0.2,0.16,0.08
632,"FewShot_WithAnswer","NEB_Qwen3235BInstruct","In the human body, where are pressure receptors primarily located that contribute to the sense of touch?","the skin","the brain","the muscles","the bloodstream","Touch is the ability to sense pressure. Pressure receptors are found mainly in the skin. They are especially concentrated on the tongue, lips, face, palms of the hands, and soles of the feet. Some touch receptors sense differences in temperature or pain. How do pain receptors help maintain homeostasis? (Hint: What might happen if we couldn’t feel pain?).",0.2105263157894736,0.1823211376388291,0.1545766335949182,0.1214075383087458,0.3809523809523809,6.038596633132402,0.8823529411764706,0.0,0.1333333333333333,0.2666666666666666,0.0
633,"FewShot_WithAnswer","NEB_Qwen3235BInstruct","How many functional groups must each monomer of a condensation polymer contain in order to form a polymer network through condensation reactions?","two","one","three","four","A condensation polymer is a polymer formed by condensation reactions. Monomers of condensation polymers must contain two functional groups so that each monomer can link up with two other monomers. One type of condensation polymer is called a polyamide. An amide is characterized by the functional group shown below wherein the carbon of a carbonyl group is bonded to the nitrogen of an amine.",0.4347826086956521,0.2749806661015982,0.1901387107037579,0.134507990596363,0.4878048780487805,2.6947862333996118,0.9090909090909092,0.0,0.15,0.2,0.0
634,"FewShot_WithAnswer","NEB_Qwen3235BInstruct","What structure is described as a bony enclosure that protects the brain in vertebrates?","the cranium","the cerebellum","the mandible","the vertebra","a cranium, or bony skull, that encloses and protects the brain;.",0.4666666666666667,0.2494438257849294,0.164414138288698,0.1359779634383489,0.4347826086956521,10.5369030409688,0.8571428571428571,0.0,0.1666666666666666,0.0833333333333333,0.0833333333333333
635,"FewShot_WithAnswer","NEB_Qwen3235BInstruct","Silk and cotton are examples of which type of fibers based on their origin?","natural","synthetic","industrial","composite","The fibers that compose the materials for our clothes are either natural or human-made. Silk and cotton would be examples of natural fibers. Silk is produced by the silkworm and cotton is grown as a plant. Human-made fabrics include nylon, orlon, and a number of other polymers. These materials are made from hydrocarbons found in petroleum products. Synthetic polymers are also used in shoes, raingear, and camping items. The synthetic fabrics tend to be lighter than the natural ones and can be treated to make them more water-resistant and durable.",0.5333333333333333,0.4618802153517006,0.4239359331793306,0.391295029958458,0.5833333333333334,8.429078067314052,0.8571428571428571,0.0,0.2142857142857142,0.4285714285714285,0.4285714285714285
636,"FewShot_WithAnswer","NEB_Qwen3235BInstruct","Which substance, when dissolved in water, shares the ability to conduct electricity with acids but does not react with metals?","bases","salts","elements","enzymes","A: A property that is shared by bases and acids is the ability to conduct electricity when dissolved in water. Some ways bases and acids are different is that acids taste sour whereas bases taste bitter. Also, acids but not bases react with metals. For other differences between bases and acids, as well as why they differ in these ways, read the short article at this URL: http://www. chem4kids. com/files/react_acidbase. html.",0.1304347826086956,0.0753065568508207,0.0636425590156184,0.0591910306081772,0.1333333333333333,4.372299649899557,0.9,0.0,0.2105263157894736,0.0526315789473684,0.1578947368421052
637,"FewShot_WithAnswer","NEB_Qwen3235BInstruct","What happens to light when it passes from air to water or from water to air?","it bends","it stops","it reflects completely","it speeds up and disappears","Refraction is another way that waves interact with matter. Refraction occurs when waves bend as they enter a new medium at an angle. You can see an example of refraction in the Figure below . Light bends when it passes from air to water or from water to air. The bending of the light traveling from the fish to the man’s eyes causes the fish to appear to be in a different place from where it actually is.",0.6470588235294118,0.5852867277097765,0.5311760312558383,0.472768506863477,0.7407407407407406,1.9455681582619029,0.875,0.0,0.75,0.375,0.1875
638,"FewShot_WithAnswer","NEB_Qwen3235BInstruct","Which variation of the basic voltaic cell is commonly used in automotive applications due to its ability to deliver high surge currents and be recharged?","lead storage battery","dry cell","lithium-ion cell","fuel cell","Two variations on the basic voltaic cell are the dry cell and the lead storage battery.",0.2307692307692307,0.1631784879661263,0.1286684093441414,0.0970624252495264,0.2424242424242424,8.187611920801109,0.92,0.0,0.125,0.125,0.0416666666666666
639,"FewShot_WithAnswer","NEB_Qwen3235BInstruct","In a solution, which term refers to the substance present in the lesser amount that is dispersed in the solvent?","solute","solvent","catalyst","colloid","Most chemical reactions are carried out in solutions, which are homogeneous mixtures of two or more substances. In a solution, a solute (the substance present in the lesser amount) is dispersed in a solvent (the substance present in the greater amount). Aqueous solutions contain water as the solvent, whereas nonaqueous solutions have solvents other than water. Polar substances, such as water, contain asymmetric arrangements of polar bonds, in which electrons are shared unequally between bonded atoms. Polar substances and ionic compounds tend to be most soluble in water because they interact favorably with its structure. In aqueous solution, dissolved ions become hydrated; that is, a shell of water molecules surrounds them. Substances that dissolve in water can be categorized according to whether the resulting aqueous solutions conduct electricity. Strong electrolytes dissociate completely into ions to produce solutions that conduct electricity well. Weak electrolytes produce a relatively small number of ions, resulting in solutions that conduct electricity poorly. Nonelectrolytes dissolve as uncharged molecules and have no effect on the electrical conductivity of water.",0.5909090909090909,0.5182615568632445,0.4677238985911366,0.4185742275129686,0.6153846153846154,16.982057974119577,0.9,0.0,0.3125,0.3125,0.0625
640,"FewShot_WithAnswer","NEB_Qwen3235BInstruct","Based on the support text, what distinguishes oils and fats in terms of their physical properties at room temperature?","liquid and solid states","color and odor","solubility in alcohol","molecular weight","A lipid is a member of a class of water-insoluble compounds that includes oils, fats, and waxes. Oils and fats are based on the same general structure, but fats are solids at room temperature, while oils are liquids. Butter is an example of a fat and is derived from animals. Some oils include olive oil and canola oil, which are obtained from plants. Lipids are an essential part of a healthy diet, though excess dietary fat can be harmful. Lipids store energy in the body and are also needed to keep cell membranes healthy.",0.3809523809523809,0.3299144395369289,0.2792185159768072,0.218789894854583,0.5,5.449196612900311,0.8947368421052632,0.0,0.1666666666666666,0.1666666666666666,0.0555555555555555
641,"FewShot_WithAnswer","NEB_Qwen3235BInstruct","A cochlear implant functions by converting sound into electrical impulses that stimulate the auditory nerve; however, which of the following structures must still be functional for a cochlear implant to effectively restore the sensation perceived through the auditory pathway, even if hair cells or the cochlear structure are damaged?","hearing","equilibrium","vision","proprioception","consists of a microphone that picks up sound. A speech processor selects sounds in the range of human speech, and a transmitter converts these sounds to electrical impulses, which are then sent to the auditory nerve. Which of the following types of hearing loss would not be restored by a cochlear implant? a. Hearing loss resulting from absence or loss of hair cells in the organ of Corti. Hearing loss resulting from an abnormal auditory nerve. Hearing loss resulting from fracture of the cochlea.",0.1320754716981132,0.0864636923576573,0.0660031611119256,0.0487282716796426,0.196078431372549,4.73346032869284,0.9591836734693876,0.0,0.0714285714285714,0.0476190476190476,0.0238095238095238
642,"FewShot_WithAnswer","NEB_Qwen3235BInstruct","In which constellation is the Helix nebula located, approximately 700 light-years from Earth?","aquarius","orion","ursa major","cygnus","The Helix nebula, located about 700 light-years away in the constellation Aquarius, belongs to a class of objects called planetary nebulae. Planetary nebulae are the remains of stars that once looked a lot like our sun. When sun-like stars die, they puff out their outer gaseous layers. These layers are heated by the hot core of the dead star, called a white dwarf, and shine with infrared and visible colors. Scientists can study the birth and death of stars by analyzing the types of light that are emitted from nebulae.",0.5333333333333333,0.4618802153517006,0.3935472587224788,0.3443833484153614,0.7368421052631579,7.142529294290214,0.8461538461538461,0.0,0.25,0.5833333333333334,0.0
643,"FewShot_WithAnswer","NEB_Qwen3235BInstruct","In cellulose, what functional groups are involved in forming hydrogen bonds that help hold parallel chains together?","hydroxyl groups","carboxyl groups","amino groups","phosphate groups","that produce a coiled structure. The glucose units in cellulose, in contrast, are linked to give long, unbranched chains. The chains in cellulose stack in parallel rows held together by hydrogen bonds between hydroxyl groups. This arrangement produces a rigid structure that is insoluble in water. Figure 24.22 The Polysaccharides Starch and Cellulose.",0.4736842105263157,0.223296878269436,0.140442192037997,0.1129824450817431,0.5625,2.894390113110174,0.8823529411764706,0.0,0.1176470588235294,0.1176470588235294,0.0588235294117647
644,"FewShot_WithAnswer","NEB_Qwen3235BInstruct","What are small rocky bodies that orbit the Sun called?","asteroids","comets","meteors","planets","Asteroids are small rocky bodies that orbit the Sun.",0.6821614784251477,0.5084531457967955,0.4417735856903683,0.3934402949242694,1.0,55.51120394154608,0.8,0.0,0.7777777777777778,0.6666666666666666,0.1111111111111111
646,"FewShot_WithAnswer","NEB_Qwen3235BInstruct","What is the term for each end of a magnet, where one is designated north and the other south, and which always appear in pairs?","pole","node","terminal","junction","Figure 22.3 Magnets come in various shapes, sizes, and strengths. All have both a north pole and a south pole. There is never an isolated pole (a monopole).",0.1785714285714285,0.0798595706249925,0.0618154059744179,0.0549008675630684,0.2857142857142857,8.816088432852444,0.92,0.0,0.0454545454545454,0.0909090909090909,0.1363636363636363
647,"FewShot_WithAnswer","NEB_Qwen3235BInstruct","What do hyperthermophiles 'love' according to the support text?","heat","cold","light","salt","Hyperthermophiles are organisms that 'love' heat. Some archaeans can survive at very high temperatures. For example, they can grow in hot springs and geysers. One archaean species can even reproduce at 122 °C (252 °F). This is higher than the boiling point of water. It is the highest recorded temperature for any organism.",0.1384182521267043,0.0978764847187818,0.0900127974020552,0.0886250675819773,0.3333333333333332,15.244297427295708,0.7777777777777778,0.0,0.125,0.25,0.125
648,"FewShot_WithAnswer","NEB_Qwen3235BInstruct","The process in which the nucleus divides, the nuclear membrane breaks down and reforms, and chromosomes are sorted so each daughter cell receives a diploid number of chromosomes is called what?","mitosis","cytokinesis","meiosis","interphase","The first step is mitosis , a multi-phase process in which the nucleus of the cell divides. During mitosis, the nuclear membrane breaks down and later reforms. The chromosomes are also sorted and separated to ensure that each daughter cell receives a diploid number (2 sets) of chromosomes. In humans, that number of chromosomes is 46 (23 pairs). Mitosis is described in greater detail in a subsequent concept.",0.3235294117647058,0.2181234849145783,0.1793289073288399,0.1524862014048653,0.4615384615384615,6.135970976434645,0.935483870967742,0.0,0.2222222222222222,0.1481481481481481,0.074074074074074
649,"FewShot_WithAnswer","NEB_Qwen3235BInstruct","What specialized reproductive structure do many fungi produce, such as the familiar example seen in forests and fields?","mushrooms","spores","mycelia","lichens","Fungi often make specialized reproductive structures, such as a mushroom.",0.3,0.2449489742783178,0.1848456416230806,0.1368638602101879,0.4615384615384615,13.99925996979566,0.8888888888888888,0.0,0.1176470588235294,0.1176470588235294,0.0588235294117647
650,"FewShot_WithAnswer","NEB_Qwen3235BInstruct","Which property of a mineral is more reliable for identification because it does not vary and can distinguish between minerals of the same color?","streak","luster","hardness","cleavage","Streak is more reliable than color to identify minerals. The color of a mineral may vary. Streak does not vary. Also, different minerals may be the same color, but they may have a different color streak. For example, samples of hematite and galena can both be dark gray. They can be told apart because hematite has a red streak and galena has a gray streak.",0.28,0.1496662954709576,0.0977264805918825,0.0798136615668399,0.3125,4.937993694927215,0.9166666666666666,0.0,0.1363636363636363,0.1363636363636363,0.0909090909090909
651,"FewShot_WithAnswer","NEB_Qwen3235BInstruct","Inside male and female cones, male and female spores develop into what, which are responsible for producing gametes in gymnosperms?","gametophytes","zygotes","sporangia","fronds","Cones form on a mature sporophyte plant. Inside male cones, male spores develop into male gametophytes. Each male gametophyte consists of several cells enclosed within a grain of pollen. Inside female cones, female spores develop into female gametophytes. Each female gametophyte produces an egg inside an ovule.",0.4347826086956521,0.3367811605397753,0.2742274738112996,0.2105163819790105,0.5517241379310346,11.448918804695191,0.85,0.0,0.2,0.2,0.1
652,"FewShot_WithAnswer","NEB_Qwen3235BInstruct","What is the name of the hydrocarbon molecule that consists of one carbon atom and four hydrogen atoms?","methane","ethane","propane","butane","Hydrocarbons are made of carbon and hydrogen atoms. This molecule with one carbon and four hydrogen atoms is methane.",0.7368421052631579,0.653140718210045,0.5744827600775304,0.5086081703447937,0.7586206896551724,2.264421265450838,0.8888888888888888,0.0,0.25,0.25,0.0625
654,"FewShot_WithAnswer","NEB_Qwen3235BInstruct","Which marine structures, often referred to as the 'rainforests of the oceans' due to their high species diversity, are created by corals and other animals building limestone reefs near the shore?","coral reefs","mangrove swamps","kelp forests","seagrass meadows","Corals and other animals create limestone rock reefs near the shore. Coral reefs are the “rainforests of the oceans. ” They have a tremendous amount of species diversity ( Figure below ).",0.1428571428571428,0.1106566670344976,0.0896400485315692,0.0683515043291309,0.1714285714285714,6.75946339960931,0.935483870967742,0.0,0.1428571428571428,0.1071428571428571,0.0357142857142857
655,"FewShot_WithAnswer","NEB_Qwen3235BInstruct","What type of reaction absorbs heat from its surroundings as it proceeds?","endothermic","exothermic","thermophilic","isothermic","Endothermic reactions absorb heat from their surroundings.",0.5384615384615384,0.4070386632407062,0.3022549060092582,0.223836985202475,0.5714285714285715,3.8740805869753783,0.8333333333333334,0.0,0.1666666666666666,0.25,0.1666666666666666
656,"FewShot_WithAnswer","NEB_Qwen3235BInstruct","Which chamber of the heart receives blood from the atria and is responsible for pumping it to either the lungs or the systemic circulation?","ventricle","artery","capillary","atrium","The heart contains two pumps that move blood through the pulmonary and systemic circulations. There is one atrium and one ventricle on the right side and one atrium and one ventricle on the left side. The pumping of the heart is a function of cardiomyocytes, distinctive muscle cells that are striated like skeletal muscle but pump rhythmically and involuntarily like smooth muscle. The signal for contraction begins in the wall of the right atrium. The electrochemical signal causes the two atria to contract in unison; then the signal causes the ventricles to contract.",0.24,0.1385640646055101,0.0928317766722555,0.0767963426615869,0.2424242424242424,2.907732344016498,0.9166666666666666,0.0,0.1,0.05,0.1
657,"FewShot_WithAnswer","NEB_Qwen3235BInstruct","What process occurs when sediment carried by runoff, streams, and rivers wears down the shore over time, especially with larger waves and more sediment?","erosion","deposition","condensation","sublimation","Runoff, streams, and rivers carry sediment to the oceans. The sediment in ocean water acts like sandpaper. Over time, they erode the shore. The bigger the waves are and the more sediment they carry, the more erosion they cause.",0.1785714285714285,0.138320833793122,0.0891532427049822,0.0722536050883008,0.2702702702702702,9.339873848735886,0.9166666666666666,0.0,0.1739130434782608,0.0869565217391304,0.0434782608695652
658,"FewShot_WithAnswer","NEB_Qwen3235BInstruct","Which scientific discipline is most directly concerned with the study of animal behavior from the perspectives of evolution, genetics, anatomy, and physiology?","ethology","comparative psychology","neurobiology","behavioral ecology","45.7 | Behavioral Biology: Proximate and Ultimate Causes of Behavior By the end of this section, you will be able to: • Compare innate and learned behavior • Discuss how movement and migration behaviors are a result of natural selection • Discuss the different ways members of a population communicate with each other • Give examples of how species use energy for mating displays and other courtship behaviors • Differentiate between various mating systems • Describe different ways that species learn Behavior is the change in activity of an organism in response to a stimulus. Behavioral biology is the study of the biological and evolutionary bases for such changes. The idea that behaviors evolved as a result of the pressures of natural selection is not new. Animal behavior has been studied for decades, by biologists in the science of ethology, by psychologists in the science of comparative psychology, and by scientists of many disciplines in the study of neurobiology. Although there is overlap between these disciplines, scientists in these behavioral fields take different approaches. Comparative psychology is an extension of work done in human and behavioral psychology. Ethology is an extension of genetics, evolution, anatomy, physiology, and other biological disciplines. Still, one cannot study behavioral biology without touching on both comparative psychology and ethology.",0.4615384615384615,0.3263569759322527,0.204248368347965,0.137266998184705,0.4848484848484849,2.521154545206028,0.9090909090909092,0.0,0.1,0.05,0.05
659,"FewShot_WithAnswer","NEB_Qwen3235BInstruct","What are the biological catalysts that enable chemical reactions to occur rapidly enough to sustain life in living organisms?","enzymes","antibodies","nucleotides","lipids","Chemical reactions constantly occur inside living things. Many of these reactions require catalysts so they will occur quickly enough to support life. Catalysts in living things are called enzymes. Enzymes may be extremely effective. A reaction that takes a split second to occur with an enzyme might take many years without it!",0.3,0.2121320343559642,0.1332967736020425,0.1071017585921355,0.4,1.960880383277286,0.8947368421052632,0.0,0.1111111111111111,0.1111111111111111,0.1111111111111111
660,"FewShot_WithAnswer","NEB_Qwen3235BInstruct","What develops above ground when an underground fungus is ready to reproduce?","mushroom","spore","root","bloom","Mushrooms aren't around just so you can put them on your pizza. The mushroom is part of a large fungus that lives underground. The mushroom develops above the ground when the fungus is ready to reproduce.",0.3846153846153846,0.1720052290384453,0.1350933644909783,0.1223565835644643,0.3999999999999999,12.893829544335462,0.8333333333333334,0.0,0.4545454545454545,0.0909090909090909,0.0
661,"FewShot_WithAnswer","NEB_Qwen3235BInstruct","When sediments settle out of water, they form what type of layers?","horizontal layers","diagonal layers","spiral layers","random layers","When sediments settle out of water, they form horizontal layers. A layer of sediment is deposited. Then the next layer is deposited on top of that layer. So each layer in a sedimentary rock is younger than the layer under it ( Figure below ).",0.7857142857142857,0.6700593942604899,0.5917589470866653,0.5420705512883784,0.8181818181818182,4.808220434065418,0.8333333333333334,0.0,0.6666666666666666,0.5,0.25
662,"FewShot_WithAnswer","NEB_Qwen3235BInstruct","In the inner ear, where are the hair cells located that convert vibrations into electrical signals?","the cochlea","the eardrum","the auditory canal","the semicircular canals","In the inner ear, the vibrations are changed to electrical signals by hair cells lining the cochlea. The electrical signals then travel to the brain.",0.7222222222222222,0.5299662230094143,0.4042988295254904,0.333639284397303,0.6428571428571429,3.403737251676387,0.875,0.0,0.2142857142857142,0.2142857142857142,0.0714285714285714
664,"FewShot_WithAnswer","NEB_Qwen3235BInstruct","In which structure does a seed develop in an angiosperm?","an ovary","a cone","a stem","a root","In gymnosperms, a seed develops on the scale of a cone. Only an angiosperm seed develops inside an ovary.",0.1818181818181818,0.1285648693066449,0.1182355860773988,0.116412744733394,0.2857142857142857,7.897224689255914,0.8,0.0,0.125,0.125,0.125
665,"FewShot_WithAnswer","NEB_Qwen3235BInstruct","What factor does the efficiency of a machine primarily aim to reduce, as indicated by the relationship between input and output work?","friction","gravity","inertia","momentum","The efficiency of a machine is a measure of how well it reduces friction. It is calculated as the percent of input work that becomes output work.",0.2083333333333333,0.1863389981249824,0.165450078282168,0.1424465913886198,0.2580645161290323,5.864378216440298,0.9090909090909092,0.0,0.1578947368421052,0.1578947368421052,0.0
666,"FewShot_WithAnswer","NEB_Qwen3235BInstruct","What process do green algae use to produce their own food, as mentioned in the support text?","photosynthesis","respiration","fermentation","digestion","The green scum in this canal consists of billions of single-celled green algae. Algae are plant-like microorganisms that produce food by photosynthesis.",0.2105263157894736,0.1052631578947368,0.0850667997515768,0.0775725094058882,0.4545454545454545,7.054173030463415,0.8823529411764706,0.0,0.125,0.125,0.0
667,"FewShot_WithAnswer","NEB_Qwen3235BInstruct","In the context of thermodynamic systems, when work is done by a system, energy is ______ from the system.","removed","added","conserved","dissipated","Work done on a system puts energy into it. Work done by a system removes energy from it. Give an example for each statement. When solving for speed in Example 7.4, we kept only the positive root. Why?",0.3636363636363636,0.3401506715249037,0.3209407577569149,0.3015113445777636,0.56,5.2198575478951765,0.8947368421052632,0.0,0.2,0.4,0.0
668,"FewShot_WithAnswer","NEB_Qwen3235BInstruct","Organic compounds such as sugars and starches that provide energy and form structures like cell walls are known as what?","carbohydrates","proteins","nucleic acids","lipids","Carbohydrates are organic compounds such as sugars and starches. They provide energy and form structures such as cell walls.",0.3333333333333333,0.3086066999241837,0.287684791332394,0.2660812517643414,0.4848484848484849,2.4684612250728306,0.9,0.0,0.35,0.35,0.05
669,"FewShot_WithAnswer","NEB_Qwen3235BInstruct","On a map, what element found in the legend indicates horizontal distance?","scales","contours","gradients","bearings","Scales indicate horizontal distance and are also found on the map legend.",0.5714285714285714,0.3499271061118825,0.2660810452377661,0.1990513566583166,0.761904761904762,64.6661018992818,0.8333333333333334,0.0,0.2,0.3,0.1
670,"FewShot_WithAnswer","NEB_Qwen3235BInstruct","In the described organism, what structure is responsible for pumping blood and is located near the back?","heart","liver","kidney","brain","A main body cavity with an expanded circulatory system. Blood is pumped by a heart located near the back.",0.2631578947368421,0.1176877882894626,0.0916354321773963,0.0820229422787591,0.3636363636363636,21.590583711309424,0.8823529411764706,0.0,0.2,0.0666666666666666,0.0
671,"FewShot_WithAnswer","NEB_Qwen3235BInstruct","According to the text, which term best describes blood disorders that result from a lack of a specific nutrient?","simple","genetic","cancerous","chronic","Problems can occur with red blood cells, white blood cells, platelets, and other parts of the blood. Many blood disorders are genetic, meaning they are inherited from a parent. Some blood diseases are caused by not getting enough of a certain nutrient, while others are cancers of the blood.",0.0952380952380952,0.0673435029701473,0.0609799602374997,0.0587762605993922,0.0714285714285714,8.257539495864364,0.8947368421052632,0.0,0.125,0.0625,0.0625
672,"FewShot_WithAnswer","NEB_Qwen3235BInstruct","What are the feeding positions in a food chain or web referred to as, with most chains containing no more than four of them?","trophic levels","energy levels","consumption tiers","nutritional ranks","The feeding positions in a food chain or web are called trophic levels . The different trophic levels are defined in the Table below . Examples are also given in the table. All food chains and webs have at least two or three trophic levels. Generally, there are a maximum of four trophic levels.",0.3846153846153846,0.3440104580768907,0.3211937659482229,0.3016895955244171,0.5161290322580644,6.59405967943608,0.9166666666666666,0.0,0.3181818181818182,0.3181818181818182,0.3181818181818182
673,"FewShot_WithAnswer","NEB_Qwen3235BInstruct","In which type of human host cells do Plasmodium parasites primarily establish infection after being transmitted by an infected mosquito?","red blood cells","liver cells","white blood cells","nerve cells","Plasmodium protozoa cause malaria. The parasites are spread by a mosquito vector. Parasites enter a host’s blood through the bite of an infected mosquito. The parasites infect the host’s red blood cells, causing symptoms such as fever, joint pain, anemia, and fatigue.",0.0952380952380952,0.0673435029701473,0.0609799602374997,0.0587762605993922,0.0869565217391304,15.449339207396052,0.9,0.0,0.1052631578947368,0.0526315789473684,0.0
674,"FewShot_WithAnswer","NEB_Qwen3235BInstruct","Earthquakes produce both longitudinal and another type of wave that moves perpendicular to the direction of wave propagation; what is this second type of wave called?","transverse","compression","longitudinal","shear","Earthquakes cause longitudinal waves as well as transverse waves. The disturbance that causes an earthquake sends longitudinal waves through underground rocks in all directions from the disturbance. Earthquake waves that travel this way are called primary, or P, waves. They are illustrated in Figure below.",0.1071428571428571,0.0618589574131742,0.0521371326177129,0.0483188979023962,0.1142857142857142,8.080572767686899,0.8846153846153846,0.0,0.04,0.04,0.04
675,"FewShot_WithAnswer","NEB_Qwen3235BInstruct","In a hot-water heating system, what happens to the cycle of heating, circulating, and cooling water once it returns to the boiler?","it repeats itself","it stops completely","it changes to solar energy","it releases all energy into the atmosphere","Two common home heating systems are hot-water and warm-air heating systems. They burn fuel for thermal energy and transfer the energy to water or air. The heated water or air circulates throughout the house, transferring thermal energy to the air in each room.",0.1538461538461538,0.0769230769230769,0.0618573193629086,0.056039017346012,0.1666666666666666,3.3841253009335768,0.9090909090909092,0.0,0.0526315789473684,0.0526315789473684,0.1578947368421052
676,"FewShot_WithAnswer","NEB_Qwen3235BInstruct","In which medium does light travel more slowly when a straw appears bent due to refraction at the interface between water and air?","water","air","glass","vacuum","When light is refracted, it changes direction as it passes into a new medium and changes speed. The straw in the Figure below looks bent where light travels from water to air. Light travels more quickly in air than in water and changes direction. For a detailed explanation of how this happens, watch the animation at this URL:.",0.125,0.0721687836487032,0.0609523299844024,0.0566418022720049,0.2758620689655172,13.62302764372269,0.9130434782608696,0.0,0.0952380952380952,0.0476190476190476,0.0476190476190476
677,"FewShot_WithAnswer","NEB_Qwen3235BInstruct","What are chromosomes composed of at the molecular level?","dna and proteins","rna and lipids","carbohydrates and enzymes","nucleotides and amino acids","Chromosomes are coiled structures made of DNA and proteins. Chromosomes are the form of the genetic material of a cell during cell division. It is this coiled structure that ensures proper segregation of the chromosomes during cell division. During other phases of the cell cycle, DNA is not coiled into chromosomes. Instead, it exists as a grainy material called chromatin.",0.5,0.3872983346207417,0.3218297948685432,0.2540663740773073,0.6153846153846154,2.982875828901481,0.7777777777777778,0.0,0.125,0.375,0.125
678,"FewShot_WithAnswer","NEB_Qwen3235BInstruct","What is the general term for a group of atoms derived from an alkane by removing one hydrogen atom and replacing the -ane suffix with -yl?","alkyl group","aryl group","phenyl group","methyl radical","The general name for a group of atoms derived from an alkane is an alkyl group. The name of an alkyl group is derived from the name of the alkane by adding the suffix -yl. Thus the – CH3 fragment is a methyl group, the –CH2CH3 fragment is an ethyl group, and so forth, where the dash represents a single bond to some other atom or group. Similarly, groups of atoms derived from aromatic hydrocarbons are aryl groups, which sometimes have unexpected names. For example, the –C6H5 fragment is derived from benzene, but it is called a phenyl group. In general formulas and structures, alkyl and aryl groups are often abbreviated as R.",0.5185185185185185,0.4800548665487303,0.4458644043934783,0.4103832211062873,0.6060606060606061,2.9128086411865697,0.9230769230769232,0.0,0.3181818181818182,0.3181818181818182,0.1363636363636363
680,"FewShot_WithAnswer","NEB_Qwen3235BInstruct","Which materials have both a defined shape and a defined volume and do not take on the shape of their container?","solids","liquids","gases","plasmas","Solids are materials that have both a defined shape and a defined volume. They do not take on the shape of their container, as liquids and gases do. Solids can be either amorphous or crystalline. Amorphous solids (such as glass) do not have a well organized three-dimensional arrangement of molecules or atoms, so they lack a high level of order. On the other hand, crystalline solids display a highly ordered and predictable three-dimensional structure. In this section we will discuss the different types of crystalline solids.",0.5454545454545454,0.4723774929733301,0.4396931455335033,0.4153165929418432,0.5161290322580646,5.677813355286493,0.9047619047619048,0.0,0.4444444444444444,0.3888888888888889,0.0555555555555555
682,"FewShot_WithAnswer","NEB_Qwen3235BInstruct","What is the radioactive process used in nuclear power plants and one type of nuclear bomb called?","fission","fusion","radioactivation","neutron decay","Note Fission is the radioactive process used in nuclear power plants and one type of nuclear bomb.",0.9444444444444444,0.9162456945817024,0.904805872198302,0.8972605451592158,0.967741935483871,17.36101724293305,0.8823529411764706,0.0,0.875,0.9375,0.125
683,"FewShot_WithAnswer","NEB_Qwen3235BInstruct","Where may crossover occur on the chromosome according to the support text?","at different locations","only at the centromere","exclusively at gene B","randomly within the cytoplasm","Figure 17.11 Crossover may occur at different locations on the chromosome. Recombination between genes A and B is more frequent than recombination between genes B and C because genes A and B are farther apart; a crossover is therefore more likely to occur between them.",0.4615384615384615,0.3263569759322527,0.2608624186933975,0.2004289568874896,0.625,64.15751235842407,0.8333333333333334,0.0,0.2,0.4,0.1
684,"FewShot_WithAnswer","NEB_Qwen3235BInstruct","What are the largest groups of stars, consisting of millions to trillions of stars bound by gravity, called?","galaxies","clusters","constellations","nebulae","The biggest groups of stars are called galaxies. A few million to many billions of stars may make up a galaxy. With the unaided eye, every star you can see is part of the Milky Way Galaxy. All the other galaxies are extremely far away. The closest spiral galaxy, the Andromeda Galaxy, shown in Figure below , is 2,500,000 light years away and contains one trillion stars!",0.3809523809523809,0.3299144395369289,0.253686857640743,0.1712123453563818,0.5,6.389431212043027,0.8888888888888888,0.0,0.1764705882352941,0.1764705882352941,0.0588235294117647
685,"FewShot_WithAnswer","NEB_Qwen3235BInstruct","Which environmental factor can lead to the degradation of natural resources and negatively impact food preservation, similar to how bread left out is affected by external conditions?","pollution","refrigeration","mold growth","copyright licensing","Left: Ciar; Right: Jeff Keacher. Bread left out grows mold, bread in refrigerator stays fresh. Left: Public Domain; Right: CC BY 2.0.",0.1379310344827586,0.0689655172413793,0.0553820024789747,0.0500824481421182,0.1111111111111111,9.47903093002324,0.925925925925926,0.0,0.1153846153846153,0.0384615384615384,0.0
687,"FewShot_WithAnswer","NEB_Qwen3235BInstruct","What process causes certain traits to become more common in a population over generations because natural processes favor those traits for survival and reproduction?","natural selection","genetic drift","mutation","adaptation","Natural selection can change a species or even make a new species. Natural processes favor some traits over others in a population. This causes those traits to be more common in subsequent generations.",0.36,0.24,0.1930978769211259,0.1581825833865693,0.4102564102564102,4.633033454289302,0.9166666666666666,0.0,0.1304347826086956,0.1739130434782608,0.0434782608695652
688,"FewShot_WithAnswer","NEB_Qwen3235BInstruct","According to the support text, where is evaporation of moisture greatest?","hot and sunny","cold and cloudy","warm and rainy","cool and foggy","Evaporation of moisture is greatest where it is hot and sunny. Therefore, cold climates with low precipitation may not be as dry as warm climates with the same amount of precipitation.",0.4615384615384615,0.2664693550105965,0.1808718990554429,0.1522930738810392,0.6666666666666665,10.070932277783363,0.8181818181818182,0.0,0.3,0.3,0.0
689,"FewShot_WithAnswer","NEB_Qwen3235BInstruct","In which structural and functional units of the kidneys does the actual removal of wastes from the blood occur?","nephrons","neurons","alveoli","lysosomes","The actual removal of wastes from the blood occurs in tiny units inside the kidneys called nephrons. Nephrons are the structural and functional units of the kidneys. A single kidney may have more than a million nephrons! This is further discussed in the Urinary System concept.",0.45,0.3968626966596885,0.3677556913242761,0.3428419263967096,0.5,7.211262156988245,0.8947368421052632,0.0,0.375,0.375,0.0625
691,"FewShot_WithAnswer","NEB_Qwen3235BInstruct","How is the gap between two DNA fragments sealed during prokaryotic DNA replication?","by dna ligase","by dna pol","by helicase","by rna primase","DNA polymerase starts adding nucleotides to the 3'-OH end of the primer. Elongation of both the lagging and the leading strand continues. RNA primers are removed by exonuclease activity. Gaps are filled by DNA pol by adding dNTPs. The gap between the two DNA fragments is sealed by DNA ligase, which helps in the formation of phosphodiester bonds. Table 14.1 summarizes the enzymes involved in prokaryotic DNA replication and the functions of each.",0.5,0.3273268353539885,0.2544973642899968,0.1925161443439356,0.6666666666666666,4.032014506238652,0.8461538461538461,0.0,0.4166666666666667,0.4166666666666667,0.0833333333333333
692,"FewShot_WithAnswer","NEB_Qwen3235BInstruct","In the context of light reflection, what are the arrows called that represent waves of light striking and bouncing off a surface?","rays","waves","particles","beams","In the Figure below , you can see how both types of reflection occur. Waves of light are represented by arrows called rays. Rays that strike the surface are referred to as incident rays, and rays that reflect off the surface are known as reflected rays. In regular reflection, all the rays are reflected in the same direction. This explains why regular reflection forms a clear image. In diffuse reflection, the rays are reflected in many different directions. This is why diffuse reflection forms, at best, a blurry image. You can see animations of both types of reflection at this URL: http://toolboxes. flexiblelearning. net. au/demosites/series5/508/Laboratory/StudyNotes/snReflectionMirrors. htm.",0.2083333333333333,0.0931694990624912,0.0722669781381967,0.0643575126930748,0.2962962962962963,6.836904212364219,0.9090909090909092,0.0,0.1578947368421052,0.0526315789473684,0.0526315789473684
693,"FewShot_WithAnswer","NEB_Qwen3235BInstruct","What is the primary source of energy that powers photosynthesis and heats the Earth and its atmosphere?","sun","volcanoes","geothermal vents","the moon","Almost all energy on Earth comes from the Sun. The Sun’s energy heats the planet and the air around it. Sunlight also powers photosynthesis and life on Earth.",0.2222222222222222,0.111111111111111,0.0898853029645731,0.0820798434175753,0.1739130434782609,2.385262371562848,0.8823529411764706,0.0,0.2,0.0666666666666666,0.2
694,"FewShot_WithAnswer","NEB_Qwen3235BInstruct","What is the name of the carbohydrate formed when two monosaccharides undergo a dehydration reaction to form a glycosidic bond?","disaccharide","polysaccharide","glycogen","peptidoglycan","If two monosaccharides bond together, they form a carbohydrate called a disaccharide . Two monosaccharides will bond together through a dehydration reaction, in which a water molecule is lost. A dehydration reaction is a condensation reaction , a chemical reaction in which two molecules combine to form one single molecule, losing a small molecule in the process. In the dehydration reaction, this small molecule is water. The bond between two monosaccharides is known as a glycosidic bond .",0.3333333333333333,0.2182178902359923,0.1335314515048662,0.1058033155009384,0.3703703703703703,1.5470491346476545,0.9,0.0,0.125,0.125,0.375
695,"FewShot_WithAnswer","NEB_Qwen3235BInstruct","According to the text, what factor determines the exact amount of time a planet takes to make one revolution around the Sun?","distance","speed","size","temperature","The distance between the Earth and the Sun is about 150 million kilometers. Earth revolves around the Sun at an average speed of about 27 kilometers (17 miles) per second. Mercury and Venus are closer to the Sun, so they take shorter times to make one orbit. Mercury takes only about 88 Earth days to make one trip around the Sun. All of the other planets take longer amounts of time. The exact amount depends on the planet's distance from the Sun. Saturn takes more than 29 Earth years to make one revolution around the Sun.",0.25,0.1767766952966369,0.1107577339957576,0.0886492113234751,0.2962962962962963,4.244722497279988,0.9090909090909092,0.0,0.3333333333333333,0.1111111111111111,0.0555555555555555
696,"FewShot_WithAnswer","NEB_Qwen3235BInstruct","In aerobic respiration, what molecule serves as the final electron acceptor in the electron transport chain?","oxygen","carbon dioxide","glucose","water","In aerobic respiration, the final electron acceptor is an oxygen molecule, O2. If aerobic respiration occurs, then ATP will be produced using the energy of high-energy electrons carried by NADH or FADH2 to the electron transport chain. If aerobic respiration does not occur, NADH must be reoxidized to NAD+ for reuse as an electron carrier for the glycolytic pathway to continue. How is this done? Some living systems use an organic molecule as the final electron acceptor. Processes that use an organic molecule to regenerate NAD+ from NADH are collectively referred to as fermentation. In contrast, some living systems use an inorganic molecule as a final electron acceptor. Both methods are called anaerobic cellular respiration in which organisms convert energy for their use in the absence of oxygen.",0.2669124676389359,0.1089665586170867,0.0823902627881784,0.0727360058825034,0.1333333333333333,3.3781019715781757,0.875,0.0,0.2857142857142857,0.0714285714285714,0.1428571428571428
698,"FewShot_WithAnswer","NEB_Qwen3235BInstruct","In the analogy between electricity flowing through a wire and water flowing through a hose, what property of the wire determines how easily current can pass through it, similar to how the width of a hose affects water flow?","resistance","voltage","conductance","capacitance","A wide wire has less resistance than a narrow wire of the same material. Electricity flowing through a wire is like water flowing through a hose. More water can flow through a wide hose than a narrow hose. In a similar way, more current can flow through a wide wire than a narrow wire.",0.2857142857142857,0.1428571428571428,0.0998504484308833,0.0706313515864276,0.326530612244898,3.553527455776078,0.9230769230769232,0.0,0.1212121212121212,0.0606060606060606,0.0303030303030303
699,"FewShot_WithAnswer","NEB_Qwen3235BInstruct","What are the two distinct layers formed when oil and water do not mix called?","phases","solutions","compounds","emulsions","Oil and water do not mix, instead forming two distinct layers called phases. The oil phase is less dense than the water phase and so the oil floats on top of the water.",0.625,0.5229125165837972,0.4500342909397045,0.3738371953053051,0.8148148148148148,15.959508841399286,0.8666666666666667,0.0,0.4285714285714285,0.4285714285714285,0.0714285714285714
700,"FewShot_WithAnswer","NEB_Qwen3235BInstruct","Which carboxylic acid is naturally found in citrus fruits such as oranges and lemons?","citric acid","lactic acid","acetic acid","formic acid","Many carboxylic acids occur naturally in plants and animals. Citrus fruits such as oranges and lemons contain citric acid.",0.3333333333333333,0.2108185106778919,0.1469703794361231,0.1250076305588977,0.4,2.611853959401669,0.8571428571428571,0.0,0.5,0.2142857142857142,0.1428571428571428
701,"FewShot_WithAnswer","NEB_Qwen3235BInstruct","What is the term for the buildup of plaque, consisting of cell debris and cholesterol, inside arteries that narrows the arterial walls and reduces blood flow?","atherosclerosis","hypertension","bronchitis","osteoporosis","Atherosclerosis is the buildup of plaque inside arteries (see Figure below ). Plaque consists of cell debris, cholesterol, and other substances. Factors that contribute to plaque buildup include a high-fat diet and smoking. As plaque builds up, it narrows the arteries and reduces blood flow. You can watch an animation about atherosclerosis at these links: http://www. youtube. com/watch?v=fLonh7ZesKs and http://www. youtube. com/watch?v=qRK7-DCDKEA .",0.5172413793103449,0.4223258177212377,0.354605192449304,0.3014465917969349,0.6857142857142856,4.589230654484574,0.9230769230769232,0.0,0.1739130434782608,0.3043478260869565,0.0869565217391304
702,"FewShot_WithAnswer","NEB_Qwen3235BInstruct","Where does the majority of chemical digestion take place in the human digestive system?","small intestine","stomach","mouth","esophagus","Chemical digestion occurs mainly in the small intestine.",0.5333333333333333,0.3265986323710904,0.1967736293612394,0.1555927418189939,0.5217391304347826,2.0257896162141527,0.8571428571428571,0.0,0.1666666666666666,0.1666666666666666,0.1666666666666666
703,"FewShot_WithAnswer","NEB_Qwen3235BInstruct","What is the main cause of skin cancer according to the text?","uv light","genetic mutations","pollution","bacterial infection","Skin cancer is a disease in which skin cells grow out of control. It is caused mainly by excessive exposure to UV light. People with lighter skin are at greater risk of developing skin cancer because they have less melanin to block harmful UV radiation. The best way to prevent skin cancer is to avoid UV exposure by using sunscreen and wearing protective clothing.",0.6923076923076923,0.6105579948610593,0.5712259777725912,0.5395109853676858,0.8000000000000002,3.16044200884978,0.8333333333333334,0.0,0.2,0.7,0.1
704,"FewShot_WithAnswer","NEB_Qwen3235BInstruct","How many phases are involved in the process of mitosis according to the text?","four","three","five","six","Mitosis actually occurs in four phases. The phases are called prophase, metaphase, anaphase, and telophase. They are shown in Figure below and described in greater detail in the following sections.",0.2666666666666666,0.1885618083164127,0.1364352144125084,0.1182249176624464,0.5263157894736842,4.133429940383113,0.8571428571428571,0.0,0.1666666666666666,0.25,0.1666666666666666
705,"FewShot_WithAnswer","NEB_Qwen3235BInstruct","What are the two main types of cells that are produced in bone marrow and must be 'switched on' to fight a specific pathogen?","lymphocytes","erythrocytes","platelets","phagocytes","There are two main types of lymphocytes, called B cells and T cells. Both types of lymphocytes are produced in bone marrow. They are named for the sites where they grow and mature. The B in B cells stands for bone marrow, where B cells mature. The T in T cells stands for thymus gland, where T cells mature. Both B cells and T cells must be “switched on” in order to fight a specific pathogen. Once this happens, they produce an “army” of cells that are ready to fight that particular pathogen.",0.2307692307692307,0.1332346775052982,0.089213692271523,0.0737514944404804,0.2758620689655172,2.67015490600835,0.9166666666666666,0.0,0.2272727272727272,0.0909090909090909,0.0909090909090909
706,"FewShot_WithAnswer","NEB_Qwen3235BInstruct","Which group of invertebrates includes insects, spiders, centipedes, and lobsters, and is characterized by three body segments, a hard exoskeleton, and jointed appendages?","arthropod","mollusk","annelid","cnidarian","Arthropods are invertebrates in the Phylum Arthropoda. They include insects, spiders, centipedes, and lobsters. Traits of arthropods include three body segments, a hard exoskeleton, and jointed appendages. The arthropod life cycle may include larva and pupa stages and the process of metamorphosis.",0.5666666666666667,0.4346134936801765,0.3884635796508097,0.3597457896400555,0.6829268292682926,3.63999147442383,0.9130434782608696,0.0,0.3636363636363636,0.3636363636363636,0.1818181818181818
707,"FewShot_WithAnswer","NEB_Qwen3235BInstruct","Which type of curved mirror is shaped like the outside of a bowl and forms only virtual, right-side up, and smaller images?","convex","concave","spherical","flat","The other type of curved mirror, a convex mirror, is shaped like the outside of a bowl. Because of its shape, it can gather and reflect light from a wide area. As you can see in the Figure below , a convex mirror forms only virtual images that are right-side up and smaller than the actual object. You can see how a convex mirror forms an image in the animation at this URL: http://physics. slss. ie/resources/convex%20mirror. swf.",0.48,0.4381780460041329,0.4,0.3735833777862493,0.6,14.669020900057474,0.9090909090909092,0.0,0.35,0.35,0.1
708,"FewShot_WithAnswer","NEB_Qwen3235BInstruct","Under what conditions do liquids become solids according to the support text?","at low temperatures","at high pressures","at room temperature","at boiling points","We tend to think of solids as those materials that are solid at room temperature. However, all materials have melting points of some sort. Gases become solids at extremely low temperatures, and liquids will also become solid if the temperature is low enough. The Table below gives the melting points of some common materials.",0.3846153846153846,0.297921795862109,0.2454809345715349,0.1914984022071917,0.4444444444444444,16.446159450320025,0.8333333333333334,0.0,0.1818181818181818,0.2727272727272727,0.0909090909090909
709,"FewShot_WithAnswer","NEB_Qwen3235BInstruct","What term describes the full range of wavelengths and frequencies of electromagnetic radiation, where wavelength, frequency, and energy change continuously?","electromagnetic spectrum","electromagnetic continuum","radiant energy array","wave energy scale","The electromagnetic spectrum is the full range of wavelengths and frequencies of electromagnetic radiation. Wavelength, frequency, and energy change continuously across the electromagnetic spectrum.",0.4166666666666667,0.3952847075210474,0.3787861220823229,0.3626305461419687,0.6,5.387164009963316,0.9,0.0,0.4736842105263157,0.4736842105263157,0.1578947368421052
710,"FewShot_WithAnswer","NEB_Qwen3235BInstruct","Which organelle has its own circular DNA, divides by binary fission, and possesses ribosomes and transfer RNAs similar to those found in prokaryotes, suggesting it was once a free-living prokaryote?","mitochondria","lysosomes","Golgi apparatus","endoplasmic reticulum","Mitochondria divide on their own by a process that resembles binary fission in prokaryotes. Mitochondria have their own circular DNA chromosome that carries genes similar to those expressed by bacteria. Mitochondria also have special ribosomes and transfer RNAs that resemble these components in prokaryotes. These features all support that mitochondria were once free-living prokaryotes. Chloroplasts Chloroplasts are one type of plastid, a group of related organelles in plant cells that are involved in the storage of starches, fats, proteins, and pigments. Chloroplasts contain the green pigment chlorophyll and play a role in photosynthesis. Genetic and morphological studies suggest that plastids evolved from the endosymbiosis of an ancestral cell that engulfed a photosynthetic cyanobacterium. Plastids are similar in size and shape to cyanobacteria and are enveloped by two or more membranes, corresponding to the inner and outer membranes of cyanobacteria. Like mitochondria, plastids also contain circular genomes and divide by a process reminiscent of prokaryotic cell division. The chloroplasts of red and green algae.",0.2352941176470588,0.1440876319284222,0.0856866484026677,0.0665882148839995,0.2857142857142857,3.4059810161497204,0.9333333333333332,0.0,0.1379310344827586,0.0689655172413793,0.0344827586206896
711,"FewShot_WithAnswer","NEB_Qwen3235BInstruct","What structures line the bronchi and sweep trapped particles and mucus toward the throat so they can be expelled from the body?","cilia","alveoli","cartilage","capillaries","In the chest, the trachea divides as it enters the lungs to form the right and left bronchi. The bronchi contain cartilage, which prevents them from collapsing. Mucus in the bronchi traps any remaining particles in air. Tiny hairs called cilia line the bronchi and sweep the particles and mucus toward the throat so they can be expelled from the body.",0.217391304347826,0.1683905802698876,0.1371137369056497,0.1052581909895052,0.2222222222222221,14.175217852474365,0.9090909090909092,0.0,0.631578947368421,0.1052631578947368,0.0526315789473684
712,"FewShot_WithAnswer","NEB_Qwen3235BInstruct","What is the term for the recurring process that involves the buildup and breakdown of the uterine lining, including menstruation, and repeats approximately every month in the absence of pregnancy?","menstrual cycle","ovulation phase","fertilization cycle","gestational period","If a sperm does not enter an egg, the lining of the uterus breaks down. Blood and other tissues from the lining break off from the uterus. They pass through the vagina and out of the body. This is called menstruation. Menstruation is also called a menstrual period. It lasts about 4 days, on average. When the menstrual period ends, the cycle repeats. Some women feel discomfort during this process.",0.1515151515151515,0.0677596356818118,0.0523516911364483,0.0463828695130991,0.1463414634146341,3.501626140979856,0.9333333333333332,0.0,0.04,0.04,0.0
713,"FewShot_WithAnswer","NEB_Qwen3235BInstruct","Corrosion of metals is primarily driven by which type of process?","electrochemical process","mechanical erosion","thermal expansion","nuclear decay","Corrosion is usually defined as the degradation of metals due to an electrochemical process. The formation of rust on iron, tarnish on silver, and the blue-green patina that develops on copper are all examples of corrosion. The total cost of corrosion in the United States is significant, with estimates in excess of half a trillion dollars a year.",0.3833518394288847,0.2424529915620835,0.1700423379013778,0.1458377646085636,0.3636363636363636,8.685189219622805,0.8181818181818182,0.0,0.1818181818181818,0.1818181818181818,0.0909090909090909
714,"FewShot_WithAnswer","NEB_Qwen3235BInstruct","What type of organism lives in or on a host, obtaining nutrients and shelter while causing harm to the host?","parasite","predator","commensal","saprophyte","A parasite generally lives in or on its host. An example of a parasite that lives in its host is the hookworm. Figure below shows two hookworms living inside a human host’s intestines. The hookworms obtain nutrients and shelter from their host, which is harmed by the loss of nutrients and blood.",0.4545454545454545,0.4065578140908709,0.3401457990873979,0.2771862279683456,0.6206896551724137,6.4507347273032,0.9,0.0,0.2222222222222222,0.2222222222222222,0.0555555555555555
715,"FewShot_WithAnswer","NEB_Qwen3235BInstruct","What is the primary reason alpine tundra climates are very cold, despite occurring at any latitude?","high altitude above sea level","proximity to the equator","ocean currents","thick forest cover","Alpine tundra climates occur at high altitudes at any latitude. They are also called highland climates. These regions are very cold because they are so far above sea level. The alpine tundra climate is very similar to the polar tundra climate.",0.3333333333333333,0.1924500897298752,0.1296370395776068,0.1080231489090806,0.3478260869565218,8.935754743878103,0.875,0.0,0.2,0.1333333333333333,0.1333333333333333
716,"FewShot_WithAnswer","NEB_Qwen3235BInstruct","What cellular structure is described as providing internal support, similar to the frame of a house, and is composed of green filaments and red tubules in the photograph?","cytoskeleton","nucleus","cytoplasm","mitochondria","Cytoskeleton. The cytoskeleton gives the cell an internal structure, like the frame of a house. In this photograph, filaments and tubules of the cytoskeleton are green and red, respectively. The blue dots are cell nuclei.",0.3225806451612903,0.2498698933037042,0.2183193371647421,0.1946411453227747,0.3529411764705882,11.104469435672666,0.9285714285714286,0.0,0.12,0.12,0.04
717,"FewShot_WithAnswer","NEB_Qwen3235BInstruct","In a parasitic relationship, what is the term for the species that benefits and harms the host?","parasite","predator","commensal","mutualist","species that benefits and harms a host in a parasitic relationship.",0.5789473684210527,0.4618402309153748,0.414273756935416,0.380273303822121,0.6956521739130435,4.618105121884146,0.8823529411764706,0.0,0.4615384615384615,0.4615384615384615,0.2307692307692307
720,"FewShot_WithAnswer","NEB_Qwen3235BInstruct","What term describes reptiles whose internal body temperature depends on the temperature of their environment, often seen when they sunbathe to warm up?","ectothermic","endothermic","homoeothermic","poikilothermic","Reptiles are tetrapods (four-legged) and ectothermic , meaning their internal temperature depends on the temperature of their environment. This is why you may see reptiles sunbathing as they use the energy from the sun to warm their bodies. Usually the sense organs of reptiles, like ears, are well developed, though snakes do not have external ears. All reptiles have advanced eyesight. Reptiles also have a sense of smell. Crocodilians, turtles, and tortoises smell like most other land vertebrates. But, some lizards, and all snakes, smell with their tongues, which is flicked out of the mouth to pick up scent molecules from the air.",0.44,0.3752332607858743,0.3450085180748273,0.3217201161838224,0.5641025641025642,6.931205318686402,0.9130434782608696,0.0,0.3181818181818182,0.3181818181818182,0.0454545454545454
721,"FewShot_WithAnswer","NEB_Qwen3235BInstruct","Which structures in the nasal passages are responsible for detecting hundreds of different chemical substances in the air, contributing significantly to the perception of flavor?","odor receptors","taste buds","epiglottis","cilia","Odor receptors line the passages of the nose (see Figure below ). They sense chemicals in the air. In fact, odor receptors can sense hundreds of different chemicals. Did you ever notice that food seems to have less taste when you have a stuffy nose? This occurs because the sense of smell contributes to the sense of taste, and a stuffy nose interferes with the ability to smell.",0.2962962962962963,0.1814436846506057,0.1363055230658936,0.1003229024099281,0.25,5.116096829916495,0.92,0.0,0.1363636363636363,0.0909090909090909,0.0
722,"FewShot_WithAnswer","NEB_Qwen3235BInstruct","In which type of cells is telomerase typically active, according to the support text?","stem cells","neurons","muscle cells","red blood cells","Telomerase is typically active in germ cells and adult stem cells. It is not active in adult somatic cells. For her discovery of telomerase and its action, Elizabeth Blackburn (Figure 14.16) received the Nobel Prize for Medicine and Physiology in 2009.",0.3125,0.1976423537605237,0.1375803020372761,0.11678449443205,0.5217391304347826,13.14180058733204,0.8571428571428571,0.0,0.1538461538461538,0.1538461538461538,0.0769230769230769
723,"FewShot_WithAnswer","NEB_Qwen3235BInstruct","What are materials called that can conduct electricity with 100% efficiency, meaning no energy is lost during electrical transmission?","superconductors","semiconductors","insulators","resistors","Many chemists are currently working in the field of superconductivity. Superconductors are materials that are able to conduct electricity with 100% efficiency, meaning that no energy is lost during the electrical transmission, as happens with conventional conducting materials like copper cable. The challenge is to design materials that can act as superconductors at normal temperatures, as opposed to only being able to superconduct at very low temperatures.",0.7535445711145023,0.6468389488478788,0.5761221600705396,0.5082711265753486,0.8,5.182895758893412,0.8947368421052632,0.0,0.3684210526315789,0.3684210526315789,0.1052631578947368
724,"FewShot_WithAnswer","NEB_Qwen3235BInstruct","Scientific notation is a way of writing very large or very small numbers that uses which mathematical concept?","exponents","fractions","decimals","percentages","Scientific notation is a way of writing very large or very small numbers that uses exponents. Numbers are written in this format:.",0.4210526315789473,0.3646422752776583,0.3330252616852397,0.3053237945698571,0.5333333333333333,10.747876236481565,0.8888888888888888,0.0,0.8235294117647058,0.3529411764705882,0.3529411764705882
725,"FewShot_WithAnswer","NEB_Qwen3235BInstruct","Which phenomenon has properties that include speed, loudness, and pitch, with its speed varying depending on the medium it travels through?","sound","light","heat","electricity","Properties of sound include speed, loudness, and pitch. The speed of sound varies in different media. The loudness of sound depends on the intensity of sound waves. The pitch of sound depends on the frequency of sound waves.",0.28,0.2366431913239846,0.2105453199218793,0.1867916888931247,0.3571428571428571,5.279561450746815,0.9047619047619048,0.0,0.25,0.2,0.05
726,"FewShot_WithAnswer","NEB_Qwen3235BInstruct","What type of symbols represent radioactive nuclei and particles by indicating their numbers of protons and neutrons?","nuclear","chemical","ionic","molecular","Radioactive nuclei and particles are represented by nuclear symbols that indicate their numbers of protons and neutrons. For example, an alpha particle (helium nucleus) is represented by the symbol , where He is the chemical symbol for helium, the subscript 2 is the number of protons, and the superscript 4 is the mass number (2 protons + 2 neutrons).",0.3333333333333333,0.2357022603955158,0.1869689646267278,0.1421664590765384,0.4615384615384615,5.63019954175902,0.8823529411764706,0.0,0.3529411764705882,0.2352941176470588,0.1764705882352941
728,"FewShot_WithAnswer","NEB_Qwen3235BInstruct","What are the tiny air sacs in the lungs that provide a large surface area for gas exchange?","tiny air sacs in the lungs","bronchial tubes","pulmonary capillaries","respiratory cilia","Mammalian lungs have millions of tiny air sacs called alveoli. They provide a very large surface area for gas exchange.",0.1578947368421052,0.128920512778062,0.0973771772440622,0.0858480936252796,0.2222222222222222,2.489661029050737,0.8888888888888888,0.0,0.4,0.1333333333333333,0.3333333333333333
729,"FewShot_WithAnswer","NEB_Qwen3235BInstruct","What structural feature is essential in preventing railroad tracks and roadways from buckling on hot days due to thermal expansion?","expansion joints","reinforced concrete","thermal insulation","drainage systems","Forces and pressures created by thermal stress are typically as great as that in the example above. Railroad tracks and roadways can buckle on hot days if they lack sufficient expansion joints. (See Figure 13.14. ) Power lines sag more in the summer than in the winter, and will snap in cold weather if there is insufficient slack. Cracks open and close in plaster walls as a house warms and cools. Glass cooking pans will crack if cooled rapidly or unevenly, because of differential contraction and the.",0.3333333333333333,0.2817180849095055,0.2283355701981471,0.1582128588834926,0.4705882352941176,5.139736800680367,0.9,0.0,0.2,0.2,0.0
730,"FewShot_WithAnswer","NEB_Qwen3235BInstruct","Which substance is described as a complex mixture of water, proteins, fats, carbohydrates, and minerals, where the fats and some proteins are held in suspension rather than dissolved?","milk","blood","plasma","urine","Milk is a complex mixture of water, proteins, fats, carbohydrates, and minerals. While the minerals and carbohydrates are water-soluble, the fats and some of the proteins do not dissolve but are held in suspension.",0.4705882352941176,0.4075413664867947,0.3692125755825449,0.3449296251658339,0.4878048780487804,3.5424828362680123,0.9285714285714286,0.0,0.3461538461538461,0.2692307692307692,0.0384615384615384
731,"FewShot_WithAnswer","NEB_Qwen3235BInstruct","What disease results from the unchecked cell division caused by the breakdown of mechanisms regulating the cell cycle, leading to tumorous growth?","cancer","diabetes","hypertension","osteoporosis","6.3 Cancer and the Cell Cycle Cancer is the result of unchecked cell division caused by a breakdown of the mechanisms regulating the cell cycle. The loss of control begins with a change in the DNA sequence of a gene that codes for one of the regulatory molecules. Faulty instructions lead to a protein that does not function as it should. Any disruption of the monitoring system can allow other mistakes to be passed on to the daughter cells. Each successive cell division will give rise to daughter cells with even more accumulated damage. Eventually, all checkpoints become nonfunctional, and rapidly reproducing cells crowd out normal cells, resulting in tumorous growth.",0.7083333333333334,0.5697830971323893,0.4623062616260344,0.3871097970399476,0.742857142857143,5.132717555150776,0.9090909090909092,0.0,0.5789473684210527,0.5789473684210527,0.1052631578947368
732,"FewShot_WithAnswer","NEB_Qwen3235BInstruct","In recombinant DNA technology, what term refers to an exact genetic copy of a gene or organism produced through gene cloning?","clone","vector","allele","hybrid","Recombinant DNA technology is used in gene cloning. A clone is an exact genetic copy. Genes are cloned for many reasons, including use in medicine and in agriculture.",0.2608695652173913,0.2129991080681024,0.1835769067870791,0.1557995543665952,0.3846153846153846,5.515633567410985,0.9047619047619048,0.0,0.1578947368421052,0.1578947368421052,0.1052631578947368
733,"FewShot_WithAnswer","NEB_Qwen3235BInstruct","Only recent rocks point to the current location of the what?","north magnetic pole","geographic equator","tectonic boundary","mantle plume","Rocks on different continents that are the same age point to different locations. Only recent rocks point to the current north magnetic pole.",0.3333333333333333,0.2886751345948128,0.2474488015799764,0.1972940627795883,0.3529411764705882,34.042510877814976,0.8181818181818182,0.0,0.6666666666666666,0.3333333333333333,0.1111111111111111
735,"FewShot_WithAnswer","NEB_Qwen3235BInstruct","What type of equations do the two simplest models of population growth use to describe the rate of change in population size over time?","deterministic equations","stochastic equations","probabilistic models","randomized functions","Population Growth The two simplest models of population growth use deterministic equations (equations that do not account for random events) to describe the rate of change in the size of a population over time. The first of these models, exponential growth, describes theoretical populations that increase in numbers without any limits to their growth. The second model, logistic growth, introduces limits to reproductive growth that become more intense as the population size increases. Neither model adequately describes natural populations, but they provide points of comparison. Exponential Growth Charles Darwin, in developing his theory of natural selection, was influenced by the English clergyman Thomas Malthus. Malthus published his book in 1798 stating that populations with abundant natural resources grow very rapidly; however, they limit further growth by depleting their resources. The early pattern of accelerating population size is called exponential growth. The best example of exponential growth in organisms is seen in bacteria. Bacteria are prokaryotes that reproduce largely by binary fission. This division takes about an hour for many bacterial species. If 1000 bacteria are placed in a large flask with an abundant supply of nutrients (so the nutrients will not become quickly depleted), the number of bacteria will have doubled from 1000 to 2000 after just an hour. In another hour, each of the 2000 bacteria will divide, producing 4000 bacteria. After the third hour, there should be 8000 bacteria in the flask. The important concept of exponential growth is that the growth rate—the number of organisms added in each reproductive generation—is itself increasing; that is, the.",0.84,0.7099295739719539,0.6316359597656379,0.5603750666793741,0.9268292682926828,2.5956767927938844,0.9166666666666666,0.0,0.3181818181818182,0.3181818181818182,0.0909090909090909
736,"FewShot_WithAnswer","NEB_Qwen3235BInstruct","What is the term for the process in which ions separate from each other when a solid ionic compound dissolves in water?","dissociation","diffusion","ionization","condensation","Dissociation is the separation of ions that occurs when a solid ionic compound dissolves.",0.4782608695652174,0.407862239984646,0.356657906930639,0.3048941323960481,0.5161290322580646,2.2356323611148867,0.9090909090909092,0.0,0.2631578947368421,0.2631578947368421,0.2631578947368421
737,"FewShot_WithAnswer","NEB_Qwen3235BInstruct","Which of the following is unrelated to the hazards described in the handling and disposal of paints?","magnetic fields","toxic fumes","flammable liquids","ground contamination","Paints can be both toxic and flammable. Paints may spill on the ground or be thrown improperly in the trash.",0.111111111111111,0.0785674201318386,0.0713420122412218,0.0690206460944253,0.0952380952380952,19.647659117963805,0.8823529411764706,0.0,0.0714285714285714,0.0714285714285714,0.0714285714285714
738,"FewShot_WithAnswer","NEB_Qwen3235BInstruct","Which intermolecular force forms between a highly electronegative oxygen or nitrogen atom and a hydrogen atom bonded to another oxygen or nitrogen in polar amino acid side chains, playing a critical role in stabilizing both intra- and intermolecular protein structures?","hydrogen bonding","disulfide linkages","ionic bonding","van der Waals forces","Hydrogen bonding. Hydrogen bonding forms between a highly electronegative oxygen atom or a nitrogen atom and a hydrogen atom attached to another oxygen atom or a nitrogen atom, such as those found in polar amino acid side chains. Hydrogen bonding (as well as ionic attractions) is extremely important in both the intra- and intermolecular interactions of proteins (part (b) of http://catalog. flatworldknowledge. com/bookhub/reader/2547 - gob-ch18_s04_s01_f05). Disulfide linkages. Two cysteine amino acid units may be brought close together as the protein molecule folds. Subsequent oxidation and linkage of the sulfur atoms in the highly reactive sulfhydryl (SH) groups leads to the formation of cystine (part (c) ofhttp://catalog. flatworldknowledge. com/bookhub/reader/2547 - gob-ch18_s04_s01_f05). Intrachain disulfide linkages are found in many proteins, including insulin (yellow bars in http://catalog. flatworldknowledge. com/bookhub/reader/2547 - gob-ch18_s04_s01_f01) and have a strong stabilizing effect on the tertiary structure.",0.1666666666666666,0.1543033499620919,0.1426633066043417,0.1305371763704689,0.2553191489361702,3.2928058261312025,0.925,0.0,0.1621621621621621,0.1621621621621621,0.027027027027027
739,"FewShot_WithAnswer","NEB_Qwen3235BInstruct","Body waves and surface waves are the two major types of what, which geologists analyze to understand the composition of Earth's interior?","seismic waves","tidal waves","electromagnetic waves","pressure waves","Geologists study earthquake waves to “see” Earth's interior. Waves of energy radiate out from an earthquake’s focus. These waves are called seismic waves ( Figure below ). Seismic waves go different speeds through different materials. They change speed when they go from one type of material to another. This causes them to bend. Some seismic waves do not travel through liquids or gases. They just stop. Scientists use information from seismic waves to understand what makes up the Earth’s interior.",0.2,0.0894427190999916,0.0693361274350635,0.0617003641653305,0.1818181818181818,14.374719550538323,0.9090909090909092,0.0,0.1,0.05,0.6
740,"FewShot_WithAnswer","NEB_Qwen3235BInstruct","During which trimester does the fetus experience the greatest growth and prepare for labor and delivery?","third trimester","first trimester","second trimester","postpartum period","43.5 Human Pregnancy and Birth Human pregnancy begins with fertilization of an egg and proceeds through the three trimesters of gestation. The labor process has three stages (contractions, delivery of the fetus, expulsion of the placenta), each propelled by hormones. The first trimester lays down the basic structures of the body, including the limb buds, heart, eyes, and the liver. The second trimester continues the development of all of the organs and systems. The third trimester exhibits the greatest growth of the fetus and culminates in labor and delivery. Prevention of a pregnancy can be accomplished through a variety of methods including barriers, hormones, or other means. Assisted reproductive technologies may help individuals who have infertility problems.",0.6043763952211456,0.4741118511980748,0.3541372127379415,0.2615571662700467,0.6666666666666666,7.861312243588818,0.875,0.0,0.2142857142857142,0.2142857142857142,0.0714285714285714
741,"FewShot_WithAnswer","NEB_Qwen3235BInstruct","What do ecologists study, ranging from individual organisms to the entire biosphere, including interactions within and across different levels of organization?","ecosystems","biomes","habitats","populations","Ecologists study ecosystems at every level, from the individual organism to the whole ecosystem and biosphere. They can ask different types of questions at each level. Examples of these questions are given in Table below , using the zebra ( Equus zebra ) as an example.",0.2083333333333333,0.1863389981249824,0.165450078282168,0.1424465913886198,0.2962962962962963,2.814863858414579,0.9047619047619048,0.0,0.1,0.2,0.05
743,"FewShot_WithAnswer","NEB_Qwen3235BInstruct","In the Linnaean system of classification, what is the broadest category that includes organisms sharing just a few basic similarities, such as the Animal Kingdom and Plant Kingdom?","kingdom","phylum","domain","class","The broadest category in the Linnaean system is the kingdom . Figure above shows the Animal Kingdom because Homo sapiens belongs to that kingdom. Other kingdoms include the Plant Kingdom, Fungus Kingdom, and Protist Kingdom.",0.2258064516129032,0.1706936329719091,0.1428274057324584,0.1190602144216545,0.4516129032258064,2.2087242412723844,0.9285714285714286,0.0,0.125,0.1666666666666666,0.125
744,"FewShot_WithAnswer","NEB_Qwen3235BInstruct","In biochemical reactions, why is it important for reactants to meet and do what in order for the reaction to proceed efficiently?","collide","dissolve","separate","bond","Most chemical reactions within organisms would be impossible under the normal conditions within cell. For example, the body temperature of most organisms is too low for reactions to occur quickly enough to carry out life processes. Reactants may also be present in such low concentrations that it is unlikely they will meet and collide. Therefore, the rate of most biochemical reactions must be increased by a catalyst. A catalyst is a chemical that speeds up chemical reactions. In organisms, catalysts are called enzymes.",0.3333333333333333,0.2357022603955158,0.1935115854743066,0.1602072099406492,0.4,2.929991992399675,0.9090909090909092,0.0,0.0952380952380952,0.1904761904761904,0.0476190476190476
745,"FewShot_WithAnswer","NEB_Qwen3235BInstruct","Which body segment in insects contains most of the internal organs?","abdomen","head","thorax","appendages","Insects range in length from less than a millimeter to about the length of your arm. They can be found in most habitats, but they are mainly terrestrial. Many can fly, so they are also aerial. Like other arthropods, insects have a head, thorax, and abdomen. They have a wide variety of appendages, including six legs attached to the thorax. The abdomen contains most of the internal organs.",0.1791328276434473,0.1034223862606431,0.088652407048007,0.0840575431215464,0.1904761904761905,17.304526635034726,0.8181818181818182,0.0,0.1,0.1,0.2
746,"FewShot_WithAnswer","NEB_Qwen3235BInstruct","The tilt of Earth's what creates the seasons as it revolves around the Sun?","axis","orbit","equator","magnetosphere","This Concept deals with some Earth basics. Earth is a planet and has the characteristics of a planet. Like other planets, it is nearly round. This is because it has enough mass for its gravity to pull material into a round shape. Earth's gravity has also pulled in small objects, like asteroids. So the planet's orbit is cleared. Earth rotates on its axis and revolves around its star. As a result of its rotation, Earth has a day-night cycle. The tilt of its axis creates the seasons. Earth has layers from crust to mantle to core. The core is divided into a liquid outer core and a solid inner core. The liquid outer core has convection, which generates the magnetic field. The mantle is solid rock. The crust has two major types: continental and oceanic. The crust and uppermost mantle make up the lithosphere. Beneath the lithosphere is the asthenosphere. The lithosphere is brittle and will break. The asthenosphere can flow.",0.25,0.125,0.1013700332595567,0.092875289995668,0.1052631578947368,26.44271103377741,0.8571428571428571,0.0,0.1818181818181818,0.0909090909090909,0.0909090909090909
748,"FewShot_WithAnswer","NEB_Qwen3235BInstruct","In one-dimensional motion, what distinguishes a vector from a scalar quantity, indicated by a plus or minus sign?","direction","magnitude","velocity","displacement","A vector is any quantity that has magnitude and direction. A scalar is any quantity that has magnitude but no direction. Displacement and velocity are vectors, whereas distance and speed are scalars. In one-dimensional motion, direction is specified by a plus or minus sign to signify left or right, up or down, and the like.",0.1904761904761904,0.0952380952380952,0.0768299355249782,0.0698971472980514,0.25,2.6357446518641057,0.8888888888888888,0.0,0.3333333333333333,0.0666666666666666,0.0666666666666666
749,"FewShot_WithAnswer","NEB_Qwen3235BInstruct","Which tissue within the bone serves as a site for both fat storage and blood cell production?","bone marrow","compact bone","periosteum","spongy bone","Mineral Storage, Energy Storage, and Hematopoiesis On a metabolic level, bone tissue performs several critical functions. For one, the bone matrix acts as a reservoir for a number of minerals important to the functioning of the body, especially calcium, and phosphorus. These minerals, incorporated into bone tissue, can be released back into the bloodstream to maintain levels needed to support physiological processes. Calcium ions, for example, are essential for muscle contractions and controlling the flow of other ions involved in the transmission of nerve impulses. Bone also serves as a site for fat storage and blood cell production. The softer connective tissue that fills the interior of most bone is referred to as bone marrow (Figure 6.5). There are two types of bone marrow: yellow marrow and red marrow. Yellow marrow contains adipose tissue; the triglycerides stored in the adipocytes of the tissue can serve as a source of.",0.2777777777777778,0.1242259987499883,0.096826007415451,0.0867888677374453,0.2068965517241379,10.052798727914276,0.8823529411764706,0.0,0.4,0.0666666666666666,0.0
751,"FewShot_WithAnswer","NEB_Qwen3235BInstruct","Which type of soil, known for being dark brown and fertile, is commonly found in deciduous forests?","pedalfer","laterite","chernozem","podzol","Pedalfer is the soil common in deciduous forests. Pedalfer is dark brown and fertile.",0.3,0.2449489742783178,0.2115954386398493,0.180122969734991,0.4166666666666667,4.206788414307567,0.8823529411764706,0.0,0.2352941176470588,0.1764705882352941,0.0588235294117647
752,"FewShot_WithAnswer","NEB_Qwen3235BInstruct","What quantity do voltmeters measure across a resistor in a circuit?","the voltage drop","the current flow","the resistance value","the power dissipation","Ammeters and voltmeters are cleverly designed for the way they are used. Ammeters measure the current of a circuit, and voltmeters measure the voltage drop across a resistor. It is important in the design and use of these meters that they don't change the circuit in such a way as to influence the readings. While both types of meters are technically resistors, they are specifically designed to make their readings without changing the circuit itself.",0.6666666666666666,0.5773502691896257,0.5331122821307175,0.4961683000340363,0.8,3.997425923172371,0.8181818181818182,0.0,0.2222222222222222,0.5555555555555556,0.3333333333333333
753,"FewShot_WithAnswer","NEB_Qwen3235BInstruct","Cardiac muscle is found only in the walls of what structure?","the walls","the valves","the chambers","the vessels","Cardiac muscle is found only in the walls of the heart. When cardiac muscle contracts, the heart beats and pumps blood. Cardiac muscle contains a great many mitochondria, which produce ATP for energy. This helps the heart resist fatigue. Contractions of cardiac muscle are involuntary, like those of smooth muscle. Cardiac muscle, like skeletal muscle, is arranged in bundles, so it appears striated, or striped.",0.75,0.6123724356957946,0.5544591169651941,0.5109955811291784,0.7,62.28728173011899,0.8181818181818182,0.0,0.8,0.6,0.7
754,"FewShot_WithAnswer","NEB_Qwen3235BInstruct","What term describes the measures taken, such as wearing goggles and gloves, to minimize the risk of accidents in a laboratory setting according to the support text?","safety precaution","emergency procedure","operational guideline","performance standard","Safety precautions are in place to help prevent accidents. Always wear personal protective equipment such as goggles and gloves when recommended to do so by your teacher.",0.2333333333333333,0.1763834207376393,0.1289780598812698,0.093561542263091,0.4210526315789474,8.560481828746537,0.925925925925926,0.0,0.1304347826086956,0.1304347826086956,0.0
755,"FewShot_WithAnswer","NEB_Qwen3235BInstruct","Given that the inverse of the logarithm is used to calculate the hydrogen ion concentration from a known value, what is the logarithmic measure of hydrogen ion concentration in a solution called?","ph","poh","kw","na","When the pH of a solution is known, the concentration of the hydrogen ion can be calculated. The inverse of the logarithm (or antilog) is the 10 x key on a calculator.",0.3529411764705882,0.269563276173873,0.1876331583561637,0.119865636843337,0.4615384615384615,2.667151934442379,0.90625,0.0,0.1153846153846153,0.1153846153846153,0.0
756,"FewShot_WithAnswer","NEB_Qwen3235BInstruct","What component of the immune system produces chemicals that induce a fever in response to infection, thereby helping to inhibit pathogen reproduction and stimulate further immune activity?","white blood cells","red blood cells","platelets","antibodies","White blood cells also make chemicals that cause a fever. A fever is a higher-than-normal body temperature. Normal human body temperature is 98.6°F (37°C). Most bacteria and viruses that infect people reproduce fastest at this temperature. When the temperature is higher, the pathogens cannot reproduce as fast, so the body raises the temperature to kill them. A fever also causes the immune system to make more white blood cells. In these ways, a fever helps the body fight infection.",0.2413793103448276,0.1580198515502014,0.1212732699309942,0.0901535587293674,0.3428571428571428,6.333929395588598,0.925925925925926,0.0,0.08,0.08,0.0
757,"FewShot_WithAnswer","NEB_Qwen3235BInstruct","In vascular plants, which structure is responsible for photosynthesis and gas exchange, in addition to being one of the primary organs alongside roots and stems?","leaves","roots","stems","flowers","Vascular plants also have roots, stems, and leaves.",0.25,0.0944911182523068,0.0691522111138536,0.0597188197940225,0.3125,6.064230278691723,0.92,0.0,0.0833333333333333,0.0833333333333333,0.125
759,"FewShot_WithAnswer","NEB_Qwen3235BInstruct","According to scientific thought, which group of organisms are considered the oldest eukaryotes?","protists","prokaryotes","fungi","archaea","Scientists think that protists are the oldest eukaryotes. If so, they must have evolved from prokaryotes. How did this happen? How did cells without organelles acquire them? What was the origin of mitochondria, chloroplasts, and other organelles?",0.3333333333333333,0.2981423969999719,0.2670629030097325,0.2326654168459005,0.3,3.870757786387309,0.8461538461538461,0.0,0.1666666666666666,0.1666666666666666,0.1666666666666666
760,"FewShot_WithAnswer","NEB_Qwen3235BInstruct","The eight carpal bones, along with the metacarpal and phalanx bones, form the structural framework of which anatomical region?","hand","foot","skull","spine","Figure 8.7 Bones of the Wrist and Hand The eight carpal bones form the base of the hand. These are arranged into proximal and distal rows of four bones each. The metacarpal bones form the palm of the hand. The thumb and fingers consist of the phalanx bones.",0.3636363636363636,0.25712973861329,0.2113824167376026,0.1753079632821278,0.4615384615384615,3.6632524745814856,0.8947368421052632,0.0,0.1875,0.25,0.0625
761,"FewShot_WithAnswer","NEB_Qwen3235BInstruct","Where do the first seed plants form their seeds according to the support text?","in cones","in fruits","in flowers","in spores","The first seed plants formed seeds in cones. Cones are made up of overlapping scales, which are modified leaves (see Figure below ). Male cones contain pollen, and female cones contain eggs. Seeds also develop in female cones. Modern seed plants that produce seeds in cones are called gymnosperms .",0.4666666666666667,0.3944053188733077,0.3542195230608704,0.3182356622196303,0.5263157894736842,24.0062899656947,0.8571428571428571,0.0,0.25,0.3333333333333333,0.1666666666666666
762,"FewShot_WithAnswer","NEB_Qwen3235BInstruct","In a high power microscopic examination of the upper part of a Winter Jasmine leaf, which cellular structures appear as numerous green organelles responsible for photosynthesis?","chloroplasts","mitochondria","ribosomes","vacuoles","High power microscopic photo of the upper part of a Winter Jasmine leaf. Viewed under a microscope many green chloroplasts are visible.",0.3214285714285714,0.2142857142857143,0.1503895142299138,0.1069473013768554,0.3428571428571428,17.73874547264831,0.9230769230769232,0.0,0.3043478260869565,0.0869565217391304,0.0
763,"FewShot_WithAnswer","NEB_Qwen3235BInstruct","What term indicates how fast a chemical reaction proceeds?","the reaction rate","the equilibrium constant","the activation energy","the enthalpy change","The reaction rate indicates how fast the reaction proceeds.",0.6,0.4242640687119284,0.3419951893353394,0.2659147948472494,0.5333333333333333,9.264428947357048,0.7777777777777778,0.0,0.375,0.25,0.25
764,"FewShot_WithAnswer","NEB_Qwen3235BInstruct","Based on the climate description—located between 30° and 45° latitude on western coasts, with mild temperatures, moderate rainfall concentrated in winter, and dry summers that support short woody plants—what type of climate is found on the coast of California?","mediterranean","tropical savanna","humid subtropical","marine west coast","Mediterranean climates are found on the western coasts of continents. The latitudes are between 30° and 45°. The coast of California has a Mediterranean climate. Temperatures are mild and rainfall is moderate. Most of the rain falls in the winter, and summers are dry. To make it through the dry summers, short woody plants are common.",0.1489361702127659,0.1258740379382897,0.101098625356536,0.0692238595306076,0.2608695652173913,14.16418088293334,0.9487179487179488,0.0,0.1081081081081081,0.081081081081081,0.0
765,"FewShot_WithAnswer","NEB_Qwen3235BInstruct","What can be conducted through solutions of electrolytes due to the presence of ions, as illustrated in Figure 11.7?","electricity","heat","light","sound","Figure 11.7 Solutions of nonelectrolytes such as ethanol do not contain dissolved ions and cannot conduct electricity. Solutions of electrolytes contain ions that permit the passage of electricity. The conductivity of an electrolyte solution is related to the strength of the electrolyte.",0.238095238095238,0.10647942749999,0.0827625391639631,0.0739072349494318,0.303030303030303,6.802667181398104,0.8947368421052632,0.0,0.1666666666666666,0.1111111111111111,0.0
767,"FewShot_WithAnswer","NEB_Qwen3235BInstruct","Oxygen and chlorine are both examples of which state of matter based on the description provided?","gas","liquid","solid","plasma","Physical properties include the state of matter and its color and odor. For example, oxygen is a colorless, odorless gas. Chlorine is a greenish gas with a strong, sharp odor. Other physical properties include hardness, freezing and boiling points, the ability to dissolve in other substances, and the ability to conduct heat or electricity. These properties are demonstrated in Figure below. Can you think of other physical properties?",0.2352941176470588,0.1663780661615406,0.1200486794681573,0.1036323211662142,0.2608695652173913,13.436072498172628,0.875,0.0,0.2,0.1333333333333333,0.1333333333333333
769,"FewShot_WithAnswer","NEB_Qwen3235BInstruct","What scientific discipline is defined as the study of matter and the changes that matter can undergo?","chemistry","physics","biology","geology","Chemistry is the study of matter and the changes that matter can undergo.",0.6111111111111112,0.4874980215217846,0.4119289036333334,0.3383506518389386,0.6206896551724138,2.040025422489272,0.8823529411764706,0.0,0.6,0.2666666666666666,0.3333333333333333
770,"FewShot_WithAnswer","NEB_Qwen3235BInstruct","According to the law of conservation of charge, the total amount of charge in any process is what?","constant","increasing","decreasing","variable","No charge is actually created or destroyed when charges are separated as we have been discussing. Rather, existing charges are moved about. In fact, in all situations the total amount of charge is always constant. This universally obeyed law of nature is called the law of conservation of charge. Law of Conservation of Charge Total charge is constant in any process.",0.1839397205857211,0.1300650237557222,0.1094235967424019,0.0946720554597437,0.28,2.883026563457018,0.8888888888888888,0.0,0.375,0.25,0.25
771,"FewShot_WithAnswer","NEB_Qwen3235BInstruct","Which lipid molecule in the plasma membrane helps maintain its structural integrity and stability?","cholesterol","phosphatidylserine","triglyceride","glycolipid","The plasma membrane contains molecules other than phospholipids, primarily other lipids and proteins. The green molecules in Figure below , for example, are the lipid cholesterol. Molecules of cholesterol help the plasma membrane keep its shape. Many of the proteins in the plasma membrane assist other substances in crossing the membrane.",0.3333333333333333,0.2581988897471611,0.2119679665896653,0.164519293999331,0.2608695652173913,6.133924679377572,0.8571428571428571,0.0,0.2307692307692307,0.1538461538461538,0.1538461538461538
772,"FewShot_WithAnswer","NEB_Qwen3235BInstruct","While matter is continuously recycled through ecosystems, what must constantly be added for organisms to use?","energy","nutrients","minerals","atmosphere","Energy must constantly be added to an ecosystem for use by organisms. Matter, on the other hand, is continuously recycled through ecosystems.",0.7153837323749127,0.5754544357704086,0.5284191347088889,0.5007318245733403,0.8571428571428572,15.326107589833148,0.875,0.0,0.3125,0.625,0.1875
773,"FewShot_WithAnswer","NEB_Qwen3235BInstruct","What state of matter has a fixed volume but not a fixed shape, taking the shape of its container while potentially leaving a top surface exposed to the air if the container is not full?","liquid","solid","gas","plasma","Ocean water is an example of a liquid. A liquid is matter that has a fixed volume but not a fixed shape. Instead, a liquid takes the shape of its container. If the volume of a liquid is less than the volume of its container, the top surface will be exposed to the air, like the oil in the bottles in Figure below.",0.3513513513513513,0.3231962363000377,0.3072864165182173,0.2939010505169546,0.5000000000000001,7.975269520115252,0.9428571428571428,0.0,0.2413793103448276,0.3103448275862069,0.1034482758620689
774,"FewShot_WithAnswer","NEB_Qwen3235BInstruct","What term describes the procedure for repairing a broken bone by setting it into its natural position without the need for surgical intervention?","no surgery needed","open reduction","surgical fixation","internal plating","6.5 | Fractures: Bone Repair By the end of this section, you will be able to: • Differentiate among the different types of fractures • Describe the steps involved in bone repair A fracture is a broken bone. It will heal whether or not a physician resets it in its anatomical position. If the bone is not reset correctly, the healing process will keep the bone in its deformed position. When a broken bone is manipulated and set into its natural position without surgery, the procedure is called a closed reduction. Open reduction requires surgery to expose the fracture and reset the bone. While some fractures can be minor, others are quite severe and result in grave complications. For example, a fractured diaphysis of the femur has the potential to release fat globules into the bloodstream. These can become lodged in the capillary beds of the lungs, leading to respiratory distress and if not treated quickly, death.",0.0833333333333333,0.0589255650988789,0.0532467647545345,0.0511816460210563,0.064516129032258,7.927252761819072,0.9130434782608696,0.0,0.25,0.05,0.05
776,"FewShot_WithAnswer","NEB_Qwen3235BInstruct","When resources become scarce, population expansion slows and eventually levels off at the environment's carrying capacity, resulting in which type of growth pattern?","logistic growth","exponential growth","linear growth","oscillatory growth","Figure 45.9 When resources are unlimited, populations exhibit exponential growth, resulting in a J-shaped curve. When resources are limited, populations exhibit logistic growth. In logistic growth, population expansion decreases as resources become scarce, and it levels off when the carrying capacity of the environment is reached, resulting in an S-shaped curve.",0.2592592592592592,0.195981578597377,0.1434924498051383,0.1042645769686403,0.3125,6.026714145266813,0.9130434782608696,0.0,0.1363636363636363,0.1363636363636363,0.0454545454545454
777,"FewShot_WithAnswer","NEB_Qwen3235BInstruct","What three layers cover and protect the brain and spinal cord in the vertebrate central nervous system?","meninges","ventricles","ganglia","epineurium","35.3 The Central Nervous System The vertebrate central nervous system contains the brain and the spinal cord, which are covered and protected by three meninges. The brain contains structurally and functionally defined regions. In mammals, these include the cortex (which can be broken down into four primary functional lobes: frontal, temporal, occipital, and parietal), basal ganglia, thalamus, hypothalamus, limbic system, cerebellum, and brainstem—although structures in some of these designations overlap. While functions may be primarily localized to one structure in the brain, most complex functions, like language and sleep, involve neurons in multiple brain regions. The spinal cord is the information superhighway that connects the brain with the rest of the body through its connections with peripheral nerves. It transmits sensory and motor input and also controls motor reflexes.",0.6666666666666666,0.6085806194501846,0.5585890703580645,0.5056233739478989,0.7200000000000001,3.8127093199567903,0.8823529411764706,0.0,0.2666666666666666,0.3333333333333333,0.2666666666666666
778,"FewShot_WithAnswer","NEB_Qwen3235BInstruct","What do water molecules gain enough energy to do when ice is heated to its melting point?","move","freeze","evaporate","condense","Adding energy to matter gives its atoms or molecules the ability to resist some of the forces holding them together. For example, heating ice to its melting point (0°C) gives its molecules enough energy to move. The ice melts and becomes liquid water. Similarly, heating liquid water to its boiling point (100°C) gives its molecules enough energy to pull apart from one another so they no longer have contact. The liquid water vaporizes and becomes water vapor.",0.6111111111111112,0.4874980215217846,0.4119289036333334,0.3383506518389386,0.6875,3.911824995704451,0.8823529411764706,0.0,0.2352941176470588,0.2352941176470588,0.1176470588235294
780,"FewShot_WithAnswer","NEB_Qwen3235BInstruct","Which organism grows excessively due to nutrients from fertilizer in runoff, leading to oxygen depletion and the creation of dead zones in aquatic ecosystems?","algae","bacteria","plankton","seaweed","Water pollution comes from many sources. One of the biggest sources is runoff. Runoff picks up chemicals such as fertilizer from agricultural fields, lawns, and golf courses. It carries the chemicals to bodies of water. The added nutrients from fertilizer often cause excessive growth of algae, creating algal blooms (see Figure below ). The algae use up oxygen in the water so that other aquatic organisms cannot survive. This has occurred over large areas of the ocean, creating dead zones , where low oxygen levels have killed all ocean life. A very large dead zone exists in the Gulf of Mexico. Measures that can help prevent these problems include cutting down on fertilizer use. Preserving wetlands also helps because wetlands filter runoff water.",0.2307692307692307,0.1631784879661263,0.1286684093441414,0.0970624252495264,0.2941176470588235,6.06998015791786,0.9166666666666666,0.0,0.1304347826086956,0.1304347826086956,0.0869565217391304
781,"FewShot_WithAnswer","NEB_Qwen3235BInstruct","What factor, when increased by 10 units, results in a tenfold increase in the perceived loudness of a sound?","decibel levels","frequency","amplitude","wavelength","As decibel levels get higher, sound waves have greater intensity and sounds are louder. For every 10-decibel increase in the intensity of sound, loudness is 10 times greater.",0.3181818181818182,0.2082988952252654,0.1273654241206994,0.1008163942633923,0.4516129032258064,3.5472224857453423,0.8947368421052632,0.0,0.125,0.125,0.125
782,"FewShot_WithAnswer","NEB_Qwen3235BInstruct","What is it called when two plates slide past each other in opposite directions at a boundary where massive earthquakes often occur?","transform plate boundary","convergent plate boundary","divergent plate boundary","subduction zone","Two plates may slide past each other in opposite directions. This is called a transform plate boundary . The plates meet at a transform fault . As you might imagine, plates do not slide past each other easily. These plate boundaries experience massive earthquakes. The world’s best known transform fault is the San Andreas Fault in California ( Figure below ). At this fault, the Pacific and North American plates grind past each other. Transform plate boundaries are common as offsets along mid-ocean ridges. They are very small compared to transform faults on land.",0.6521739130434783,0.6300598585299756,0.6167295599445114,0.6050782767617701,0.8,5.1734629975583415,0.9090909090909092,0.0,0.3333333333333333,0.6666666666666666,0.0952380952380952
783,"FewShot_WithAnswer","NEB_Qwen3235BInstruct","What is the result of surface irregularities, even on seemingly smooth surfaces, interacting when they come into contact?","friction","tension","vibration","acceleration","Friction occurs because no surface is perfectly smooth.",0.238095238095238,0.10647942749999,0.0827625391639631,0.0739072349494318,0.3076923076923076,6.207869884968331,0.8888888888888888,0.0,0.0588235294117647,0.0588235294117647,0.1176470588235294
784,"FewShot_WithAnswer","NEB_Qwen3235BInstruct","What structures are responsible for collecting fluid that leaks out from blood capillaries?","lymph capillaries","arterioles","alveoli","renal tubules","Lymph capillaries collect fluid that leaks out from blood capillaries.",0.6428571428571429,0.6060915267313265,0.5826535151900861,0.5607900239988007,0.6956521739130435,8.262488449133354,0.8461538461538461,0.0,0.5384615384615384,0.5384615384615384,0.3076923076923077
785,"FewShot_WithAnswer","NEB_Qwen3235BInstruct","Which planet in our solar system is the most distant from the Sun, requiring a telescope for observation from Earth and taking 165 Earth years to complete a single orbit?","neptune","uranus","pluto","saturn","Neptune is shown in Figure below . It is the eighth planet from the Sun. Neptune is so far away you need a telescope to see it from Earth. Neptune is the most distant planet in our solar system. It is nearly 4.5 billion kilometers (2.8 billion miles) from the Sun. One orbit around the Sun takes Neptune 165 Earth years.",0.1875,0.1082531754730548,0.0723058104821222,0.0595798746561634,0.303030303030303,2.665400450235519,0.9333333333333332,0.0,0.1923076923076923,0.0384615384615384,0.0
786,"FewShot_WithAnswer","NEB_Qwen3235BInstruct","In prokaryotic cells, where is the DNA located since it is not enclosed within a nuclear membrane?","cytoplasm","nucleus","mitochondria","Golgi apparatus","Prokaryotic cells are cells without a nucleus. The DNA in prokaryotic cells is in the cytoplasm rather than enclosed within a nuclear membrane. Prokaryotic cells are found in single-celled organisms, such as bacteria, like the one shown in Figure below. Organisms with prokaryotic cells are called prokaryotes. They were the first type of organisms to evolve and are still the most common organisms today.",0.2631578947368421,0.1664356663246515,0.1154534099165156,0.0975422665513578,0.6363636363636364,5.356125693096203,0.8823529411764706,0.0,0.2666666666666666,0.2666666666666666,0.1333333333333333
787,"FewShot_WithAnswer","NEB_Qwen3235BInstruct","What term is used to describe a substance like water that is capable of dissolving polar molecules and ionic compounds due to its polarity and ability to form hydration shells?","solvent","solute","catalyst","colloid","Water’s Solvent Properties Since water is a polar molecule with slightly positive and slightly negative charges, ions and polar molecules can readily dissolve in it. Therefore, water is referred to as a solvent, a substance capable of dissolving other polar molecules and ionic compounds. The charges associated with these molecules will form hydrogen bonds with water, surrounding the particle with water molecules. This is referred to as a sphere of hydration, or a hydration shell, as illustrated in Figure 2.15 and serves to keep the particles separated or dispersed in the water. When ionic compounds are added to water, the individual ions react with the polar regions of the water molecules and their ionic bonds are disrupted in the process of dissociation. Dissociation occurs when atoms or groups of atoms break off from molecules and form ions. Consider table salt (NaCl, or sodium chloride): when NaCl crystals are added to water, the molecules of NaCl dissociate into Na+ and Cl– ions, and spheres of hydration form around the ions, illustrated in Figure 2.15. The positively charged sodium ion is surrounded by the partially negative charge of the water molecule’s oxygen. The negatively charged chloride ion is surrounded by the partially positive charge of the hydrogen on the water molecule.",0.2580645161290322,0.1290322580645161,0.0821785448293789,0.0661407835542225,0.2909090909090909,3.815307731741218,0.9333333333333332,0.0,0.1724137931034483,0.0689655172413793,0.0344827586206896
788,"FewShot_WithAnswer","NEB_Qwen3235BInstruct","What substance inside a basketball directly influences its bounce by altering the internal pressure when added or released?","gas","liquid","solid","plasma","The pressure inside a container is dependent on the amount of gas inside the container. If the basketball does not bounce high enough, the official could remedy the situation by using a hand pump and adding more air to the ball. Conversely, if it bounces too high, he could let some air out of the ball.",0.2631578947368421,0.1664356663246515,0.1154534099165156,0.0975422665513578,0.2222222222222222,42.81239197680452,0.8888888888888888,0.0,0.0625,0.0625,0.0
789,"FewShot_WithAnswer","NEB_Qwen3235BInstruct","In which plant structures did seed formation evolve as a major adaptation, containing male and/or female reproductive organs?","flowers","roots","leaves","stems","Some seed plants evolved another major adaptation. This was the formation of seeds in flowers. Flowers are plant structures that contain male and/or female reproductive organs.",0.4,0.3741657386773941,0.3327475090445512,0.3008035665875204,0.5,25.891502681223702,0.8888888888888888,0.0,0.2941176470588235,0.2941176470588235,0.0
790,"FewShot_WithAnswer","NEB_Qwen3235BInstruct","In ecology, what term describes the specific role or function of a species within its environment, such as how a lion makes its living by hunting and eating other animals?","niche","habitat","ecosystem","biome","Each species has a particular way of making a living. This is called its niche . You can see the niche of a lion in Figure below . A lion makes its living by hunting and eating other animals. Each species also has a certain place where it is best suited to live. This is called its habitat . The lion’s habitat is a grassland. Why is a lion better off in a grassland than in a forest?.",0.2424242424242424,0.0857099128710966,0.0612309094033665,0.0521660086162544,0.25,6.334268428049136,0.9333333333333332,0.0,0.3703703703703703,0.037037037037037,0.0
791,"FewShot_WithAnswer","NEB_Qwen3235BInstruct","We say that chemical equilibrium is ______, rather than static, because both the forward and reverse reactions continue to occur at the same rate.","dynamic","static","inert","stationary","One thing to note about equilibrium is that the reactions do not stop; both the forward reaction and the reverse reaction continue to occur. They both occur at the same rate, so any overall change by one reaction is cancelled by the reverse reaction. We say that chemical equilibrium is dynamic, rather than static. Also, because both reactions are occurring simultaneously, the equilibrium can be written backward. For example, representing an equilibrium as.",0.5925925925925926,0.4444444444444444,0.3361583267830372,0.234790435721549,0.6341463414634146,2.8516049064885656,0.9166666666666666,0.0,0.2857142857142857,0.1428571428571428,0.0476190476190476
792,"FewShot_WithAnswer","NEB_Qwen3235BInstruct","What is the watery fluid that bathes tissues and organs, contains protective white blood cells, but does not contain erythrocytes?","lymph","plasma","serum","interstitial fluid","The Lymphatic System Lymph is the watery fluid that bathes tissues and organs and contains protective white blood cells but does not contain erythrocytes. Lymph moves about the body through the lymphatic system, which is made up of vessels, lymph ducts, lymph glands, and organs, such as tonsils, adenoids, thymus, and spleen. Although the immune system is characterized by circulating cells throughout the body, the regulation, maturation, and intercommunication of immune factors occur at specific sites. The blood circulates immune cells, proteins, and other factors through the body. Approximately 0.1 percent of all cells in the blood are leukocytes, which include monocytes (the precursor of macrophages) and lymphocytes. Most cells in the blood are red blood cells. Cells of the immune system can travel between the distinct lymphatic and blood circulatory systems, which are separated by interstitial space, by a process called extravasation (passing through to surrounding tissue). Recall that cells of the immune system originate from stem cells in the bone marrow. B cell maturation occurs in the bone marrow, whereas progenitor cells migrate from the bone marrow and develop and mature into naïve T cells in the organ called the thymus. On maturation, T and B lymphocytes circulate to various destinations. Lymph nodes scattered throughout the body house large populations of T and B cells, dendritic cells, and macrophages (Figure 17.19). Lymph gathers antigens as it drains from tissues. These antigens then are filtered through lymph nodes before the lymph is returned to circulation. APCs in the lymph nodes capture and process antigens and inform nearby lymphocytes about potential pathogens.",0.9130434782608696,0.8684775806712252,0.8185995630545028,0.7633692219232261,0.9743589743589745,3.094932162242174,0.9,0.0,0.5263157894736842,0.5263157894736842,0.1052631578947368
793,"FewShot_WithAnswer","NEB_Qwen3235BInstruct","How many openings do adult tunicates have for siphoning water into and out of the body?","two","one","three","four","Adult tunicates are barrel-shaped. They have two openings that siphon water into and out of the body. The flow of water provides food for filter feeding. Tunicates reproduce sexually. Each individual produces both male and female gametes. However, they avoid self-fertilization. Tunicates can also reproduce asexually by budding.",0.8235294117647058,0.7624400821656306,0.7135599812910046,0.6634719185310612,0.8000000000000002,3.197791218147359,0.875,0.0,0.4,0.4666666666666667,0.1333333333333333
794,"FewShot_WithAnswer","NEB_Qwen3235BInstruct","What is the term for the combined forces acting on an object, determined by adding forces in the same direction and subtracting those in opposite directions?","net force","total velocity","balanced force","inertial force","The combined forces acting on an object are called the net force. When forces act in opposite directions, they are subtracted to yield the net force. When they act in the same direction, they are added to yield the net force.",0.4642857142857143,0.4460712855998855,0.43279192807291,0.4202096553562979,0.5806451612903226,2.25733793784186,0.9230769230769232,0.0,0.2272727272727272,0.4090909090909091,0.1363636363636363
795,"FewShot_WithAnswer","NEB_Qwen3235BInstruct","What is the name of the first stage of photosynthesis where light is absorbed and converted into chemical energy stored in ATP and NADPH?","light reactions","Calvin cycle","Krebs cycle","electron transport","The first stage of photosynthesis is called the light reactions. During this stage, light is absorbed and transformed to chemical energy in the bonds of NADPH and ATP. You can follow the process in the Figure below as you read about it below.",0.44,0.4195235392680606,0.404124002062219,0.3892481181624903,0.5333333333333333,2.372981228733916,0.9166666666666666,0.0,0.1818181818181818,0.3636363636363636,0.1363636363636363
796,"FewShot_WithAnswer","NEB_Qwen3235BInstruct","Which group of vertebrates is the most numerous on Earth despite being the most recent class to evolve?","birds","amphibians","mammals","reptiles","Although birds are the most recent class of vertebrates to evolve, they are now the most numerous vertebrates on Earth.",0.1578947368421052,0.0911605688194145,0.0772883167974591,0.0721893541858629,0.1666666666666666,3.693036193763528,0.8888888888888888,0.0,0.1875,0.0625,0.125
797,"FewShot_WithAnswer","NEB_Qwen3235BInstruct","In the context of neural communication, what is the term for the small gap between two neurons where a chemical transmitter facilitates the signal jump?","the synapse","the axon terminal","the dendrite","the nucleus","It literally jumps by way of a chemical transmitter. Notice the two cells are not connected, but separated by a small gap. The synapse. The space between a neuron and the next cell.",0.2222222222222222,0.1283000598199168,0.0858670988638252,0.0709390046023764,0.2142857142857142,8.67554093046362,0.92,0.0,0.1,0.1,0.0
798,"FewShot_WithAnswer","NEB_Qwen3235BInstruct","Free fatty acids are carboxylic acids that contain long chains of what type of compounds?","hydrocarbons","carbohydrates","peptides","nucleotides","In the Figure below , we see the structures of some common classes of lipids. Free fatty acids are carboxylic acids that contain long hydrocarbon chains. Saturated fatty acids are alkanes with a single carboxylic acid, whereas unsaturated fatty acids contain one or more C-C double bonds. Fatty acids often form esters with one of the alcohol functional groups on glycerol , a three carbon chain in which each carbon is bonded to one OH group. Triglycerides are common structures, in which all three of these OH groups are esterified with a fatty acid. The three fatty acids in a triglyceride may be the same or different. Another common structure is a phospholipid, in which two of the alcohols in glycerol form esters with fatty acids, and the third is connected to a very polar phosphorus-containing group.",0.8125,0.7806247497997998,0.7645314458836485,0.7516479993881153,0.888888888888889,3.034334202450493,0.8666666666666667,0.0,0.6,0.8,0.2
799,"FewShot_WithAnswer","NEB_Qwen3235BInstruct","Which term refers to nutrients that the body requires in relatively large quantities, such as carbohydrates, proteins, lipids, and water?","macronutrients","micronutrients","enzymes","antioxidants","Macronutrients are nutrients the body needs in relatively large amounts. They include carbohydrates, proteins, lipids, and water.",0.24,0.1385640646055101,0.0928317766722555,0.0767963426615869,0.3125,3.233230210925963,0.9,0.0,0.2631578947368421,0.1052631578947368,0.1578947368421052
800,"FewShot_WithAnswer","NEB_Qwen3235BInstruct","In animals, what is one important function of enzymes that enables the body to break down carbohydrates, proteins, and fats into usable molecules?","help digest food","produce hormones","generate oxygen","transport nutrients","In animals, an important function of enzymes is to help digest food. Digestive enzymes speed up reactions that break down large molecules of carbohydrates, proteins, and fats into smaller molecules the body can use. Without digestive enzymes, animals would not be able to break down food molecules quickly enough to provide the energy and nutrients they need to survive.",0.2962962962962963,0.2095131203515696,0.1717341977276505,0.1418780092047528,0.5161290322580644,3.1513099002250646,0.9130434782608696,0.0,0.2272727272727272,0.1818181818181818,0.0454545454545454
801,"FewShot_WithAnswer","NEB_Qwen3235BInstruct","What is the general term for the process in which individual ions, after dissociating from a crystal lattice, become surrounded by solvent particles, thereby stabilizing the ions in solution?","solvation","ionization","dissolution","crystallization","After coming apart from the crystal, the individual ions are then surrounded by solvent particles in a process called solvation. Note that the individual Na+ ions are surrounded by water molecules with the oxygen atom oriented near the positive ion. Likewise, the chloride ions are surrounded by water molecules with the opposite orientation. Hydration is the process of solute particles being surrounded by water molecules arranged in a specific manner. Hydration helps to stabilize aqueous solutions by preventing the positive and negative ions from coming back together and forming a precipitate.",0.4545454545454545,0.262431940540739,0.1862093796819649,0.1428624982706571,0.5714285714285713,2.512671538839065,0.9310344827586208,0.0,0.16,0.16,0.0
802,"FewShot_WithAnswer","NEB_Qwen3235BInstruct","According to the support text, what type of cells are connected in multiple to form a battery, as illustrated in Figure 21.16?","voltaic cells","photovoltaic cells","electrolytic cells","fuel cells","Multiple Voltage Sources There are two voltage sources when a battery charger is used. Voltage sources connected in series are relatively simple. When voltage sources are in series, their internal resistances add and their emfs add algebraically. (See Figure 21.15. ) Series connections of voltage sources are common—for example, in flashlights, toys, and other appliances. Usually, the cells are in series in order to produce a larger total emf. But if the cells oppose one another, such as when one is put into an appliance backward, the total emf is less, since it is the algebraic sum of the individual emfs. A battery is a multiple connection of voltaic cells, as shown in Figure 21.16. The disadvantage of series connections of cells is that their internal resistances add. One of the authors once owned a 1957 MGA that had two 6-V batteries in series, rather than a single 12-V battery. This arrangement produced a large internal resistance that caused him many problems in starting the engine.",0.28,0.1496662954709576,0.0977264805918825,0.0798136615668399,0.3448275862068966,17.931920171926773,0.9090909090909092,0.0,0.15,0.1,0.0
803,"FewShot_WithAnswer","NEB_Qwen3235BInstruct","In autosomal dominant disorders, how many mutated alleles are required for a person to be affected?","one mutated allele","two mutated alleles","no mutated alleles","three mutated alleles","Autosomal Dominant Only one mutated allele is needed for a person to be affected by an autosomal dominant disorder. Each affected person usually has one affected parent. There is a 50% chance that a child will inherit the mutated gene. Huntingtons disease, Achondroplasia, Neurofibromatosis 1, Marfan Syndrome, Hereditary nonpolyposis colorectal cancer.",0.5,0.4409585518440984,0.3852762227182797,0.3457913759237496,0.5185185185185186,1.4691881278811836,0.875,0.0,0.3333333333333333,0.3333333333333333,0.2
804,"FewShot_WithAnswer","NEB_Qwen3235BInstruct","Scientists discovered that the thickness of what feature increases with distance from the mid-ocean ridge crest, helping to indicate the age of seafloor rocks?","sediment","lava","magma","crustal faults","Scientists discovered another way to tell the approximate age of seafloor rocks. The rocks at the mid-ocean ridge crest are nearly sediment free. The crust is also very thin there. With distance from the ridge crest, the sediments and crust get thicker. This also supports the idea that the youngest rocks are on the ridge axis, and that the rocks get older with distance away from the ridge ( Figure below ). This is because the crust is new at the ridge, and so it is thin and has no sediment. The crust gets older away from the ridge crest. It has cooled and has more sediment.",0.2307692307692307,0.1631784879661263,0.1021241841739825,0.0816194454481584,0.3333333333333332,10.517531760067063,0.9166666666666666,0.0,0.1904761904761904,0.0952380952380952,0.0476190476190476
805,"FewShot_WithAnswer","NEB_Qwen3235BInstruct","What simple machine consists of a rope and grooved wheel, may be fixed or movable, and can be combined to form a compound system with an ideal mechanical advantage of at least 1?","pulley","lever","inclined plane","screw","A pulley is a simple machine that consists of a rope and grooved wheel. Single pulleys may be fixed or moveable. Single and moveable pulleys may be combined in a compound pulley. The ideal mechanical advantage of a pulley or compound pulley is always equal to or greater than 1. Fixed pulleys and some compound pulleys also change the direction of the input force.",0.3333333333333333,0.2721655269759087,0.2333009349250672,0.2078787665206437,0.4186046511627906,7.9726440465639055,0.9393939393939394,0.0,0.2,0.2,0.1
806,"FewShot_WithAnswer","NEB_Qwen3235BInstruct","Which molecules play a critical role in preventing oxidative chain reactions in cells by inhibiting the oxidation of other molecules and neutralizing free radical formation?","antioxidants","enzymes","nucleotides","catalysts","Antioxidants are important for the health of a cell. An antioxidant is a molecule that inhibits the oxidation of other molecules. Oxidation is a chemical reaction that transfers electrons or hydrogen from a substance to an oxidizing agent, producing free radicals in the process. These free radicals initiate a chain reaction in the cell that can cause cell damage, or can lead to cell death. Antioxidants prevent these chain reactions from even initiating.",0.2692307692307693,0.227541530119216,0.2023393934065866,0.1793857067599649,0.2857142857142857,3.337703269395184,0.92,0.0,0.1739130434782608,0.1739130434782608,0.0
807,"FewShot_WithAnswer","NEB_Qwen3235BInstruct","In a correctly balanced chemical equation, the coefficients must be expressed as which type of numbers?","whole","negative","imaginary","decimal","In a correctly balanced equation, all coefficients must be whole numbers. However, the use of fractions can be helpful as a way of finding the correct coefficients. If all atoms in an equation are balanced but some have fractional coefficients, multiply all coefficients in the entire equation (including those not explicitly written!) by the lowest common denominator to get the final balanced equation.",0.6666666666666666,0.5773502691896257,0.4611051180875028,0.332718891397095,0.6923076923076924,17.506949954587583,0.875,0.0,0.2142857142857142,0.2142857142857142,0.0714285714285714
808,"FewShot_WithAnswer","NEB_Qwen3235BInstruct","Because they only accept electrons and do not give them up, nonmetals such as bromine are not able to function as what?","electricity conductors","electron donors","thermal insulators","chemical catalysts","Some nonmetals, such as bromine, have an outer energy level that is almost full. They ""want"" to gain electrons so they will have a full outer energy level. As a result, these nonmetals are very reactive. Because they only accept electrons and do not give them up, they do not conduct electricity.",0.5416666666666666,0.4982608642958915,0.4597016640374761,0.4335347193582402,0.5789473684210527,3.4972421539529277,0.9090909090909092,0.0,0.5,0.4090909090909091,0.0454545454545454
809,"FewShot_WithAnswer","NEB_Qwen3235BInstruct","What term refers to the passing of traits from parents to offspring, which scientists later described in terms of genes through the work of Mendel?","heredity","evolution","mutation","adaptation","As scientists learned more about heredity - the passing of traits from parents to offspring - over the next few decades, they were able to describe Mendel’s ideas about inheritance in terms of genes. In this way, the field of genetics was born. At the link that follows, you can watch an animation of Mendel explaining his laws of inheritance in genetic terms. http://www. dnalc. org/view/16182-Animation-4-Some-genes-are-dominant-. html.",0.3703703703703703,0.3312693299999688,0.3091451116178488,0.290184758529434,0.4848484848484848,11.863725529327148,0.92,0.0,0.3043478260869565,0.3043478260869565,0.0434782608695652
810,"FewShot_WithAnswer","NEB_Qwen3235BInstruct","What is the most important natural source of electromagnetic waves on Earth?","the sun","microwaves","X-ray machines","radio towers","The most important source of electromagnetic waves on Earth is the sun. Many other sources of electromagnetic waves depend on technology.",0.8461538461538461,0.7653749516204769,0.6991254222716239,0.6277845896471544,0.9523809523809524,2.155294190182915,0.8333333333333334,0.0,0.5454545454545454,0.5454545454545454,0.5454545454545454
811,"FewShot_WithAnswer","NEB_Qwen3235BInstruct","In which layer of the atmosphere do greenhouse gases trap heat?","troposphere","stratosphere","mesosphere","thermosphere","Greenhouse gases trap heat in the troposphere. Some greenhouse gases can trap more heat than others.",0.6666666666666666,0.5773502691896257,0.4948976031599527,0.4366835442847812,0.8000000000000002,11.19048760510422,0.8181818181818182,0.0,0.4,0.4,0.3
812,"FewShot_WithAnswer","NEB_Qwen3235BInstruct","What defining feature do all eutherian mammals possess during gestation that distinguishes them from other mammalian groups?","complex placenta","yolk sac","amniotic egg","marsupial pouch","Eutherians are the most widespread of the mammals, occurring throughout the world. There are 18 to 20 orders of placental mammals. Some examples are Insectivora, the insect eaters; Edentata, the toothless anteaters; Rodentia, the rodents; Cetacea, the aquatic mammals including whales; Carnivora, carnivorous mammals including dogs, cats, and bears; and Primates, which includes humans. Eutherian mammals are sometimes called placental mammals because all species possess a complex placenta that connects a fetus to the mother, allowing for gas, fluid, and nutrient exchange. While other mammals possess a less complex placenta or briefly have a placenta, all eutherians possess a complex placenta during gestation.",0.2777777777777778,0.2151657414559676,0.1396472675895161,0.1142205734428228,0.2758620689655172,2.5964797299433413,0.8823529411764706,0.0,0.1176470588235294,0.1176470588235294,0.0588235294117647
813,"FewShot_WithAnswer","NEB_Qwen3235BInstruct","In vivipary, what is the term for the developing organism that is nourished within the mother’s body?","embryo","zygote","fetus","gamete","Vivipary refers to the development and nourishment of an embryo within the mother’s body. Birth may be followed by a period of parental care of the offspring. This reproductive strategy occurs in almost all mammals.",0.1428571428571428,0.0824786098842322,0.0698046289942018,0.0650466249129418,0.1818181818181818,10.989224451602354,0.8823529411764706,0.0,0.2142857142857142,0.0714285714285714,0.2857142857142857
814,"FewShot_WithAnswer","NEB_Qwen3235BInstruct","What flattened, disk-shaped cells contain hemoglobin and are responsible for carrying oxygen throughout the body?","red blood cells","white blood cells","platelets","plasma cells","Red blood cells (RBCs) are flattened, disk-shaped cells that carry oxygen. They are the most common blood cell in the blood. There are about 4 to 6 million RBCs per cubic millimeter of blood. Each RBC has about 200 million molecules of hemoglobin. Hemoglobin is the protein that carries oxygen. Hemoglobin also gives the red blood cells their red color.",0.5294117647058824,0.3529411764705882,0.2858481001127191,0.2362306074269893,0.5,5.435707609251879,0.8666666666666667,0.0,0.2142857142857142,0.2142857142857142,0.0714285714285714
815,"FewShot_WithAnswer","NEB_Qwen3235BInstruct","What term is used to describe the matter in the universe that does not emit light but exerts gravitational effects on visible matter?","dark matter","black holes","interstellar gas","cosmic radiation","matter in the universe that does not emit light.",0.5,0.4330127018922193,0.4025203185182311,0.3795418722091347,0.6249999999999999,3.851001481566968,0.9130434782608696,0.0,0.3809523809523809,0.3809523809523809,0.0952380952380952
816,"FewShot_WithAnswer","NEB_Qwen3235BInstruct","Tiny particles are needed for water vapor to do what in the atmosphere, allowing clouds to form and enabling rainfall on Earth?","condense","evaporate","freeze","dissolve","Air includes many tiny particles. The particulates may consist of dust, soil, salt, smoke, or ash. Some particulates pollute the air and may make it unhealthy to breathe. But having particles in the air is very important. Tiny particles are needed for water vapor to condense on. Without particles, water vapor could not condense. Then clouds could not form, and Earth would have no rain.",0.2916666666666667,0.1909406539564933,0.116597612689796,0.0921322279879637,0.3448275862068965,18.06577682454728,0.9090909090909092,0.0,0.3809523809523809,0.0952380952380952,0.0476190476190476
818,"FewShot_WithAnswer","NEB_Qwen3235BInstruct","In ecological energy transfers, what form of energy is primarily lost to the environment at each trophic level?","heat","light","chemical energy","kinetic energy","Most energy is lost to the environment as heat.",0.3499999999999999,0.264575131106459,0.2227521466121873,0.1871999791734045,0.4285714285714285,6.358092086011906,0.8888888888888888,0.0,0.1764705882352941,0.1764705882352941,0.0
819,"FewShot_WithAnswer","NEB_Qwen3235BInstruct","During photosynthesis, which substance is generated as a waste product and released into the atmosphere through the stomata, essential for animal respiration?","oxygen","carbon dioxide","nitrogen","hydrogen","Oxygen is a waste product of photosynthesis. It is released into the atmosphere through the stomata. As you know, animals need oxygen to live. Without photosynthetic organisms like plants, there would not be enough oxygen in the atmosphere for animals to survive.",0.24,0.1385640646055101,0.0928317766722555,0.0767963426615869,0.3076923076923077,4.312487270518495,0.9090909090909092,0.0,0.2631578947368421,0.1052631578947368,0.1578947368421052
820,"FewShot_WithAnswer","NEB_Qwen3235BInstruct","Which term describes a vector quantity that includes both speed and direction and can change with a change in speed, direction, or both?","velocity","acceleration","displacement","momentum","Velocity is a measure of both speed and direction. It is a vector that can be represented by an arrow. Velocity changes with a change in speed, a change in direction, or both.",0.2692307692307693,0.2035193316203531,0.1706596538764565,0.1426602017453898,0.3225806451612903,7.764140210374351,0.9130434782608696,0.0,0.1904761904761904,0.1904761904761904,0.1904761904761904
821,"FewShot_WithAnswer","NEB_Qwen3235BInstruct","What is the term for a body of freshwater that flows downhill in a channel, typically with a bed and banks, and can vary in size but is generally smaller than a river?","a stream","a lake","an ocean","a glacier","A stream is a body of freshwater that flows downhill in a channel. The channel of a stream has a bottom, or bed, and sides called banks. Any size body of flowing water can be called a stream. Usually, though, a large stream is called a river.",0.3611111111111111,0.3321739095305944,0.3050014005956138,0.2858440409004857,0.5263157894736842,4.475711496832249,0.9393939393939394,0.0,0.2857142857142857,0.2857142857142857,0.0357142857142857
823,"FewShot_WithAnswer","NEB_Qwen3235BInstruct","What are the curved paths called that Earth and other celestial bodies follow as they move around the sun?","orbits","trajectories","rotations","eclipses","Earth and many other bodies—including asteroids, comets, and the other planets—move around the sun in curved paths called orbits. Generally, the orbits are elliptical, or oval, in shape. You can see the shape of Earth’s orbit in the Figure below. Because of the sun’s relatively strong gravity, Earth and the other bodies constantly fall toward the sun, but they stay far enough away from the sun because of their forward velocity to fall around the sun instead of into it. As a result, they keep orbiting the sun and never crash to its surface. The motion of Earth and the other bodies around the sun is called orbital motion. Orbital motion occurs whenever an object is moving forward and at the same time is pulled by gravity toward another object. You can explore orbital motion and gravity in depth with the animation at this URL:.",0.45,0.3674234614174767,0.3051734304573303,0.23705515960405,0.5517241379310345,9.891186383969917,0.8947368421052632,0.0,0.1764705882352941,0.1764705882352941,0.1764705882352941
824,"FewShot_WithAnswer","NEB_Qwen3235BInstruct","In which lobe of the cerebral cortex is the primary motor cortex, located in the precentral gyrus, situated?","frontal","parietal","temporal","occipital","Primary Motor Cortex The primary motor cortex is located in the precentral gyrus of the frontal lobe. A neurosurgeon, Walter Penfield, described much of the basic understanding of the primary motor cortex by electrically stimulating the surface of the cerebrum. Penfield would probe the surface of the cortex while the patient was only under local anesthesia so that he could observe responses to the stimulation. This led to the belief that the precentral gyrus directly stimulated muscle movement. We now know that the primary motor cortex receives input from several areas that aid in planning movement, and its principle output stimulates spinal cord neurons to stimulate skeletal muscle contraction. The primary motor cortex is arranged in a similar fashion to the primary somatosensory cortex, in that it has a topographical map of the body, creating a motor homunculus (see Figure 14.23). The neurons responsible for musculature in the feet and lower legs are in the medial wall of the precentral gyrus, with the thighs, trunk, and shoulder at the crest of the longitudinal fissure. The hand and face are in the lateral face of the gyrus. Also, the relative space allotted for the different regions is exaggerated in muscles that have greater enervation. The greatest amount of cortical space is given to muscles that perform fine, agile movements, such as the muscles of the fingers and the lower face. The “power muscles” that perform coarser movements, such as the buttock and back muscles, occupy much less space on the motor cortex.",0.5238095238095238,0.4467062628403266,0.3417364939345517,0.2545878176449365,0.7200000000000001,3.978840738832942,0.8888888888888888,0.0,0.2666666666666666,0.2666666666666666,0.0666666666666666
826,"FewShot_WithAnswer","NEB_Qwen3235BInstruct","What factor determines the sex of developing crocodilians during embryonic development?","the temperature of the eggs","the genetic makeup of the parents","the size of the eggs","the humidity levels in the nest","The sex of developing crocodilians is determined by the temperature of the eggs during incubation.",0.5,0.408248290463863,0.3568829277518041,0.3087818953963447,0.6,2.767467531400217,0.8181818181818182,0.0,0.4,0.4,0.0
827,"FewShot_WithAnswer","NEB_Qwen3235BInstruct","What are the two main types of star clusters?","open and globular","spiral and elliptical","nebula and quasar","binary and variable","The two main types of star clusters are open clusters and globular clusters.",1.0,1.0,1.0,1.0,1.0,2.882716921209181,0.7777777777777778,0.0,0.75,1.0,0.5
829,"FewShot_WithAnswer","NEB_Qwen3235BInstruct","At what orientation do most waves strike the shore, leading to the creation of longshore currents?","at an angle","head-on","from behind","in reverse","Most waves strike the shore at an angle. This creates longshore currents, which are described in the concept ""Surface Ocean Currents.""",0.3333333333333333,0.3042903097250923,0.2792945351790323,0.2528116869739494,0.5,7.426891522879513,0.875,0.0,0.2857142857142857,0.3571428571428571,0.0714285714285714
831,"FewShot_WithAnswer","NEB_Qwen3235BInstruct","Which function does the tibia perform that the fibula does not, according to its role in the leg?","bear weight","form the ankle joint","attach muscles","articulate with the tarsals","Figure 8.18 Tibia and Fibula The tibia is the larger, weight-bearing bone located on the medial side of the leg. The fibula is the slender bone of the lateral side of the leg and does not bear weight.",0.2246644820586107,0.1420902945294489,0.0781591595652105,0.0587567665357059,0.25,3.3634349106374404,0.8888888888888888,0.0,0.1333333333333333,0.1333333333333333,0.0666666666666666
832,"FewShot_WithAnswer","NEB_Qwen3235BInstruct","What gas do reptiles absorb through their lungs due to their inability to obtain it through their skin?","oxygen","nitrogen","carbon","hydrogen","The scales of reptiles prevent them from absorbing oxygen through their skin, as amphibians can. Instead, reptiles breathe air only through their lungs. However, their lungs are more efficient than the lungs of amphibians, with more surface area for gas exchange. This is another important reptile adaptation for life on land.",0.4210526315789473,0.2977291710259147,0.245375110778276,0.1716961872505593,0.4666666666666666,6.028672931807018,0.8888888888888888,0.0,0.1666666666666666,0.1666666666666666,0.0555555555555555
833,"FewShot_WithAnswer","NEB_Qwen3235BInstruct","The structure that separates the cell from its environment and controls what enters or leaves the cell is called the?","membrane","nucleus","cytoplasm","ribosome","Regardless of the type of organism, all living cells share certain basic structures. For example, all cells are enclosed by a membrane. The cell membrane separates the cell from its environment. It also controls what enters or leaves the cell.",0.0952380952380952,0.0673435029701473,0.0609799602374997,0.0587762605993922,0.0833333333333333,3.358620912480217,0.9,0.0,0.375,0.0625,0.0625
834,"FewShot_WithAnswer","NEB_Qwen3235BInstruct","The phenomenon where metalloids exhibit both metallic and nonmetallic characteristics, such as partial electrical conductivity and variable chemical behavior, is best described as an example of what?","pleiotropic effects","allotropic forms","","metallic bonding","Metalloids are the smallest class of elements, containing just six members: boron (B), silicon (Si), germanium (Ge), arsenic (As), antimony (Sb), and tellurium (Te). Metalloids have some properties of metals (elements that can conduct electricity) and some properties of nonmetals (elements that cannot conduct electricity). For example, most metalloids can conduct electricity, but not as well as metals. Metalloids also tend to be shiny like metals, but brittle like nonmetals. Chemically, metalloids may behave like metals or nonmetals, depending on their number of valence electrons. You can learn more about specific metalloids by clicking on the element symbols in the periodic table at this URL: http://www. chemicool. com/ .",0.0333333333333333,0.0333333333333333,0.0337121536422296,0.0342019104325961,0.0625,4.04542391864283,0.925925925925926,0.0,0.04,0.04,0.08
835,"FewShot_WithAnswer","NEB_Qwen3235BInstruct","Some organisms become human parasites and cause diseases like candidiasis and athlete's foot. Which group of organisms includes those in the genera Candida and Trichophyton that can parasitize humans?","fungi","bacteria","viruses","protozoa","Some fungi cause disease when they become human parasites. Two examples are fungi in the genera Candida and Trichophyton.",0.1875,0.1082531754730548,0.0723058104821222,0.0595798746561634,0.3333333333333333,3.7175622765345184,0.9310344827586208,0.0,0.1785714285714285,0.1071428571428571,0.1071428571428571
836,"FewShot_WithAnswer","NEB_Qwen3235BInstruct","Which type of cells are primarily responsible for detecting environmental stimuli such as light, sound, and touch in animals?","sensory nerve cells","motor neurons","interneurons","glial cells","Animals can detect environmental stimuli, such as light, sound, and touch. Stimuli are detected by sensory nerve cells. The information is transmitted and processed by the nervous system. The nervous system, in turn, may direct the body to respond.",0.2272727272727272,0.1760446975548825,0.1434450389577386,0.110219046760288,0.32,2.9653282477934755,0.8947368421052632,0.0,0.4210526315789473,0.1578947368421052,0.0
838,"FewShot_WithAnswer","NEB_Qwen3235BInstruct","What term describes the cultivated forms of wheat, cotton, and tobacco plants, which have evolved through the combination of chromosomes from different species followed by genome duplication?","allopolyploids","autopolyploids","aneuploids","haploids","The cultivated forms of wheat, cotton, and tobacco plants are all allopolyploids. Although polyploidy occurs occasionally in animals, it takes place most commonly in plants. (Animals with any of the types of chromosomal aberrations described here are unlikely to survive and produce normal offspring.) Scientists have discovered more than half of all plant species studied relate back to a species evolved through polyploidy. With such a high rate of polyploidy in plants, some scientists hypothesize that this mechanism takes place more as an adaptation than as an error.",0.3548387096774194,0.3383254348935973,0.3250350414880671,0.3119756048064295,0.5,9.382683901888338,0.925925925925926,0.0,0.32,0.32,0.0
839,"FewShot_WithAnswer","NEB_Qwen3235BInstruct","Which isotope of hydrogen contains one proton and one neutron in its nucleus?","deuterium","tritium","hydrogen","helium","Hydrogen is an example of an element that has isotopes. Three isotopes of hydrogen are modeled in the Figure below . Most hydrogen atoms have just one proton and one electron and lack a neutron. These atoms are just called hydrogen. Some hydrogen atoms have one neutron as well. These atoms are the isotope named deuterium. Other hydrogen atoms have two neutrons. These atoms are the isotope named tritium. For animated versions of these hydrogen isotopes, go to this URL: http://www. s-cool. co. uk/a-level/physics/atomic-structure/revise-it/isotopes .",0.2857142857142857,0.2020305089104421,0.1464300422808239,0.1271824917276967,0.2857142857142857,2.124336995563818,0.8461538461538461,0.0,0.3076923076923077,0.1538461538461538,0.0769230769230769
840,"FewShot_WithAnswer","NEB_Qwen3235BInstruct","What type of compounds form crystals rather than molecules and are good conductors of electricity when dissolved in water or in the liquid state?","ionic compounds","covalent compounds","metallic substances","molecular solids","Ionic compounds form crystals instead of molecules. Ionic bonds are strong and the crystals are rigid. As a result, ionic compounds are brittle solids with high melting and boiling points. In the liquid state or dissolved in water, ionic compounds are good conductors of electricity.",0.28,0.1833030277982336,0.1409459746412978,0.1050406858667031,0.4,3.989969944162193,0.9166666666666666,0.0,0.217391304347826,0.1304347826086956,0.0434782608695652
841,"FewShot_WithAnswer","NEB_Qwen3235BInstruct","Which biological process involves the conversion of carbon dioxide and water into glucose and oxygen, utilizing energy from sunlight in plants?","photosynthesis","cellular respiration","fermentation","nitrogen fixation","One of the most important series of endothermic reactions is photosynthesis. In photosynthesis, plants make the simple sugar glucose (C 6 H 12 O 6 ) from carbon dioxide (CO 2 ) and water (H 2 O). They also release oxygen (O 2 ) in the process. The reactions of photosynthesis are summed up by this chemical equation:.",0.4347826086956521,0.2749806661015982,0.2176544902033194,0.1770224709583316,0.4864864864864864,8.905457961539943,0.9047619047619048,0.0,0.1,0.2,0.05
842,"FewShot_WithAnswer","NEB_Qwen3235BInstruct","The spleen's main function is to filter the blood. What does the spleen help regulate by filtering blood and removing old or damaged red blood cells?","pressure","temperature","oxygen levels","glucose levels","Organs of the lymphatic system include the tonsils, thymus gland and spleen. The thymus gland produces T cells or T-lymphocytes (see below) and the spleen and tonsils help in fighting infections. The spleen’s main function is to filter the blood. The spleen also detects viruses and bacteria and triggers the release of pathogen fighting cells.",0.1034482758620689,0.0597258899161681,0.0503178885884128,0.0466069695967841,0.1212121212121212,2.7472586147064195,0.9230769230769232,0.0,0.0434782608695652,0.0434782608695652,0.0869565217391304
843,"FewShot_WithAnswer","NEB_Qwen3235BInstruct","What theory explains the behavior of ideal gases through molecular motion and intermolecular distances?","kinetic molecular theory","quantum theory","thermodynamic theory","electromagnetic theory","Summary The behavior of ideal gases is explained by the kinetic molecular theory of gases. Molecular motion, which leads to collisions between molecules and the container walls, explains pressure, and the large intermolecular distances in gases explain their high compressibility. Although all gases have the same average kinetic energy at a given temperature, they do not all possess the same root mean square (rms) speed (vrms). The actual values of speed and kinetic energy are not the same for all particles of a gas but are given by a Boltzmann distribution, in which some molecules have higher or lower speeds (and kinetic energies) than average. Diffusion is the gradual mixing of gases to form a sample of uniform composition even in the absence of mechanical agitation. In contrast,effusion is the escape of a gas from a container through a tiny opening into an evacuated space. The rate of effusion of a gas is inversely proportional to the square root of its molar mass (Graham’s law), a relationship that closely approximates the rate of diffusion. As a result, light gases tend to diffuse and effuse much more rapidly than heavier gases. The mean free path of a molecule is the average distance it travels between collisions.",0.4,0.3265986323710904,0.2837966823940768,0.2435158009922315,0.4999999999999999,6.873739409798195,0.8571428571428571,0.0,0.3076923076923077,0.3076923076923077,0.1538461538461538
844,"FewShot_WithAnswer","NEB_Qwen3235BInstruct","Through which process do some protists take in nutrients by directly absorbing them across their cell membrane?","absorption","photosynthesis","endocytosis","osmosis","Protists get food through ingestion, absorption, or photosynthesis.",0.1666666666666666,0.0962250448649376,0.0816662175049407,0.0763839011187351,0.1481481481481481,7.1976109666015775,0.8823529411764706,0.0,0.0588235294117647,0.0588235294117647,0.1176470588235294
845,"FewShot_WithAnswer","NEB_Qwen3235BInstruct","In the life cycle of bryophytes and pterophytes, which male gamete must swim using flagella to reach and fertilize the female gamete?","sperm","zygote","spore","egg","the pterophytes, from which modern ferns are derived. The life cycle of bryophytes and pterophytes is characterized by the alternation of generations. The completion of the life cycle requires water, as the male gametes must swim to the female gametes. The male gametophyte releases sperm, which must swim—propelled by their flagella—to reach and fertilize the female gamete or egg. After fertilization, the zygote matures and grows into a sporophyte, which in turn will form sporangia, or ""spore vessels,” in which mother cells undergo meiosis and produce haploid spores. The release of spores in a suitable environment will lead to germination and a new generation of gametophytes.",0.5416666666666666,0.4249182927993987,0.361142075878122,0.3216587711388131,0.5263157894736842,3.8210072422170898,0.9090909090909092,0.0,0.3,0.35,0.05
846,"FewShot_WithAnswer","NEB_Qwen3235BInstruct","What component directly causes the wheels of the car to rotate by transferring rotational motion from the crankshaft?","turning driveshaft","moving piston","rotating crankshaft","engine block","In a car, the moving piston rotates a crankshaft, which turns a driveshaft. The turning driveshaft causes the wheels of the car to turn.",0.4736842105263157,0.4177502070101985,0.3874693589975903,0.361666508841803,0.5454545454545455,5.736052272952239,0.8888888888888888,0.0,0.3333333333333333,0.3333333333333333,0.0
847,"FewShot_WithAnswer","NEB_Qwen3235BInstruct","Which field has the goal of using knowledge for practical purposes?","technology","science","engineering","mathematics","Technology is sometimes referred to as applied science, but it has a different goal than science. The goal of science is to increase knowledge. The goal of technology is to use knowledge for practical purposes.",0.2897321390047188,0.2710195995232052,0.2439058497739019,0.2085542089199656,0.4285714285714285,6.169771088429853,0.8181818181818182,0.0,0.4,0.4,0.2
848,"FewShot_WithAnswer","NEB_Qwen3235BInstruct","Based on their electrical conductivity, aqueous solutions can be classified into which two categories?","polar and nonpolar","acidic and basic","ionic and covalent","concentrated and dilute","Aqueous solutions can be classified as polar or nonpolar depending on how well they conduct electricity.",0.25,0.1767766952966369,0.1277182387322588,0.1104479556707894,0.2307692307692307,3.249927267942988,0.8571428571428571,0.0,0.3571428571428571,0.1428571428571428,0.0
849,"FewShot_WithAnswer","NEB_Qwen3235BInstruct","What is the term for the concept that atoms tend to have eight electrons in their valence electron shell?","octet rule","ionic bonding","covalent stability","electron affinity","The octet rule is the concept that atoms tend to have eight electrons in their valence electron shell.",0.75,0.698212002188447,0.6752543983689931,0.6586134739641668,0.9090909090909092,3.2671070078511755,0.8947368421052632,0.0,0.7647058823529411,0.7647058823529411,0.0588235294117647
850,"FewShot_WithAnswer","NEB_Qwen3235BInstruct","What geological feature results from stresses that push toward each other, causing a decrease in the space a rock takes up?","a divide","a rift valley","a fault line","a plateau","stresses that push toward each other, which causes a decrease in the space a rock takes up.",0.1304347826086956,0.0753065568508207,0.0636425590156184,0.0591910306081772,0.1379310344827586,5.1455632429911065,0.9047619047619048,0.0,0.3333333333333333,0.0555555555555555,0.0555555555555555
851,"FewShot_WithAnswer","NEB_Qwen3235BInstruct","Which part of the immune system is responsible for generating antigen-specific memory cells that allow for a rapid and efficient response upon re-exposure to the same pathogen?","adaptive immune system","innate immune system","complement system","inflammatory response","Immunological Memory The adaptive immune system possesses a memory component that allows for an efficient and dramatic response upon reinvasion of the same pathogen. Memory is handled by the adaptive immune system with little reliance on cues from the innate response. During the adaptive immune response to a pathogen that has not been encountered before, called a primary response, plasma cells secreting antibodies and differentiated T cells increase, then plateau over time. As B and T cells mature into effector cells, a subset of the naïve populations differentiates into B and T memory cells with the same antigen specificities, as illustrated in Figure 42.16. A memory cell is an antigen-specific B or T lymphocyte that does not differentiate into effector cells during the primary immune response, but that can immediately become effector cells upon re-exposure to the same pathogen. During the primary immune response, memory cells do not respond to antigens and do not contribute to host defenses. As the infection is cleared and pathogenic stimuli subside, the effectors are no longer needed, and they undergo apoptosis. In contrast, the memory cells persist in the circulation.",0.5,0.3273268353539885,0.2283355701981471,0.1739579737564223,0.5365853658536585,3.247272578245536,0.925925925925926,0.0,0.2083333333333333,0.0833333333333333,0.0416666666666666
852,"FewShot_WithAnswer","NEB_Qwen3235BInstruct","What term describes behaviors that are performed automatically by all members of a species without prior experience or learning, such as honeybees performing the waggle dance or spiders spinning webs?","innate","learned","conditioned","imprinted","Examples of innate behavior include honeybees doing the waggle dance or spiders spinning a web.",0.3125,0.2420614591379635,0.2114234724255831,0.188408106620818,0.4186046511627906,4.961853998460657,0.9333333333333332,0.0,0.1785714285714285,0.1785714285714285,0.0357142857142857
853,"FewShot_WithAnswer","NEB_Qwen3235BInstruct","Which structures in the skin are responsible for removing water, salts, and other wastes as part of the integumentary system?","sweat glands","sebaceous glands","lymph nodes","hair follicles","Skin Sweat glands remove water, salts, and other wastes. Integumentary system.",0.3478260869565218,0.2749806661015982,0.2176544902033194,0.1488575612482158,0.4285714285714285,4.068694151356144,0.9,0.0,0.2777777777777778,0.2777777777777778,0.1111111111111111
854,"FewShot_WithAnswer","NEB_Qwen3235BInstruct","What anatomical structures in aquatic amphibians and fishes are responsible for supporting the gills and are located close to the body's surface?","branchial arches","pectoral fins","lateral lines","vertebral columns","The branchial arches , a series of arches that support the gills of aquatic amphibians and fishes. They lie close to the body's surface.",0.2916666666666667,0.2204792759220492,0.1616885386416773,0.1177345035035096,0.3428571428571428,3.884686141947996,0.9090909090909092,0.0,0.2,0.15,0.0
855,"FewShot_WithAnswer","NEB_Qwen3235BInstruct","What physiological parameter is determined by multiplying heart rate by stroke volume and can be increased through greater cardiac contractility or enhanced venous return?","cardiac output","blood pressure","pulse pressure","venous return","Blood Pressure Regulation Cardiac output is the volume of blood pumped by the heart in one minute. It is calculated by multiplying the number of heart contractions that occur per minute (heart rate) times the stroke volume (the volume of blood pumped into the aorta per contraction of the left ventricle). Therefore, cardiac output can be increased by increasing heart rate, as when exercising. However, cardiac output can also be increased by increasing stroke volume, such as if the heart contracts with greater strength. Stroke volume can also be increased by speeding blood circulation through the body so that more blood enters the heart between contractions. During heavy exertion, the blood vessels relax and increase in diameter, offsetting the increased heart rate and ensuring adequate oxygenated blood gets to the muscles. Stress triggers a decrease in the diameter of the blood vessels, consequently increasing blood pressure. These changes can also be caused by nerve signals or hormones, and even standing up or lying down can have a great effect on blood pressure.",0.32,0.2529822128134703,0.2,0.1365653549213938,0.3181818181818182,7.395822316194962,0.9166666666666666,0.0,0.125,0.125,0.0416666666666666
856,"FewShot_WithAnswer","NEB_Qwen3235BInstruct","The ancestor of birds is believed to have been similar to which group of bipedal dinosaurs?","theropods","pterosaurs","sauropods","ornithopods","Birds are thought to have evolved from a group of bipedal dinosaurs called theropods . The ancestor of birds was probably similar to the theropod called Deinonychus, which is represented by the sketch in Figure below . Fossils of Deinonychus were first identified in the 1960s. This was an extremely important discovery. It finally convinced most scientists that birds had descended from dinosaurs, which had been debated for almost a century.",0.4117647058823529,0.3480046931235068,0.2831764662359374,0.234572746360081,0.5,9.25835229052222,0.875,0.0,0.2666666666666666,0.2666666666666666,0.1333333333333333
857,"FewShot_WithAnswer","NEB_Qwen3235BInstruct","Which class of elements has properties intermediate between metals and nonmetals and can exhibit characteristics of both?","metalloids","halogens","alkali metals","noble gases","Elements in different groups are lumped together in one of three classes, depending on their properties. The classes are metals, nonmetals, and metalloids. Knowing the class of an element lets you predict many of its properties. The video at the URL below is a good introduction to the classes.",0.3888888888888889,0.3286710990610898,0.2671356127609454,0.1857885076257761,0.4444444444444445,3.410504695213552,0.8823529411764706,0.0,0.1176470588235294,0.1764705882352941,0.1176470588235294
858,"FewShot_WithAnswer","NEB_Qwen3235BInstruct","The two major structural classifications of proteins—fibrous and globular—are primarily distinguished by which physical property?","solubility","molar mass","amino acid sequence","oxygen-binding capacity","The two major structural classifications of proteins are based on far more general qualities: whether the protein is (1) fiberlike and insoluble or (2) globular and soluble. Some proteins, such as those that compose hair, skin, muscles, and connective tissue, are fiberlike. These fibrous proteins are insoluble in water and usually serve structural, connective, and protective functions. Globular proteins, the other major class, are soluble in aqueous media.",0.25,0.1118033988749895,0.0869732042744747,0.0777536842701581,0.2222222222222222,29.33925196997579,0.8666666666666667,0.0,0.3571428571428571,0.0714285714285714,0.0714285714285714
859,"FewShot_WithAnswer","NEB_Qwen3235BInstruct","Based on current climate trends, scientists predict that Glacier National Park will have no remaining what by as early as 2020?","active glaciers","icebergs","snowfall events","alpine lakes","In Glacier National Park ( Figure below ), many glaciers have become ice sheets. In 1850, the park had 150 glaciers. There are only about 25 today. The reason that there is so much melting is that summer temperatures have risen. Scientists estimate that the park will have no active glaciers as early as 2020.",0.0869565217391304,0.0614875461901345,0.0555968962818713,0.0534851338532806,0.2424242424242424,10.07671337778971,0.9047619047619048,0.0,0.1904761904761904,0.1428571428571428,0.0
860,"FewShot_WithAnswer","NEB_Qwen3235BInstruct","Which element is central to the structure of all organic macromolecules and is stored in fossil fuels as a result of ancient plant and algal remains?","carbon","nitrogen","oxygen","hydrogen","The Carbon Cycle Carbon is the fourth most abundant element in living organisms. Carbon is present in all organic molecules, and its role in the structure of macromolecules is of primary importance to living organisms. Carbon compounds contain energy, and many of these compounds from plants and algae have remained stored as fossilized carbon, which humans use as fuel. Since the 1800s, the use of fossil fuels has accelerated. As global demand for Earth’s limited fossil fuel supplies has risen since the beginning of the Industrial Revolution, the amount of carbon dioxide in our atmosphere has increased as the fuels are burned. This increase in carbon dioxide has been associated with climate change and is a major environmental concern worldwide.",0.2222222222222222,0.1571348402636772,0.0982932910361558,0.0785069137949878,0.3125,5.242032545013076,0.9230769230769232,0.0,0.0833333333333333,0.0833333333333333,0.0833333333333333
861,"FewShot_WithAnswer","NEB_Qwen3235BInstruct","What is a sample of matter that has the same physical and chemical properties throughout called in chemistry, using the strict chemical definition?","substance","mixture","solution","phase","A sample of matter that has the same physical and chemical properties throughout is called a substance. Sometimes the phrase pure substance is used, but the word pure isn’t needed. The definition of the term substance is an example of how chemistry has a specific definition for a word that is used in everyday language with a different, vaguer definition. Here, we will use the term substance with its strict chemical definition. Chemistry recognizes two different types of substances: elements and compounds. An element is the simplest type of chemical substance; it cannot be broken down into simpler chemical substances by ordinary chemical means. There are about 115 elements known to science, of which 80 are stable. (The other elements are radioactive, a condition we will consider in Chapter 15 ""Nuclear Chemistry"". ) Each element has its own unique set of physical and chemical properties. Examples of elements include iron, carbon, and gold.",0.56,0.5184592558726289,0.4975883869458153,0.4810837836298284,0.7222222222222223,13.788775278430029,0.9130434782608696,0.0,0.55,0.55,0.55
862,"FewShot_WithAnswer","NEB_Qwen3235BInstruct","Which organ is primarily affected by chronic infection with the hepatitis B virus, potentially leading to long-term damage and increased risk of cancer?","the liver","the pancreas","the spleen","the lungs","Hepatitis B is inflammation of the liver caused by infection with the hepatitis B virus. In many people, the immune system quickly eliminates the virus from the body. However, in a small percentage of people, the virus remains in the body and continues to cause illness. It may eventually damage the liver and increase the risk of liver cancer, which is usually fatal.",0.1599999999999999,0.0799999999999999,0.0643659589737086,0.0583526016818016,0.4137931034482758,3.7403851777179766,0.9130434782608696,0.0,0.2272727272727272,0.0909090909090909,0.0909090909090909
863,"FewShot_WithAnswer","NEB_Qwen3235BInstruct","A solution with a pH value greater than 7 is classified as what type of substance?","base","acid","neutral","salt","The strength of bases is measured on the pH scale. A pH value greater than 7 indicates a base, and the higher the number is, the stronger the base.",0.4705882352941176,0.3327561323230812,0.2748428663738388,0.2293760322624524,0.5384615384615384,8.926458038874404,0.875,0.0,0.3571428571428571,0.3571428571428571,0.0714285714285714
864,"FewShot_WithAnswer","NEB_Qwen3235BInstruct","In the calculation of percent yield, which term represents the maximum amount of product that can be formed based on stoichiometric predictions?","theoretical yield","actual yield","empirical yield","stoichiometric mass","The percent yield is determined by calculating the ratio of actual yield/theoretical yield.",0.2083333333333333,0.1317615691736824,0.0910506869686066,0.0765344119984825,0.1874999999999999,13.357540674938424,0.9090909090909092,0.0,0.1,0.1,0.15
865,"FewShot_WithAnswer","NEB_Qwen3235BInstruct","What geological features are located along both convergent and divergent plate boundaries and also occur at hot spots in the middle of plates?","volcanoes","earthquakes","fossils","glaciers","Volcanoes are located along convergent and divergent plate boundaries. They can be found in the middle of plates at hot spots.",0.4166666666666667,0.3486083443891982,0.2978328346625363,0.2449932250423938,0.5806451612903226,6.007172707328801,0.9130434782608696,0.0,0.2272727272727272,0.2272727272727272,0.0909090909090909
866,"FewShot_WithAnswer","NEB_Qwen3235BInstruct","What part of the neuron contains the central nucleus and gives rise to dendrites and axons?","cell body","axon terminal","myelin sheath","synaptic cleft","33.19. The large structure with a central nucleus is the cell body of the neuron. Projections from the cell body are either dendrites specialized in receiving input or a single axon specialized in transmitting impulses. Some glial cells are also shown. Astrocytes regulate the chemical environment of the nerve cell, and oligodendrocytes insulate the axon so the electrical nerve impulse is transferred more efficiently. Other glial cells that are not shown support the nutritional and waste requirements of the neuron. Some of the glial cells are phagocytic and remove debris or damaged cells from the tissue. A nerve consists of neurons and glial cells.",0.4705882352941176,0.4075413664867947,0.3462803127578433,0.3018758352547662,0.5,1.8630313138809889,0.875,0.0,0.1428571428571428,0.2857142857142857,0.0714285714285714
867,"FewShot_WithAnswer","NEB_Qwen3235BInstruct","What is the primary output produced by hydrogen-based fuel cells when used in manned space vehicles and electric cars?","electricity","heat","carbon dioxide","methane","Hydrogen-based fuel cells were and are used to provide electricity for manned space vehicles, partly because their only chemical product is water, which could be used for drinking. However, there has been a recent resurgence in interest in fuel cells because of their potential use in electric cars. Most electric cars run on conventional batteries, which can be very heavy and expensive to replace. It is thought that fuel cells, rather than conventional batteries, might be better sources of electricity for automobiles.",0.4,0.282842712474619,0.2034489536382202,0.1470697889351684,0.5625000000000001,5.648418390388063,0.8947368421052632,0.0,0.1666666666666666,0.1666666666666666,0.0
868,"FewShot_WithAnswer","NEB_Qwen3235BInstruct","What are plants called that have adaptations to survive in very dry environments by managing water intake, loss, or storage?","xerophytes","hydrophytes","mesophytes","halophytes","Plants that live in extremely dry environments have the opposite problem: how to get and keep water. Plants that are adapted to very dry environments are called xerophytes. Their adaptations may help them increase water intake, decrease water loss, or store water when it's available.",0.4347826086956521,0.3074377309506728,0.234461192067618,0.1573977076097071,0.5806451612903226,8.451910410710775,0.9,0.0,0.15,0.15,0.05
869,"FewShot_WithAnswer","NEB_Qwen3235BInstruct","Which type of neuron carries nerve impulses from sense organs and internal organs to the central nervous system?","sensory","motor","interneuron","autonomic","Sensory neurons carry nerve impulses from sense organs and internal organs to the central nervous system.",0.7368421052631579,0.7368421052631579,0.7319362200869844,0.7253339580074326,0.7500000000000001,3.345832000045654,0.8888888888888888,0.0,0.7058823529411765,0.7058823529411765,0.5294117647058824
870,"FewShot_WithAnswer","NEB_Qwen3235BInstruct","Which type of gland produces and excretes sebum to naturally lubricate the stratum corneum and prevent water loss from the skin in low-humidity environments?","sebaceous gland","sweat gland","thyroid gland","mucous gland","Sebaceous Glands A sebaceous gland is a type of oil gland that is found all over the body and helps to lubricate and waterproof the skin and hair. Most sebaceous glands are associated with hair follicles. They generate and excrete sebum, a mixture of lipids, onto the skin surface, thereby naturally lubricating the dry and dead layer of keratinized cells of the stratum corneum, keeping it pliable. The fatty acids of sebum also have antibacterial properties, and prevent water loss from the skin in low-humidity environments. The secretion of sebum is stimulated by hormones, many of which do not become active until puberty. Thus, sebaceous glands are relatively inactive during childhood.",0.4061711924101197,0.2121159872744531,0.1200597224559161,0.0912914599915012,0.3555555555555555,3.333028609316904,0.9166666666666666,0.0,0.4090909090909091,0.0909090909090909,0.0454545454545454
871,"FewShot_WithAnswer","NEB_Qwen3235BInstruct","Which sense is primarily engaged when detecting the fruity aroma of a sample at the fruit market?","smell","vision","touch","hearing","Vision is just one of several human senses. Other human senses include hearing, touch, taste, and smell. Imagine shopping at the fruit market in Figure below . It would stimulate all of these senses. You would hear the noisy bustle of the market. You could feel the smooth skin of the fruit. If you tried a sample, you could smell the fruity aroma and taste its sweet flavor.",0.0994265907571521,0.070305216554642,0.0638396374940973,0.0617623877972219,0.0714285714285714,49.07362652704809,0.8823529411764706,0.0,0.2142857142857142,0.0714285714285714,0.0
872,"FewShot_WithAnswer","NEB_Qwen3235BInstruct","In adults, how many bones make up the human skeleton?","206","244","130","186","Bones are the main organs of the skeletal system. In adults, the skeleton consists of a whopping 206 bones, many of them in the hands and feet. You can see many of the bones of the human skeleton in Figure below. The skeletal system also includes cartilage and ligaments.",0.3333333333333333,0.2357022603955158,0.1715714164000298,0.1499110694671168,0.5,6.2619804325561175,0.8,0.0,0.2222222222222222,0.3333333333333333,0.5555555555555556
873,"FewShot_WithAnswer","NEB_Qwen3235BInstruct","Temperature and precipitation determine what types of living things can grow in an area, which in turn support animals and other organisms. What primary living component directly depends on these climate factors and forms the foundation for other life in a biome?","plants","animals","fungi","bacteria","Temperature and precipitation determine what types of plants can grow in an area. Animals and other living things depend on plants. So each climate is associated with certain types of living things. A major type of climate and its living things make up a biome . As you read about the major climate types below, find them on the map above ( Figure above ).",0.4,0.3126943839882287,0.2496290795739502,0.2062275910257772,0.4827586206896552,5.517084893393946,0.9523809523809524,0.0,0.1794871794871795,0.1025641025641025,0.0256410256410256
874,"FewShot_WithAnswer","NEB_Qwen3235BInstruct","Which method of heat transfer occurs when two objects are in direct physical contact, allowing heat to flow from the hotter object to the cooler one?","conduction","convection","radiation","insulation","Heat can be transferred in three ways, through conduction, convection, and radiation. Conduction is the transfer of heat by physical contact. Heat flows from the hotter object to the cooler object. Convection is heat transfer by an intermediate substance (for example air or water). Your oven (often properly called the ‘convection oven’) works by heating up the air and then the air heats up your food. Radiation is the release of heat (and thus the lowering of its internal energy) by releasing electromagnetic waves. The hotter the object the higher the frequency of the light emitted. When you look at a fire the blue flames are hotter than the red flames because blue has a higher frequency than red.",0.25,0.1636634176769942,0.0997347467647625,0.078594386815106,0.3125,2.0360793522313383,0.9230769230769232,0.0,0.1666666666666666,0.0833333333333333,0.0416666666666666
875,"FewShot_WithAnswer","NEB_Qwen3235BInstruct","What analytical technique is used to separate DNA fragments by size and charge, allowing visualization of bands corresponding to different molecular weights after staining with a fluorescent dye?","gel electrophoresis","centrifugation","chromatography","spectrophotometry","Gel electrophoresis is an analytical technique used to separate DNA fragments by size and charge. Notice in Figure below that the 'gels' are rectangular in shape. The gels are made of a gelatin-like material of either agarose or polyacrylamide. An electric field, with a positive charge applied at one end of the gel, and a negative charge at the other end, forces the fragments to migrate through the gel. DNA molecules migrate from negative to positive charges due to the net negative charge of the phosphate groups in the DNA backbone. Longer molecules migrate more slowly through the gel matrix. After the separation is completed, DNA fragments of different lengths can be visualized using a fluorescent dye specific for DNA, such as ethidium bromide. The resulting stained gel shows bands correspond to DNA molecules of different lengths, which also correspond to different molecular weights. Band size is usually determined by comparison to DNA ladders containing DNA fragments of known length. Gel electrophoresis can also be used to separate RNA molecules and proteins.",0.2666666666666666,0.1632993161855452,0.1225180972240331,0.0900244910273369,0.3333333333333333,9.569933174316812,0.9285714285714286,0.0,0.3333333333333333,0.1111111111111111,0.037037037037037
876,"FewShot_WithAnswer","NEB_Qwen3235BInstruct","What approach uses critical thinking to analyze claims by questioning their scientific verifiability and opposes those lacking scientific evidence?","scientific skepticism","philosophical relativism","dogmatic empiricism","methodological fatalism","Scientific skepticism questions claims based on their scientific verifiability rather than accepting claims based on faith or anecdotes. Scientific skepticism uses critical thinking to analyze such claims and opposes claims which lack scientific evidence.",0.25,0.1936491673103708,0.1580408005117443,0.1216910922951113,0.3157894736842105,9.435259369581232,0.8947368421052632,0.0,0.2631578947368421,0.1578947368421052,0.0526315789473684
877,"FewShot_WithAnswer","NEB_Qwen3235BInstruct","If genes control behaviors that increase an animal's fitness, through which evolutionary process do these beneficial behaviors become more common in the species over time?","natural selection","genetic drift","habitat fragmentation","behavioral conditioning","Like the animals pictured above, all animals have behaviors that help them achieve these basic ends. Behaviors that help animals reproduce or survive increase their fitness. Animals with greater fitness have a better chance of passing their genes to the next generation. If genes control behaviors that increase fitness, the behaviors become more common in the species. In other words, they evolve by natural selection.",0.2142857142857142,0.0874817765279706,0.0656886708662171,0.0574611771746196,0.1904761904761905,5.580277574380179,0.92,0.0,0.2608695652173913,0.0434782608695652,0.0869565217391304
878,"FewShot_WithAnswer","NEB_Qwen3235BInstruct","What are carboxylic acids that serve as the structural components of many lipids and can be either saturated or unsaturated?","fatty acids","amino acids","nucleotides","glycerols","Fatty acids are carboxylic acids that are the structural components of many lipids. They may be saturated or unsaturated.",0.7142857142857143,0.5832118435198043,0.5143249039310909,0.455278956907587,0.7878787878787878,1.7147702442553514,0.9,0.0,0.2631578947368421,0.3157894736842105,0.1052631578947368
879,"FewShot_WithAnswer","NEB_Qwen3235BInstruct","Earth's axis is an imaginary line passing through which two points as it spins and orbits the Sun?","north and south","east and west","tropics of Cancer and Capricorn","equator and prime meridian","Earth's axis is an imaginary line passing through the North and South Poles. Earth's rotation is its spins on its axis. Rotation is what a top does around its spindle. As Earth spins on its axis, it also orbits around the Sun. This is called Earth's revolution. These motions lead to the cycles we see. Day and night, seasons, and the tides are caused by Earth's motions.",0.55,0.5244044240850758,0.506921293181442,0.4905234465271705,0.64,28.27954543698689,0.8888888888888888,0.0,0.4375,0.5,0.0625
881,"FewShot_WithAnswer","NEB_Qwen3235BInstruct","What do ionic compounds do when dissolved in water?","conduct electricity","generate heat","emit light","produce gas","Ionic compounds conduct electricity when dissolved in water.",0.8,0.6324555320336759,0.5108729549290354,0.427287006396234,0.7777777777777778,2.6406298807592186,0.7777777777777778,0.0,0.4444444444444444,0.3333333333333333,0.3333333333333333
882,"FewShot_WithAnswer","NEB_Qwen3235BInstruct","Which biological process is essential for unspecialized cells to acquire specific structures and functions during development, growth, and repair in multicellular organisms?","differentiation","mutation","metastasis","fission","Development is all of the changes the body goes through in life. Development includes the process of differentiation, in which unspecialized cells become specialized in structure and function to perform certain tasks in the body. Development also includes the processes of growth and repair, both of which involve cell differentiation. Growth is the increase in body size. Humans, like all multicellular organisms, grow by increasing the number of existing cells, increasing the amount of non-cellular material around cells (such as mineral deposits in bone), and, within very narrow limits, increasing the size of existing cells. Reproduction is the formation of a new organism from parent organisms. In humans, reproduction is carried out by the male and female reproductive systems. Because death will come to all complex organisms, without reproduction, the line of organisms would end.",0.32,0.1599999999999999,0.102174590985807,0.0825230406981589,0.3902439024390244,3.264956675732829,0.9090909090909092,0.0,0.1363636363636363,0.0909090909090909,0.0
885,"FewShot_WithAnswer","NEB_Qwen3235BInstruct","What type of bond involves the sharing of a pair of valence electrons between nonmetal atoms?","covalent","ionic","metallic","hydrogen","A covalent bond is the force of attraction that holds together two atoms that share a pair of valence electrons. Covalent bonds form only between atoms of nonmetals.",0.5423798680384118,0.3656724324343285,0.3037349368314945,0.2617993175308465,0.5161290322580646,2.5825653299387814,0.875,0.0,0.2857142857142857,0.2857142857142857,0.1428571428571428
886,"FewShot_WithAnswer","NEB_Qwen3235BInstruct","In the root structure, which type of cells covering the region above the meristem may have root hairs to enhance absorption of water and minerals?","epidermal","vascular","ground","meristematic","Above the meristem, the rest of the root is covered with a single layer of epidermal cells. These cells may have root hairs that increase the surface area for the absorption of water and minerals from the soil. Beneath the epidermis is ground tissue, which may be filled with stored starch. Bundles of vascular tissues form the center of the root. Waxy layers waterproof the vascular tissues so they don’t leak, making them more efficient at carrying fluids. Secondary meristem is located within and around the vascular tissues. This is where growth in thickness occurs.",0.5925925925925926,0.4444444444444444,0.3120617471844202,0.2220510844578545,0.5714285714285713,14.024696173690357,0.92,0.0,0.2272727272727272,0.1818181818181818,0.0909090909090909
887,"FewShot_WithAnswer","NEB_Qwen3235BInstruct","Which group of plants was the first to evolve and lacks vascular tissue?","nonvascular plants","gymnosperms","angiosperms","vascular plants","Nonvascular plants were the first plants to evolve and do not have vascular tissue.",0.4285714285714285,0.3030457633656632,0.1918776365805571,0.1557661044742997,0.4444444444444444,11.104930112285617,0.8461538461538461,0.0,0.25,0.1666666666666666,0.1666666666666666
888,"FewShot_WithAnswer","NEB_Qwen3235BInstruct","What term refers to the distance between two adjacent crests of a transverse wave or two adjacent compressions of a longitudinal wave, typically measured in meters and related to the wave's energy?","wavelength","frequency","amplitude","velocity","Another important measure of wave size is wavelength. Wavelength is the distance between two corresponding points on adjacent waves (see Figure above ). Wavelength can be measured as the distance between two adjacent crests of a transverse wave or two adjacent compressions of a longitudinal wave. It is usually measured in meters. Wavelength is related to the energy of a wave. Short-wavelength waves have more energy than long-wavelength waves of the same amplitude. You can see examples of waves with shorter and longer wavelengths in Figure below .",0.2285714285714285,0.1807015805810502,0.1422947073374935,0.1149530699351298,0.358974358974359,6.255757831111415,0.9375,0.0,0.5357142857142857,0.1071428571428571,0.1071428571428571
889,"FewShot_WithAnswer","NEB_Qwen3235BInstruct","Which organisms are responsible for breaking down dead organisms and organic wastes, thereby releasing inorganic molecules back into the environment for reuse by producers?","decomposers","primary consumers","autotrophs","carnivores","Decomposers break down dead organisms and other organic wastes and release inorganic molecules back to the environment.",0.4230769230769231,0.3374986302843124,0.2631608844257045,0.1974107013541959,0.45,5.618522534482612,0.9166666666666666,0.0,0.1739130434782608,0.1739130434782608,0.0869565217391304
890,"FewShot_WithAnswer","NEB_Qwen3235BInstruct","What biological unit's shape is evolutionarily optimized to support its specific function, as seen in neurons, red blood cells, and pollen grains?","cell","organ","molecule","tissue","The variety of cell shapes seen in prokaryotes and eukaryotes reflects the functions that each cell has, confirming the structure-function relationship seen throughout biology. Each cell type has evolved a shape that is best related to its function. For example, the neuron in Figure below has long, thin extensions ( axons and dendritres ) that reach out to other nerve cells. The extensions help the neuron pass chemical and electrical messages quickly through the body. The shape of the red blood cells ( erythrocytes ) enable these cells to easily move through capillaries . The spikes on the pollen grain help it stick to a pollinating insect or animal so that it can be transferred to and pollinate another flower. The long whip-like flagella (tails) of the algae Chlamydomonas help it swim in water.",0.1481481481481481,0.1047565601757848,0.0750118201310182,0.0641006266927953,0.2162162162162162,2.572114018482788,0.9090909090909092,0.0,0.1363636363636363,0.0909090909090909,0.0454545454545454
891,"FewShot_WithAnswer","NEB_Qwen3235BInstruct","What is the scientific discipline called that involves grouping organisms based on molecular similarities such as DNA and proteins to understand their evolutionary relationships?","taxonomy","microbiology","ecology","genetics","Like you, scientists also group together similar organisms. The science of classifying living things is called taxonomy. Scientists classify living things in order to organize and make sense of the incredible diversity of life. Modern scientists base their classifications mainly on molecular similarities. They group together organisms that have similar proteins and DNA. Molecular similarities show that organisms are related. In other words, they are descendants of a common ancestor in the past.",0.2,0.1549193338482966,0.1259921049894873,0.0965662885400652,0.1935483870967741,5.700946287425162,0.9166666666666666,0.0,0.1304347826086956,0.0869565217391304,0.0869565217391304
892,"FewShot_WithAnswer","NEB_Qwen3235BInstruct","Which tissue's ability to contract and relax is directly dependent on the long, slender shape of the protein strands it contains?","muscle","bone","skin","liver","Although some polypeptides exist as linear chains, most are twisted or folded into more complex secondary structures that form when bonding occurs between amino acids with different properties at different regions of the polypeptide. The most common secondary structure is a spiral called an alpha-helix. If you were to take a length of string and simply twist it into a spiral, it would not hold the shape. Similarly, a strand of amino acids could not maintain a stable spiral shape without the help of hydrogen bonds, which create bridges between different regions of the same strand (see Figure 2.26b). Less commonly, a polypeptide chain can form a beta-pleated sheet, in which hydrogen bonds form bridges between different regions of a single polypeptide that has folded back upon itself, or between two or more adjacent polypeptide chains. The secondary structure of proteins further folds into a compact three-dimensional shape, referred to as the protein’s tertiary structure (see Figure 2.26c). In this configuration, amino acids that had been very distant in the primary chain can be brought quite close via hydrogen bonds or, in proteins containing cysteine, via disulfide bonds. A disulfide bond is a covalent bond between sulfur atoms in a polypeptide. Often, two or more separate polypeptides bond to form an even larger protein with a quaternary structure (see Figure 2.26d). The polypeptide subunits forming a quaternary structure can be identical or different. For instance, hemoglobin, the protein found in red blood cells is composed of four tertiary polypeptides, two of which are called alpha chains and two of which are called beta chains. When they are exposed to extreme heat, acids, bases, and certain other substances, proteins will denature. Denaturation is a change in the structure of a molecule through physical or chemical means. Denatured proteins lose their functional shape and are no longer able to carry out their jobs. An everyday example of protein denaturation is the curdling of milk when acidic lemon juice is added. The contribution of the shape of a protein to its function can hardly be exaggerated. For example, the long, slender shape of protein strands that make up muscle tissue is essential to their ability to contract (shorten) and relax (lengthen). As another example, bones contain long threads of a protein called collagen that acts as scaffolding upon which bone minerals are deposited. These elongated proteins, called fibrous proteins, are strong and durable and typically hydrophobic.",0.3333333333333333,0.2357022603955158,0.1690479407705028,0.1217311552115819,0.2564102564102564,8.491893441829808,0.9047619047619048,0.0,0.3157894736842105,0.1052631578947368,0.1052631578947368
893,"FewShot_WithAnswer","NEB_Qwen3235BInstruct","Which environmental condition renders marginal lands unsuitable for farming and increasingly challenges agriculture on otherwise fertile lands as temperatures rise?","drought","flooding","overgrazing","deforestation","Many lands are marginal for farming. When rainfall is normal or high, the lands can produce. When rainfall is low, no crops grow. Drought makes marginal lands unsuitable for farming. Drought can also make good lands more difficult to farm. These changes will increase as temperatures warm.",0.2857142857142857,0.2608202654786505,0.2387284730935516,0.2152881266255344,0.3703703703703703,17.802289253792104,0.9,0.0,0.25,0.25,0.0
894,"FewShot_WithAnswer","NEB_Qwen3235BInstruct","What happens to water when it freezes, due to its unusual density characteristics?","it expands","it contracts","it evaporates","it decomposes","In its pure liquid form, water is a poor conductor of electricity. Unlike most substances, water is more dense in its liquid state than its solid state. As a result, water expands when it freezes, and ice floats on water.",0.5333333333333333,0.4988876515698588,0.474252440598675,0.4500531895417844,0.7000000000000001,5.094781310961684,0.8461538461538461,0.0,0.2307692307692307,0.5384615384615384,0.0769230769230769
895,"FewShot_WithAnswer","NEB_Qwen3235BInstruct","In which part of the small intestine does the majority of vitamin B12 and bile acid absorption occur, and where does the small intestine connect to the large intestine?","ileum","duodenum","jejunum","cecum","The human small intestine is over 6m long and is divided into three parts: the duodenum, the jejunum, and the ileum. The “C-shaped,” fixed part of the small intestine is called the duodenum... The second part of the small intestine is called the jejunum... The bulk of chemical digestion and nutrient absorption occurs in the jejunum. [Implicit inference: The ileum is the final section, responsible for absorption of vitamin B12 and bile acids, and connects to the large intestine via the ileocecal valve, though not explicitly stated, this is common expert knowledge contextualized within the full passage.]",0.2580645161290322,0.1824791693384639,0.103538478480264,0.0786550903945364,0.2222222222222222,1.7789303447567204,0.896551724137931,0.0,0.16,0.08,0.08
896,"FewShot_WithAnswer","NEB_Qwen3235BInstruct","What is the ability of a fluid to exert an upward force on any object placed in it?","buoyancy","viscosity","density","pressure","Buoyancy is the ability of a fluid to exert an upward force on any object placed in it. The upward force is called buoyant force. An object’s weight and the buoyant force acting on it determine whether the object sinks or floats. Less dense objects and fluids float in fluids with greater density.",0.8539396656235351,0.8539396656235351,0.83782373438393,0.8158904984974137,0.9375,3.114059932978429,0.8888888888888888,0.0,0.9333333333333332,0.8666666666666667,0.2
897,"FewShot_WithAnswer","NEB_Qwen3235BInstruct","In a fuel cell, what must be continuously supplied from an external source to sustain the electrochemical reaction that generates electricity?","reactants","electrolytes","catalysts","electrons","Fuel Cells A fuel cell is a galvanic cell that requires a constant external supply of reactants because the products of the reaction are continuously removed. Unlike a battery, it does not store chemical or electrical energy; a fuel cell allows electrical energy to be extracted directly from a chemical reaction. In principle, this should be a more efficient process than, for example, burning the fuel to drive an internal combustion engine that turns a generator, which is typically less than 40% efficient, and in fact, the efficiency of a fuel cell is generally between 40% and 60%. Unfortunately, significant cost and reliability problems have hindered the wide-scale adoption of fuel cells. In practice, their use has been restricted to applications in which mass may be a significant cost factor, such as US manned space vehicles. These space vehicles use a hydrogen/oxygen fuel cell that requires a continuous input of H2(g) and O2(g), as illustrated in Figure 19.16 ""A Hydrogen Fuel Cell Produces Electrical Energy Directly from a Chemical Reaction"". The electrode reactions are as follows: Equation 19.93.",0.3043478260869566,0.1626807559466931,0.1063530365629538,0.086997665125015,0.3333333333333333,4.079606325680675,0.9047619047619048,0.0,0.1111111111111111,0.1111111111111111,0.0
898,"FewShot_WithAnswer","NEB_Qwen3235BInstruct","What type of symbiotic relationship is exemplified by lichens, where both the fungus and the photosynthetic organism depend on each other for survival?","mutualism","parasitism","commensalism","predation","Lichens are not a single organism, but rather an example of a mutualism, in which a fungus (usually a member of the Ascomycota or Basidiomycota phyla) lives in close contact with a photosynthetic organism (a eukaryotic alga or a prokaryotic cyanobacterium) (Figure 24.23). Generally, neither the fungus nor the photosynthetic organism can survive alone outside of the symbiotic relationship. The body of a lichen, referred to as a thallus, is formed of hyphae wrapped around the photosynthetic partner. The photosynthetic organism provides carbon and energy in the form of carbohydrates. Some cyanobacteria fix nitrogen from the atmosphere, contributing nitrogenous compounds to the association. In return, the fungus supplies minerals and protection from dryness and excessive light by encasing the algae in its mycelium. The fungus also attaches the symbiotic organism to the substrate.",0.1599999999999999,0.0799999999999999,0.0643659589737086,0.0583526016818016,0.2580645161290322,2.235777746035281,0.9130434782608696,0.0,0.1428571428571428,0.0476190476190476,0.1904761904761904
899,"FewShot_WithAnswer","NEB_Qwen3235BInstruct","Which theory assumes that gas particles are so far apart that they do not interact and do not 'feel' each other, allowing us to treat them as tiny bits of matter whose identity is unimportant to certain physical properties?","kinetic theory","quantum theory","thermodynamic theory","electromagnetic theory","The kinetic theory also states that there is no interaction between individual gas particles. Although we know that there are, in fact, intermolecular interactions in real gases, the kinetic theory assumes that gas particles are so far apart that the individual particles don’t “feel” each other. Thus, we can treat gas particles as tiny bits of matter whose identity isn’t important to certain physical properties.",0.1428571428571428,0.0824786098842322,0.0549498194147135,0.0451294150397419,0.196078431372549,3.841174683005944,0.9487179487179488,0.0,0.2564102564102564,0.0512820512820512,0.0512820512820512
900,"FewShot_WithAnswer","NEB_Qwen3235BInstruct","Which group of cartilaginous fish is most frequently studied and known for features such as a cartilaginous skeleton, absence of a swim bladder, and a well-developed brain?","sharks","rays","bony fish","mammals","Sharks are some of the most frequently studied cartilaginous fish. Sharks are distinguished by such features as:.",0.3,0.1999999999999999,0.1402482108628845,0.0996284765501776,0.4848484848484848,2.8250004797784163,0.925925925925926,0.0,0.125,0.125,0.0833333333333333
901,"FewShot_WithAnswer","NEB_Qwen3235BInstruct","What is the process by which vapor lights produce visible light when an electric current passes through the gases, causing the solid sodium or mercury to emit light?","electroluminescence","incandescence","fluorescence","phosphorescence","A vapor light produces visible light by electroluminescence. The bulb contains a small amount of solid sodium or mercury as well as a mixture of neon and argon gases. When an electric current passes through the gases, it causes the solid sodium or mercury to change to a gas and emit visible light. Sodium vapor lights, like these streetlights, produce yellowish light. Mercury vapor lights produce bluish light. Vapor lights are very bright and energy efficient. The bulbs are also long lasting.",0.2333333333333333,0.1247219128924647,0.0812510863095066,0.0661580009925034,0.4375,4.543566548204498,0.9285714285714286,0.0,0.25,0.0833333333333333,0.0833333333333333
902,"FewShot_WithAnswer","NEB_Qwen3235BInstruct","What substance's chemistry determines both the type of igneous rock formed and how it moves, including whether it erupts explosively or flows out as lava?","magma","lava","crust","plasma","The chemistry of a magma determines the type of igneous rock it forms. The chemistry also determines how the magma moves. Thicker magmas tend to stay below the surface or erupt explosively. When magma is fluid and runny, it often reaches the surface by flowing out in rivers of lava.",0.4285714285714285,0.2474358296526967,0.1313773417324343,0.0966377958047924,0.4,3.2852249397344133,0.92,0.0,0.1666666666666666,0.0833333333333333,0.0833333333333333
903,"FewShot_WithAnswer","NEB_Qwen3235BInstruct","What anatomical feature beneath the skin do mammals have that helps insulate the body and is not found in other vertebrates?","a layer of fat","a layer of muscle","a network of blood vessels","a coat of scales","Conserving heat is also important, especially in small mammals. A small body has a relatively large surface area compared to its overall size. Because heat is lost from the surface of the body, small mammals lose a greater proportion of their body heat than large mammals. Mammals conserve body heat with their hair or fur. It traps a layer of warm air next to the skin. Most mammals can make their hair stand up from the skin, so it becomes an even better insulator (see Figure below ). Mammals also have a layer of fat under the skin to help insulate the body. This fatty layer is not found in other vertebrates.",0.4545454545454545,0.3520893951097652,0.2606569342297154,0.1725021305149034,0.4827586206896551,2.5890143825629437,0.9047619047619048,0.0,0.3157894736842105,0.1578947368421052,0.1052631578947368
904,"FewShot_WithAnswer","NEB_Qwen3235BInstruct","What type of fog and rain result when air pollutants form acids in water droplets in the air?","acid","carbon","natural","sulfur","Acidity is an important factor for living things. For example, many plants grow best in soil that has a pH between 6 and 7. Fish may also need a pH between 6 and 7. Certain air pollutants form acids when dissolved in water droplets in the air. This results in acid fog and acid rain, which may have a pH of 4 or even lower. The pH chart in the Figure above and the Figure below reveal some of the adverse effects of acid fog and rain. Acid rain not only kills trees. It also lowers the pH of surface waters such as ponds and lakes. As a result, the water may become too acidic for fish and other water organisms to survive.",0.5789473684210527,0.5236775984771683,0.4742250698800479,0.4208415898846485,0.5999999999999999,7.049183077519874,0.8888888888888888,0.0,0.2941176470588235,0.2941176470588235,0.1764705882352941
905,"FewShot_WithAnswer","NEB_Qwen3235BInstruct","Which element is the most abundant in the universe, makes up the majority of the sun and stars, has three isotopes including deuterium and tritium, and is a key component in water, petroleum, and numerous organic compounds?","hydrogen","oxygen","carbon","nitrogen","Hydrogen is the most abundant element in the universe. The sun and other stars are composed largely of hydrogen. Astronomers estimate that 90% of the atoms in the universe are hydrogen atoms. Hydrogen is a component of more compounds than any other element. Water is the most abundant compound of hydrogen found on earth. Hydrogen is an important part of petroleum, many minerals, cellulose and starch, sugar, fats, oils, alcohols, acids, and thousands of other substances. At ordinary temperatures, hydrogen is a colorless, odorless, tasteless, and nonpoisonous gas consisting of the diatomic molecule H2. Hydrogen is composed of three isotopes, and unlike other elements, these isotopes have different names and chemical symbols: protium, 1H, deuterium, 2H (or “D”), and tritium 3H (or “T”). In a naturally occurring sample of hydrogen, there is one atom of deuterium for every 7000 H atoms and one atom of radioactive tritium for every 1018 H atoms. The chemical properties of the different isotopes are very similar because they have identical electron structures, but they differ in some physical properties because of their differing atomic masses. Elemental deuterium and tritium have lower vapor pressure than ordinary hydrogen. Consequently, when liquid hydrogen evaporates, the heavier isotopes are concentrated in the last portions to evaporate. Electrolysis of heavy water, D2O, yields deuterium. Most tritium originates from nuclear reactions.",0.2093023255813953,0.1973321249822923,0.1865297514910884,0.1755508481892274,0.3076923076923076,3.302333013104472,0.945945945945946,0.0,0.09375,0.1875,0.09375
906,"FewShot_WithAnswer","NEB_Qwen3235BInstruct","Atoms of a given what are identical in size, mass, and other properties, while atoms of different ones differ in these characteristics?","element","compound","molecule","ion","Atoms of a given element are identical in size, mass, and other properties. Atoms of different elements differ in size, mass, and other properties.",0.5384615384615384,0.5188745216627708,0.4911254685784181,0.4590945731096951,0.6875000000000001,16.406091870977505,0.9090909090909092,0.0,0.3809523809523809,0.3809523809523809,0.2857142857142857
907,"FewShot_WithAnswer","NEB_Qwen3235BInstruct","Why is spongy bone lighter and less dense than compact bone?","porous","rigid","calcified","fibrous","Spongy bone is found inside bones and is lighter and less dense than compact bone. This is because spongy bone is porous.",0.4278475991938267,0.3579629836940476,0.3298387807655724,0.3098035391501594,0.6666666666666666,4.233472124388912,0.8181818181818182,0.0,0.6363636363636364,0.6363636363636364,0.1818181818181818
908,"FewShot_WithAnswer","NEB_Qwen3235BInstruct","Animals cannot produce their own what, which is why they must consume other living things for nutrients?","food","energy","oxygen","water","Animals are a kingdom of multicellular eukaryotes. They cannot make their own food. Instead, they get nutrients by eating other living things. Therefore, animals are heterotrophs.",0.5,0.3535533905932738,0.2360815978543417,0.1644290227477915,0.4827586206896552,9.640926351529036,0.8823529411764706,0.0,0.1764705882352941,0.1764705882352941,0.1764705882352941
909,"FewShot_WithAnswer","NEB_Qwen3235BInstruct","According to the VSEPR model, what is the electron domain geometry of ammonia (NH₃)?","tetrahedral","trigonal planar","linear","octahedral","Another example of sp 3 hybridization occurs in the ammonia (NH 3 ) molecule. The electron domain geometry of ammonia is also tetrahedral, meaning that there are four groups of electrons around the central nitrogen atom. Unlike methane, however, one of those electron groups is a lone pair. The resulting molecular geometry is trigonal pyramidal. Just as in the carbon atom, the hybridization process starts as a promotion of a 2s electron to a 2p orbital, followed by hybridization to form a set of four sp 3 hybrids. In this case, one of the hybrid orbitals already contains a pair of electrons, leaving only three half-filled orbitals available to form covalent bonds with three hydrogen atoms.",0.4444444444444444,0.415739709641549,0.3936544047279695,0.3715770152515523,0.7368421052631579,5.495831321970639,0.8571428571428571,0.0,0.4166666666666667,0.5833333333333334,0.0833333333333333
910,"FewShot_WithAnswer","NEB_Qwen3235BInstruct","From where does the oocyte leave just before fertilization occurs in humans?","ovary","uterus","fallopian tube","cervix","Figure 43.18 In humans, fertilization occurs soon after the oocyte leaves the ovary. Implantation occurs eight or nine days later. (credit: Ed Uthman).",0.4615384615384615,0.3263569759322527,0.207046638926434,0.1685399913597313,0.5,4.04579816359094,0.8333333333333334,0.0,0.1818181818181818,0.1818181818181818,0.1818181818181818
911,"FewShot_WithAnswer","NEB_Qwen3235BInstruct","In which biological process are water and carbon dioxide converted into G3P and oxygen, utilizing ATP and NADPH as energy sources, and involving chlorophyll as a key pigment?","photosynthesis","cellular respiration","fermentation","chemosynthesis","In photosynthesis, oxygen, carbon dioxide, ATP, and NADPH are reactants. G3P and water are products. In photosynthesis, chlorophyll, water, and carbon dioxide are reactants. G3P and oxygen are products. In photosynthesis, water, carbon dioxide, ATP, and NADPH are reactants. RuBP and oxygen are products. In photosynthesis, water and carbon dioxide are reactants. G3P and oxygen are products.",0.2580645161290322,0.1580315963085921,0.0940709506984975,0.0731968093142705,0.409090909090909,10.11776860665386,0.9285714285714286,0.0,0.1481481481481481,0.1111111111111111,0.037037037037037
912,"FewShot_WithAnswer","NEB_Qwen3235BInstruct","What is the basic unit of the structure and function of all living things according to the text?","cell","organ","tissue","molecule","All forms of life are built of at least one cell. A cell is the basic unit of the structure and function of living things. Living things may appear very different from one another on the outside, but their cells are very similar. Compare the human cells on the left in Figure below and onion cells on the right in Figure below . How are they similar? If you click on the animation titled Inside a Cell at the link below, you can look inside a cell and see its internal structures. http://bio-alive. com/animations/cell-biology. htm.",0.7368421052631579,0.6821832314113537,0.6370544077286299,0.608248141604796,0.846153846153846,2.5968135735810542,0.8888888888888888,0.0,0.5333333333333333,0.6,0.6
913,"FewShot_WithAnswer","NEB_Qwen3235BInstruct","Based on the provided text, what does the Moon do as a result of Earth's gravitational force?","orbit the earth","move in a straight line away from Earth","remain stationary in space","rotate on its axis independently of Earth","= 2.72×10 −3 m/s. 2 The direction of the acceleration is toward the center of the Earth. Discussion The centripetal acceleration of the Moon found in (b) differs by less than 1% from the acceleration due to Earth’s gravity found in (a). This agreement is approximate because the Moon’s orbit is slightly elliptical, and Earth is not stationary (rather the Earth-Moon system rotates about its center of mass, which is located some 1700 km below Earth’s surface). The clear implication is that Earth’s gravitational force causes the Moon to orbit Earth.",0.3499999999999999,0.229128784747792,0.1767984959301803,0.1323703747114948,0.5454545454545454,2.956200598949932,0.8823529411764706,0.0,0.1428571428571428,0.2142857142857142,0.0
914,"FewShot_WithAnswer","NEB_Qwen3235BInstruct","When a nerve impulse reaches the end of an axon, what chemicals are released to transmit the signal to the next cell?","neurotransmitters","hormones","enzymes","ions","When a nerve impulse reaches the end of an axon, the axon releases chemicals called neurotransmitters.",0.75,0.6123724356957946,0.5639388819380087,0.534340827899273,0.7096774193548386,2.647456990692011,0.9090909090909092,0.0,0.4117647058823529,0.4705882352941176,0.0588235294117647
916,"FewShot_WithAnswer","NEB_Qwen3235BInstruct","Under what type of conditions do populations grow exponentially, where the growth rate increases as the population gets larger?","ideal","stressful","predatory","saturated","Under ideal conditions, populations can grow exponentially. The growth rate increases as the population gets larger. Most populations do not live under ideal conditions and grow logistically instead. Density-dependent factors slow population growth as population size nears the carrying capacity.",0.4285714285714285,0.3779644730092272,0.3293168780041747,0.2740327099969341,0.6153846153846153,2.10618620982951,0.8947368421052632,0.0,0.4117647058823529,0.2941176470588235,0.1176470588235294
918,"FewShot_WithAnswer","NEB_Qwen3235BInstruct","How many mass extinctions have occurred in Earth's history according to the support text?","five","three","seven","ten","Extinction is the complete dying out of a species. Once a species goes extinct, it can never return. More than 99 percent of all the species that ever lived on Earth have gone extinct. Five mass extinctions have occurred in Earth’s history. They were caused by major geologic and climatic events. The fifth mass extinction wiped out the dinosaurs 65 million years ago.",0.5625,0.4960783708246107,0.4345033306108062,0.3912711450183218,0.7272727272727274,3.552248796773601,0.8571428571428571,0.0,0.3846153846153846,0.4615384615384615,0.1538461538461538
919,"FewShot_WithAnswer","NEB_Qwen3235BInstruct","What is required by all living things because it enables them to carry out life processes such as growth, movement, and reproduction?","energy","oxygen","water","nutrients","Energy is the ability to change or move matter. All life processes require energy, so all living things need energy.",0.48,0.3394112549695428,0.243288079822936,0.1881118536328195,0.5365853658536586,4.096135933427704,0.9090909090909092,0.0,0.1363636363636363,0.1818181818181818,0.2272727272727272
920,"FewShot_WithAnswer","NEB_Qwen3235BInstruct","Based on the observation of matching rock layers on opposite sides of the Grand Canyon, which geological principle explains that these layers were originally deposited as continuous layers across the area before being eroded?","lateral continuity","superposition","cross-cutting relationships","original horizontality","Look at the Grand Canyon in Figure below . It’s a good example of lateral continuity. You can clearly see the same rock layers on opposite sides of the canyon. The matching rock layers were deposited at the same time, so they are the same age.",0.4166666666666667,0.2846375212766555,0.2099868416491455,0.1690653646485627,0.4528301886792452,10.616805836729611,0.9411764705882352,0.0,0.1935483870967742,0.1290322580645161,0.0
921,"FewShot_WithAnswer","NEB_Qwen3235BInstruct","What do astronomers study from stars to gather information about the universe, which also travels across empty space?","light","gravity","sound","matter","Earth is just a tiny speck in the universe. Our planet is surrounded by lots of space. Light travels across empty space. Astronomers can study light from stars to learn about the universe. Light is the visible part of the electromagnetic spectrum. Astronomers use the light that comes to us to gather information about the universe.",0.2,0.1414213562373095,0.1017244768191101,0.0874482197018253,0.1538461538461538,8.063194656380261,0.8888888888888888,0.0,0.2941176470588235,0.1176470588235294,0.0588235294117647
922,"FewShot_WithAnswer","NEB_Qwen3235BInstruct","Which type of crust is made of basalt lavas, is 5 to 12 kilometers thick, and has a density of 3.0 g/cm³?","oceanic","continental","sedimentary","tectonic","There are two kinds of crust. Oceanic crust is made of basalt lavas that flow onto the seafloor. It is relatively thin, between 5 to 12 kilometers thick (3 - 8 miles). The rocks of the oceanic crust are denser (3.0 g/cm 3 ) than the rocks that make up the continents. Thick layers of mud cover much of the ocean floor.",0.36,0.3394112549695428,0.3226857292049087,0.3059783320966687,0.4705882352941176,5.822712365125559,0.9090909090909092,0.0,0.2857142857142857,0.3809523809523809,0.0952380952380952
923,"FewShot_WithAnswer","NEB_Qwen3235BInstruct","How do the changes in the rock cycle typically occur?","slowly","quickly","instantly","erratically","All rocks on Earth change, but these changes usually happen very slowly. Some changes happen below Earth’s surface. Some changes happen above ground. These changes are all part of the rock cycle. The rock cycle describes each of the main types of rocks, how they form and how they change. Figure below shows how the three main rock types are related to each other. The arrows within the circle show how one type of rock may change to rock of another type. For example, igneous rock may break down into small pieces of sediment and become sedimentary rock. Igneous rock may be buried within the Earth and become metamorphic rock. Igneous rock may also change back to molten material and re-cool into a new igneous rock.",0.1818181818181818,0.1285648693066449,0.1182355860773988,0.116412744733394,0.25,10.168621061368055,0.8,0.0,0.25,0.25,0.0
924,"FewShot_WithAnswer","NEB_Qwen3235BInstruct","What term describes a large molecule made of many repeating glucose units in starches?","polymer","monomer","enzyme","nucleotide","Starches are complex carbohydrates. They are polymers of glucose. A polymer is a large molecule that consists of many smaller, repeating molecules, called monomers. The monomers are joined together by covalent bonds. Starches contain hundreds of glucose monomers. Plants make starches to store extra glucose. Consumers get starches by eating plants. Common sources of starches in the human diet are pictured in the Figure below . Our digestive system breaks down starches to sugar, which our cells use for energy.",0.5333333333333333,0.3771236166328253,0.2728704288250169,0.1988298189120335,0.5714285714285714,69.26451195550845,0.8571428571428571,0.0,0.1538461538461538,0.1538461538461538,0.0769230769230769
928,"FewShot_WithAnswer","NEB_Qwen3235BInstruct","What has the goal of solving human problems and has significantly influenced aspects of life such as transportation, medicine, and communication, while also potentially causing negative effects like environmental pollution?","technology","government","education","art","Important new technologies such as the wheel have had a big impact on human society. Major advances in technology have influenced every aspect of life, including transportation, food production, manufacturing, communication, medicine, and the arts. That’s because technology has the goal of solving human problems, so new technologies usually make life better. They may make work easier, for example, or make people healthier. Sometimes, however, new technologies affect people in negative ways. For example, using a new product or process might cause human health problems or pollute the environment.",0.2941176470588235,0.2460764783923751,0.2224637082191208,0.2036570204336068,0.3720930232558139,8.966637730007168,0.9333333333333332,0.0,0.2068965517241379,0.2068965517241379,0.0344827586206896
930,"FewShot_WithAnswer","NEB_Qwen3235BInstruct","Which biomolecules have a primary structure defined by the sequence of nucleotides and use a four-letter alphabet of bases, in contrast to the twenty amino acids found in proteins?","nucleic acids","proteins","carbohydrates","lipids","Like proteins, nucleic acids have a primary structure that is defined as the sequence of their nucleotides. Unlike proteins, which have 20 different kinds of amino acids, there are only 4 different kinds of nucleotides in nucleic acids. For amino acid sequences in proteins, the convention is to write the amino acids in order starting with the Nterminal amino acid. In writing nucleotide sequences for nucleic acids, the convention is to write the nucleotides (usually using the one-letter abbreviations for the bases, shown in Figure 19.5 ""Structure of a Segment of DNA"") starting with the nucleotide having a free phosphate group, which is known as the 5′ end, and indicate the nucleotides in order. For DNA, a lowercase d is often written in front of the sequence to indicate that the monomers are deoxyribonucleotides. The final nucleotide has a free OH group on the 3′ carbon atom and is called the 3′ end. The sequence of nucleotides in the DNA segment shown in Figure 19.5 ""Structure of a Segment of DNA"" would be written 5′-dGdT-dA-dC-3′, which is often further abbreviated to dGTAC or just GTAC.",0.1935483870967742,0.1580315963085921,0.1185219709686598,0.0870461664320279,0.303030303030303,3.9228205293146714,0.9310344827586208,0.0,0.12,0.12,0.04
931,"FewShot_WithAnswer","NEB_Qwen3235BInstruct","What is the term for a partial body cavity filled with fluid that provides internal support through hydrostatic pressure, allowing roundworms to maintain a round shape?","pseudocoelom","true coelom","gastrovascular cavity","blastocoel","Ancestors of roundworms also evolved a pseudocoelom. This is a partial body cavity that is filled with fluid. It allows room for internal organs to develop. The fluid also cushions the internal organs. The pressure of the fluid within the cavity provides stiffness. It gives the body internal support, forming a hydrostatic skeleton. It explains why roundworms are round and flatworms are flat. Later, a true coelom evolved. This is a fluid-filled body cavity, completely enclosed by mesoderm. It lies between the digestive cavity and body wall (see Figure below ). Invertebrates with a true coelom include mollusks and annelids.",0.3928571428571428,0.3133915852640043,0.2794606830678199,0.2545304241824936,0.5454545454545454,4.32857837053827,0.9230769230769232,0.0,0.1304347826086956,0.2608695652173913,0.0869565217391304
932,"FewShot_WithAnswer","NEB_Qwen3235BInstruct","What body system is responsible for breaking down food, absorbing nutrients, and eliminating solid waste through a long tube that extends from the mouth to the anus?","digestive system","respiratory system","nervous system","endocrine system","The digestive system is the body system that breaks down food and absorbs nutrients. It also gets rid of solid food waste. The digestive system is mainly one long tube from the mouth to the anus, known as the gastrointestinal tract (GI tract). The main organs of the digestive system include the esophagus, stomach and the intestine, and are pictured below ( Figure below ). The intestine is divided into the small and large intestine. The small intestine has three segments. The ileum is the longest segment of the small intestine, which is well over 10 feet long. The large intestine is about 5 feet long.",0.2333333333333333,0.1527525231651947,0.0930092757214223,0.0732158635419194,0.3636363636363636,4.932603972565354,0.925925925925926,0.0,0.1666666666666666,0.0833333333333333,0.0833333333333333
933,"FewShot_WithAnswer","NEB_Qwen3235BInstruct","Which condition can be reduced in risk by getting plenty of exercise, avoiding high-fat foods, and maintaining a healthy weight, especially for those with a family history?","diabetes","hypertension","asthma","osteoporosis","Type 1 diabetes and other autoimmune diseases cannot be prevented. But choosing a healthy lifestyle can help prevent type 2 diabetes. Getting plenty of exercise, avoiding high-fat foods, and staying at a healthy weight can reduce the risk of developing this type of diabetes. This is especially important for people who have family members with the disease.",0.1612903225806451,0.0721312250806383,0.0557667224477501,0.0494517700384116,0.1777777777777777,7.259304817316211,0.925925925925926,0.0,0.32,0.04,0.04
934,"FewShot_WithAnswer","NEB_Qwen3235BInstruct","What is the term for a process that involves pumping a chemical into an aquifer to destroy contaminants in groundwater?","chemical remediation","mechanical filtration","thermal purification","sedimentation","Chemical remediation can also treat water in the aquifer. A chemical is pumped into the aquifer. The chemical destroys the contaminant.",0.3333333333333333,0.1781741612749496,0.1166504674625336,0.0956040878752125,0.2758620689655172,1.825454382508982,0.9,0.0,0.125,0.0625,0.125
935,"FewShot_WithAnswer","NEB_Qwen3235BInstruct","What process, caused by the absorption of excess atmospheric carbon dioxide by the oceans, leads to a decrease in ocean pH and threatens marine life such as corals and shellfish?","ocean acidification","thermal expansion","eutrophication","salinization","Ocean acidification occurs when excess carbon dioxide in the atmosphere causes the oceans to become acidic. Burning fossil fuels has led to an increase in carbon dioxide in the atmosphere. This carbon dioxide is then absorbed by the oceans, which lowers the pH of the water. Ocean acidification can kill corals and shellfish. It may also cause marine organisms to reproduce less, which could harm other organisms in the food chain. As a result, there also may be fewer marine organisms for humans to consume.",0.303030303030303,0.165976532577323,0.0951293360336281,0.0725931138545029,0.35,4.264969554140222,0.9333333333333332,0.0,0.1111111111111111,0.074074074074074,0.037037037037037
936,"FewShot_WithAnswer","NEB_Qwen3235BInstruct","What type of muscle is primarily responsible for the coordinated contractions that move blood through the heart?","cardiac muscle","skeletal muscle","smooth muscle","myometrial muscle","To move blood through the heart, the cardiac muscle needs to contract in an organized way. Blood first enters the atria ( Figure below ). When the atria contract, blood is pushed into the ventricles. After the ventricles fill with blood, they contract, and blood is pushed out of the heart. The heart is mainly composed of cardiac muscle. These muscle cells contract in unison, causing the heart itself to contract and generating enough force to push the blood out.",0.3888888888888889,0.2939723678960655,0.2166363676031127,0.1587700304924836,0.4166666666666667,4.638406033661992,0.8823529411764706,0.0,0.2666666666666666,0.2,0.0666666666666666
937,"FewShot_WithAnswer","NEB_Qwen3235BInstruct","In the process of vesicle transport, a very large protein molecule is brought into the cell as the plasma membrane folds inward and eventually pinches off to form a vesicle. What is the destination of this vesicle in the process?","cell","nucleus","mitochondria","lysosome","5. Assume a molecule must cross the plasma membrane into a cell. The molecule is a very large protein. How will it be transported into the cell? Explain your answer.",0.1627906976744186,0.1065715277896706,0.0814743734973656,0.0602656448641995,0.2439024390243902,3.2554340886168154,0.95,0.0,0.0909090909090909,0.0606060606060606,0.0606060606060606
938,"FewShot_WithAnswer","NEB_Qwen3235BInstruct","What field of science is essential for nearly every modern convenience, including driving a car, sending messages, and turning on a light, due to decades of advances in chemistry and physics?","physical science","biological science","environmental science","computer science","Physical science explains much of what you observe and do in your daily life. In fact, you depend on physical science for almost everything that makes modern life possible. You couldn’t drive a car, text message, or send a tweet without decades of advances in chemistry and physics. You wouldn’t even be able to turn on a light. Figure below shows some other examples of common activities that depend on advances in physical science. You’ll learn the ""hows"" and ""whys"" about them as you read the rest of this book.",0.1944444444444444,0.1039349274103872,0.0675800221730377,0.0548900995194863,0.2666666666666666,3.6980416376632954,0.935483870967742,0.0,0.2413793103448276,0.0689655172413793,0.1034482758620689
939,"FewShot_WithAnswer","NEB_Qwen3235BInstruct","What is the primary source of energy for photosynthesis?","sun","wind","minerals","electricity","Most of the energy used by living things comes either directly or indirectly from the sun. Sunlight provides the energy for photosynthesis . This is the process in which plants and certain other organisms (see Figure below ) synthesize glucose (C 6 H 12 O 6 ). The process uses carbon dioxide and water and also produces oxygen. The overall chemical equation for photosynthesis is:.",0.2195246544376105,0.1097623272188052,0.0902323922312098,0.0842568433812661,0.1818181818181818,1.310849253320817,0.7777777777777778,0.0,0.375,0.25,0.25
940,"FewShot_WithAnswer","NEB_Qwen3235BInstruct","At room temperature, water is typically colorless, but what color hue does it exhibit when present in large volumes?","blue","green","white","gray","Water is truly an amazing substance. It can exist in all three states under normal pressures and temperatures. At room temperature, it is a tasteless, odorless, colorless liquid, although it exhibits a blue hue when present in large volumes. Approximately 70% of the Earth’s surface is covered in water. For a small molecule, water molecules are highly attracted to one another, due to particularly strong hydrogen bonds. This leads to a number of properties, such as a relatively high surface tension. Unlike most other substances, water expands when it freezes. Water is also able to absorb relatively large amounts of heat with only minimal changes in temperature. This can be seen on a small scale, such as the coolant in your car, or on a larger scale, such as the more moderate climates in coastal areas. The water in the oceans acts as a tremendous heat sink, which influences global weather patterns. The clouds that form above lakes and oceans originate from the evaporation of lake and ocean water. They are byproducts of water’s thermal regulating capacity. Additionally, water is not only found here on Earth; scientists have found evidence of water on a number of extraterrestrial planets. In this lesson, we are going to take a look at this unique and important substance.",0.4545454545454545,0.3520893951097652,0.2868900779154774,0.220438093520576,0.6,4.198592061527776,0.8947368421052632,0.0,0.2631578947368421,0.2631578947368421,0.0526315789473684
941,"FewShot_WithAnswer","NEB_Qwen3235BInstruct","Which hormone prevents new ovarian follicles from developing and suppresses uterine contractility during pregnancy?","progesterone","estrogen","hCG","relaxin","28.4 Maternal Changes During Pregnancy, Labor, and Birth Hormones (especially estrogens, progesterone, and hCG) secreted by the corpus luteum and later by the placenta are responsible for most of the changes experienced during pregnancy. Estrogen maintains the pregnancy, promotes fetal viability, and stimulates tissue growth in the mother and developing fetus. Progesterone prevents new ovarian follicles from developing and suppresses uterine contractility. Pregnancy weight gain primarily occurs in the breasts and abdominal region. Nausea, heartburn, and frequent urination are common during pregnancy. Maternal blood volume increases by 30 percent during pregnancy and respiratory minute volume increases by 50 percent. The skin may develop stretch marks and melanin production may increase.",0.7333333333333333,0.699205898780101,0.6798945296957598,0.6631592303984166,0.8,2.0875817100648453,0.8571428571428571,0.0,0.7142857142857143,0.7142857142857143,0.0714285714285714
942,"FewShot_WithAnswer","NEB_Qwen3235BInstruct","Which type of bomb can be specifically designed to increase the proportion of energy output in the form of immediate and residual radiation, such as in the case of the neutron bomb, to target enemy forces while minimizing blast and thermal effects on friendly troops?","nuclear","chemical","thermobaric","kinetic","The energy yield and the types of energy produced by nuclear bombs can be varied. Energy yields in current arsenals range from about 0.1 kT to 20 MT, although the Soviets once detonated a 67 MT device. Nuclear bombs differ from conventional explosives in more than size. Figure 32.34 shows the approximate fraction of energy output in various forms for conventional explosives and for two types of nuclear bombs. Nuclear bombs put a much larger fraction of their output into thermal energy than do conventional bombs, which tend to concentrate the energy in blast. Another difference is the immediate and residual radiation energy from nuclear weapons. This can be adjusted to put more energy into radiation (the so-called neutron bomb) so that the bomb can be used to irradiate advancing troops without killing friendly troops with blast and heat.",0.1458333333333333,0.0779511955577904,0.0505649095051381,0.0409446787328717,0.2033898305084746,4.64296063232886,0.9555555555555556,0.0,0.0975609756097561,0.048780487804878,0.0
943,"FewShot_WithAnswer","NEB_Qwen3235BInstruct","Which class of elements is characterized by being shiny and good conductors of electricity and heat, and includes examples such as iron (Fe) and copper (Cu)?","metals","nonmetals","metalloids","noble gases","There are almost 120 known elements. As you can see from Figure below , the majority of elements are metals. Examples of metals are iron (Fe) and copper (Cu). Metals are shiny and good conductors of electricity and heat. Nonmetal elements are far fewer in number. They include hydrogen (H) and oxygen (O). They lack the properties of metals.",0.25,0.1530931089239486,0.0910996126561351,0.0708528108520799,0.3243243243243243,7.981211870211826,0.9230769230769232,0.0,0.3076923076923077,0.0769230769230769,0.1153846153846153
944,"FewShot_WithAnswer","NEB_Qwen3235BInstruct","What happens to water vapor as it rises into the atmosphere that allows it to condense into water droplets?","it cools","it evaporates","it freezes","it expands","The image below shows the role of the atmosphere in the water cycle ( Figure below ). Water vapor rises from Earth’s surface into the atmosphere. As it rises, it cools. The water vapor may then condense into water droplets and form clouds. If enough water droplets collect in clouds, they may come together to form droplets. The droplets will fall as rain. This how freshwater gets from the atmosphere back to Earth's surface.",0.45,0.4242640687119285,0.4047675127065695,0.3855883664414755,0.6153846153846153,2.990012439722666,0.8947368421052632,0.0,0.2222222222222222,0.4444444444444444,0.1111111111111111
945,"FewShot_WithAnswer","NEB_Qwen3235BInstruct","In which type of cells does preprophase occur, involving the formation of a phragmosome to position the nucleus and establish the future plane of cell division?","plant cells","animal cells","fungal cells","bacterial cells","As plant cells have some structural differences compared to an animal cell, an additional stage prior to prophase is necessary. In plant cells only, prophase is preceded by a preprophase stage. Plant cells have a large central vacuole encompassing the center of the cell. Prior to the division of the nucleus, the nucleus must migrate to the center of the plant cell. To accomplish this, the cell forms a phragmosome , a sheet of cytoplasm that bisects the middle of the cell. The phragmosome suspends the cell nucleus in the center of the cell in preparation for prophase. Additionally, during this phase the plane of cell division is established. The accurate control of division planes, which establishes the placement of the future cell wall, is crucial for the correct structure of plant tissues and organs.",0.2142857142857142,0.1515228816828316,0.1193642365467758,0.0899316023488563,0.303030303030303,8.672957870813836,0.9230769230769232,0.0,0.1818181818181818,0.1363636363636363,0.0909090909090909
947,"FewShot_WithAnswer","NEB_Qwen3235BInstruct","What is the term used to describe the process where birds keep their eggs warm with body heat to ensure proper embryo development?","incubation","gestation","metamorphosis","pollination","After birds lay their eggs, they generally keep the eggs warm with their body heat while the embryos inside continue to develop. This is called incubation, or brooding. In most species, parents stay together for at least the length of the breeding season. In some species, they stay together for life. By staying together, the males as well as females can incubate the eggs and later care for the hatchlings. Birds are the only nonhuman vertebrates with this level of male parental involvement.",0.375,0.3061862178478972,0.2535719111557542,0.2171453338426706,0.4,3.2029714301839807,0.9130434782608696,0.0,0.1428571428571428,0.238095238095238,0.0952380952380952
948,"FewShot_WithAnswer","NEB_Qwen3235BInstruct","What is the term for the sudden movement of large blocks of rock and soil down a slope, often leaving behind crescent-shaped scars and triggered by factors like wet clay or river erosion?","slump","avalanche","erosion","collapse","Slump is the sudden movement of large blocks of rock and soil down a slope. You can see how it happens in Figure below . All the material moves together in big chunks. Slump may be caused by a layer of slippery, wet clay underneath the rock and soil on a hillside. Or it may occur when a river undercuts a slope. Slump leaves behind crescent-shaped scars on the hillside.",0.4571428571428571,0.279941684889506,0.1905135314280344,0.1203139223751051,0.4528301886792453,5.913771524694327,0.9393939393939394,0.0,0.3666666666666666,0.1,0.5
949,"FewShot_WithAnswer","NEB_Qwen3235BInstruct","Which organs are primarily responsible for bringing oxygen into the body and releasing carbon dioxide into the atmosphere?","lungs","heart","kidneys","liver","organ system that brings oxygen into the body and releases carbon dioxide into the atmosphere.",0.4736842105263157,0.386761538334186,0.3215323549626108,0.2767493403422935,0.4137931034482758,2.681748881962935,0.8888888888888888,0.0,0.25,0.25,0.0625
951,"FewShot_WithAnswer","NEB_Qwen3235BInstruct","How many chambers are present in the heart of birds, according to the support text?","4","2","3","5","Birds have a relatively large, four-chambered heart. The heart beats rapidly to keep oxygenated blood flowing to muscles and other tissues. Hummingbirds have the fastest heart rate at up to 1,200 times per minute. That’s almost 20 times faster than the human resting heart rate!.",0.4117647058823529,0.3112648601252459,0.2628777447245306,0.2218452065708768,0.6666666666666667,14.305905531178285,0.8666666666666667,0.0,0.0769230769230769,0.3076923076923077,0.0
953,"FewShot_WithAnswer","NEB_Qwen3235BInstruct","Which type of formula provides information about the types and numbers of atoms in a molecule but does not indicate the arrangement or connectivity of those atoms, making it unable to distinguish between isomers such as butane and isobutane?","molecular formula","structural formula","condensed structural formula","empirical formula","We use several kinds of formulas to describe organic compounds. A molecular formula shows only the kinds and numbers of atoms in a molecule. For example, the molecular formula C4H10 tells us there are 4 carbon atoms and 10 hydrogen atoms in a molecule, but it doesn’t distinguish between butane and isobutane. A structural formula shows all the carbon and hydrogen atoms and the bonds attaching them. Thus, structural formulas identify the specific isomers by showing the order of attachment of the various atoms. Unfortunately, structural formulas are difficult to type/write and take up a lot of space. Chemists often use condensed structural formulas to alleviate these problems. The condensed formulas show hydrogen atoms right next to the carbon atoms to which they are attached, as illustrated for butane:.",0.2439024390243902,0.204063421105872,0.1841650414969215,0.16822159472688,0.2978723404255319,3.951658071660096,0.9487179487179488,0.0,0.1666666666666666,0.1666666666666666,0.0
955,"FewShot_WithAnswer","NEB_Qwen3235BInstruct","What physical property is measured using the units °F, °C, and K?","temperature","pressure","volume","density","There are three temperature scales that are commonly used. Their units are °F (degrees Fahrenheit), °C (degrees Celsius), and K (Kelvin).",0.3333333333333333,0.2108185106778919,0.1469703794361231,0.1250076305588977,0.2857142857142856,6.282416669311203,0.8333333333333334,0.0,0.1818181818181818,0.0909090909090909,0.0909090909090909
956,"FewShot_WithAnswer","NEB_Qwen3235BInstruct","What do many plants do in response to the days growing shorter in the fall in order to survive the extreme cold and dryness of winter?","going dormant","producing flowers","increasing leaf size","accelerating growth","Many plants respond to the days growing shorter in the fall by going dormant. They suspend growth and development in order to survive the extreme coldness and dryness of winter. Part of this response causes the leaves of many trees to change color and then fall off (see Figure below). Dormancy ensures that plants will grow and produce seeds only when conditions are favorable.",0.3703703703703703,0.3312693299999688,0.3091451116178488,0.290184758529434,0.5142857142857143,4.846842861448676,0.9230769230769232,0.0,0.2608695652173913,0.2608695652173913,0.1304347826086956
957,"FewShot_WithAnswer","NEB_Qwen3235BInstruct","What fundamental units make up all substances and are indivisible, indestructible, and cannot be created?","atoms","molecules","protons","compounds","All substances are made of atoms. Atoms are the smallest particles of matter. They cannot be divided into smaller particles. They also cannot be created or destroyed.",0.1578947368421052,0.0911605688194145,0.0772883167974591,0.0721893541858629,0.1904761904761904,2.94460490832102,0.8666666666666667,0.0,0.2,0.0666666666666666,0.0666666666666666
958,"FewShot_WithAnswer","NEB_Qwen3235BInstruct","How do animals obtain nitrogen according to the nitrogen cycle described in the text?","eating plants or organisms","absorbing nitrogen gas directly from the atmosphere","through photosynthesis","by converting nitrates into nitrogen gas","Bacteria play important roles in the nitrogen cycle. They change nitrogen gas and products of decomposition into nitrates, which plants can assimilate. Animals obtain nitrogen by eating plants or other organisms. Still other bacteria return nitrogen gas to the atmosphere.",0.4,0.3651483716701107,0.3364781731479948,0.3062049088236488,0.5882352941176471,3.366872830989009,0.8571428571428571,0.0,0.25,0.4166666666666667,0.1666666666666666
959,"FewShot_WithAnswer","NEB_Qwen3235BInstruct","Which type of molecule tends to 'like' being near other molecules of the same type and is able to pass through the cell membrane due to its aversion to water?","hydrophobic","hydrophilic","ionic","polar","Hydrophobic molecules “like” to be near other hydrophobic molecules. They “fear” being near hydrophilic molecules. The opposite is true of hydrophilic molecules. They “like” to be near other hydrophilic molecules. They “fear” being near hydrophobic molecules. These “likes” and “fears” explain why some molecules can pass through the cell membrane while others cannot.",0.125,0.0625,0.0501340488988397,0.0452709149104019,0.1621621621621621,3.0187530685169484,0.9333333333333332,0.0,0.1428571428571428,0.0357142857142857,0.0357142857142857
960,"FewShot_WithAnswer","NEB_Qwen3235BInstruct","In which organ do T cells mature after being initially produced in the red bone marrow?","thymus gland","bone marrow","spleen","lymph nodes","Both types of lymphocytes are produced in the red bone marrow. They are named for the sites where they grow larger. The ""B"" in B cells stands for “bone. ” B cells grow larger in red bone marrow. The ""T"" in T cells stands for “thymus. ” T cells mature in the thymus gland.",0.2352941176470588,0.1663780661615406,0.1200486794681573,0.1036323211662142,0.4,24.202962391154987,0.875,0.0,0.3333333333333333,0.2666666666666666,0.0666666666666666
961,"FewShot_WithAnswer","NEB_Qwen3235BInstruct","From which part of a simple covalent compound can its name be determined?","formula","nucleus","reaction","charge","The name of a simple covalent compound can be determined from its chemical formula.",0.7315493269103036,0.5835744810235084,0.4959060433669972,0.4410765595431015,0.8333333333333334,9.43384226509769,0.8461538461538461,0.0,0.4166666666666667,0.4166666666666667,0.0833333333333333
962,"FewShot_WithAnswer","NEB_Qwen3235BInstruct","What can cause an asteroid to break up or develop craters on its surface?","a collision","volcanic activity","weathering","magnetic fields","An asteroid can only change due to a collision. A collision may cause the asteroid to break up. It may create craters on the asteroid’s surface. An asteroid may strike a planet if it comes near enough to be pulled in by its gravity.",0.1333333333333333,0.0942809041582063,0.0859487992926198,0.0835976409843371,0.08,2.5191419976685645,0.8571428571428571,0.0,0.3846153846153846,0.0769230769230769,0.0769230769230769
964,"FewShot_WithAnswer","NEB_Qwen3235BInstruct","What is the common name for solid carbon dioxide, which sublimes directly to a gas and is used in the preservation of medical samples?","dry ice","liquid ice","frozen CO","carbon frost","Solid carbon dioxide is called dry ice because it does not pass through the liquid phase. Instead, it does directly to the gas phase. (Carbon dioxide can exist as liquid but only under high pressure.) Dry ice has many practical uses, including the long-term preservation of medical samples.",0.1538461538461538,0.1087856586440842,0.0779353387553982,0.0666419981456384,0.3703703703703703,5.645597110744248,0.9166666666666666,0.0,0.1904761904761904,0.1428571428571428,0.238095238095238
965,"FewShot_WithAnswer","NEB_Qwen3235BInstruct","Unlike energy, what is recycled through ecosystems and does not require a constant input?","matter","energy","sunlight","heat","Ecosystems need a constant input of energy for their organisms, but matter is recycled through ecosystems.",0.4697065314067379,0.3321326735253164,0.239960363649228,0.1744965212690404,0.3703703703703704,33.652113065677526,0.8571428571428571,0.0,0.3076923076923077,0.1538461538461538,0.3076923076923077
966,"FewShot_WithAnswer","NEB_Qwen3235BInstruct","Under what condition do most mercury compounds decompose according to the support text?","heated","dissolved in water","exposed to light","mixed with acids","Most mercury compounds decompose when heated. Most mercury compounds contain mercury with a 2+-oxidation state. When there is a large excess of mercury, it is possible to form compounds containing the Hg2 2+ ion. All mercury compounds are toxic, and it is necessary to exercise great care in their synthesis.",0.2857142857142857,0.2474358296526967,0.211188665559614,0.167381572265367,0.4210526315789474,16.880562551007685,0.8461538461538461,0.0,0.3333333333333333,0.3333333333333333,0.0
967,"FewShot_WithAnswer","NEB_Qwen3235BInstruct","In the context of dog behavior, what factor is responsible for the development of normal social behaviors when a puppy is raised with other dogs?","nurture","instinct","genes","reflexes","In reality, most animal behaviors are not controlled by nature or nurture. Instead, they are influenced by both nature and nurture. In dogs, for example, the tendency to behave toward other dogs in a certain way is probably controlled by genes. However, the normal behaviors can’t develop in an environment that lacks other dogs. A puppy raised in isolation from other dogs may never develop the normal behaviors. It may always fear other dogs or act aggressively toward them.",0.1481481481481481,0.074074074074074,0.0595369210930138,0.0539019872014881,0.0999999999999999,4.454332296985047,0.92,0.0,0.0909090909090909,0.0454545454545454,0.0454545454545454
968,"FewShot_WithAnswer","NEB_Qwen3235BInstruct","The first two electrons in lithium have the same sets of four values as the two electrons in helium; these values are known as what?","quantum numbers","energy levels","atomic orbitals","electron spins","The n = 1 shell is completely filled in a helium atom. The next atom is the alkali metal lithium with an atomic number of 3. The first two electrons in lithium fill the 1s orbital and have the same sets of four quantum numbers as the two electrons in helium. The remaining electron must occupy the orbital of next lowest energy, the 2s orbital (Figure 6.27 or Figure 6.28). Thus, the electron configuration and orbital diagram of lithium are:.",0.7407407407407407,0.6625386599999377,0.6032039147988681,0.5443310539518174,0.761904761904762,4.051511139708026,0.88,0.0,0.2272727272727272,0.2272727272727272,0.0909090909090909
969,"FewShot_WithAnswer","NEB_Qwen3235BInstruct","Based on the analogy presented in the support text, what biological structure functions similarly to a window screen by selectively allowing certain substances to pass through while blocking others?","cell membrane","nucleus","mitochondria","ribosome","This window screen has a fly on it. In a way, the window screen is like a cell membrane. It lets some things pass through while keeping other things out. Air molecules and raindrops can pass through the screen, but larger objects like the fly cannot. In the first lesson of this chapter, you'll learn about different ways that substances can pass through the cell membrane. You'll find out how the cell membrane lets some substances pass through while keeping other substances out.",0.1290322580645161,0.064516129032258,0.051769239240132,0.0467685965641824,0.1578947368421052,9.796987380699989,0.9310344827586208,0.0,0.1153846153846153,0.0384615384615384,0.0
971,"FewShot_WithAnswer","NEB_Qwen3235BInstruct","An individual with more than the correct number of chromosome sets (two for diploid species) is called what?","polyploid","aneuploid","haploid","diploid","In an individual carrying an abnormal number of X chromosomes, cellular mechanisms will inactivate all but one X in each of her cells. As a result, X-chromosomal abnormalities are typically associated with mild mental and physical defects, as well as sterility. If the X chromosome is absent altogether, the individual will not develop. Several errors in sex chromosome number have been characterized. Individuals with three X chromosomes, called triplo-X, appear female but express developmental delays and reduced fertility. The XXY chromosome complement, corresponding to one type of Klinefelter syndrome, corresponds to male individuals with small testes, enlarged breasts, and reduced body hair. The extra X chromosome undergoes inactivation to compensate for the excess genetic dosage. Turner syndrome, characterized as an X0 chromosome complement (i.e., only a single sex chromosome), corresponds to a female individual with short stature, webbed skin in the neck region, hearing and cardiac impairments, and sterility. An individual with more than the correct number of chromosome sets (two for diploid species) is called polyploid. For instance, fertilization of an abnormal diploid egg with a normal haploid sperm would yield a triploid zygote. Polyploid animals are extremely rare, with only a few examples among the flatworms, crustaceans, amphibians, fish, and lizards. Triploid animals are sterile because meiosis cannot proceed normally with an odd number of chromosome sets. In contrast, polyploidy is very common in the plant kingdom, and polyploid plants tend to be larger and more robust than euploids of their species.",0.6190476190476191,0.5429406786186372,0.5100026415658255,0.486142304818106,0.8571428571428571,4.038977010103407,0.8888888888888888,0.0,0.9375,0.5625,0.125
972,"FewShot_WithAnswer","NEB_Qwen3235BInstruct","Which of the following covers the peaks of tall mountains such as the Cascades and the Alps and holds much of Earth's freshwater?","glaciers","oceans","icebergs","rivers","Most of Earth’s water is salt water in the oceans. As Figure below shows, only 3 percent of Earth’s water is fresh. Freshwater is water that contains little or no dissolved salt. Most freshwater is frozen in ice caps and glaciers. Glaciers cover the peaks of some tall mountains. For example, the Cascades Mountains in North America and the Alps Mountains in Europe are capped with ice. Ice caps cover vast areas of Antarctica and Greenland. Chunks of ice frequently break off ice caps. They form icebergs that float in the oceans.",0.12,0.0979795897113271,0.0736806299728077,0.0645777692487244,0.0571428571428571,11.054507132917536,0.9130434782608696,0.0,0.1052631578947368,0.0526315789473684,0.1578947368421052
974,"FewShot_WithAnswer","NEB_Qwen3235BInstruct","Hertz conducted experiments on the reflection, refraction, and interference patterns of which type of waves, ultimately proving they travel at the speed of light?","electromagnetic","mechanical","acoustic","longitudinal","Hertz also studied the reflection, refraction, and interference patterns of the electromagnetic waves he generated, verifying their wave character. He was able to determine wavelength from the interference patterns, and knowing their frequency, he could calculate the propagation speed using the equation υ = fλ (velocity—or speed—equals frequency times wavelength). Hertz was thus able to prove that electromagnetic waves travel at the speed of light. The SI unit for frequency, the hertz ( 1 Hz = 1 cycle/sec ), is named in his honor.",0.3928571428571428,0.3553526561095071,0.3199026241414162,0.2816842184564191,0.5294117647058824,6.487650618919255,0.9166666666666666,0.0,0.2727272727272727,0.2272727272727272,0.0
975,"FewShot_WithAnswer","NEB_Qwen3235BInstruct","What is determined by the specific antigens present on the surface of red blood cells and is critical to ensure compatibility during a blood transfusion?","blood type","plasma level","hemoglobin concentration","white blood cell count","Specific antigens on the surface of red blood cells determine blood type. The best-known blood types are ABO and Rhesus (Rh) blood types. Blood type is important in cases of blood transfusion. A patient must receive blood of his or her own blood type to avoid clumping of red blood cells.",0.4230769230769231,0.36080121229411,0.314955409999063,0.2840380321460425,0.5641025641025642,3.985861091921954,0.92,0.0,0.2727272727272727,0.2727272727272727,0.0909090909090909
976,"FewShot_WithAnswer","NEB_Qwen3235BInstruct","Where do extrusive igneous rocks cool?","surface","mantle","core","below the crust","",0.8668778997501817,0.8025729836373331,0.7749052190837754,0.7536998328984837,0.923076923076923,5.356745712420216,0.6666666666666666,0.0,0.6666666666666666,1.0,0.5
978,"FewShot_WithAnswer","NEB_Qwen3235BInstruct","Which enzyme is responsible for removing phosphate groups from phosphorylated amino acid residues in proteins, thereby reversing the action of kinases in signal transduction pathways?","phosphatase","kinase","ligase","hydrolase","What is the function of a phosphatase? a. A phosphatase removes phosphorylated amino acids from proteins. A phosphatase removes the phosphate group from phosphorylated amino acid residues in a protein. A phosphatase phosphorylates serine, threonine, and tyrosine residues. A phosphatase degrades second messengers in the cell.",0.2592592592592592,0.1385799032138497,0.0903945790052386,0.0737261894120723,0.3636363636363636,1.7496576992941233,0.92,0.0,0.25,0.0833333333333333,0.0
979,"FewShot_WithAnswer","NEB_Qwen3235BInstruct","The hypothalamus integrates which two major physiological systems in vertebrates?","endocrine and nervous","circulatory and respiratory","digestive and immune","muscular and skeletal","Hypothalamic-Pituitary Axis The hypothalamus in vertebrates integrates the endocrine and nervous systems. The hypothalamus is an endocrine organ located in the diencephalon of the brain. It receives input from the body and other brain areas and initiates endocrine responses to environmental changes. The hypothalamus acts as an endocrine organ, synthesizing hormones and transporting them along axons to the posterior pituitary gland. It synthesizes and secretes regulatory hormones that control the endocrine cells in the anterior pituitary gland. The hypothalamus contains autonomic centers that control endocrine cells in the adrenal medulla via neuronal control. The pituitary gland, sometimes called the hypophysis or “master gland” is located at the base of the brain in the sella turcica, a groove of the sphenoid bone of the skull, illustrated in Figure 37.15. It is attached to the hypothalamus via a stalk called the pituitary stalk (or infundibulum). The anterior portion of the pituitary gland is regulated by releasing or release-inhibiting hormones produced by the hypothalamus, and the posterior pituitary receives signals via neurosecretory cells to release hormones produced by the hypothalamus. The pituitary has two distinct regions—the anterior pituitary and the posterior pituitary—which between them secrete nine different peptide or protein hormones. The posterior lobe of the pituitary gland contains axons of the hypothalamic neurons.",0.7272727272727273,0.4453617714151233,0.2706919187188777,0.2166685318206177,0.75,9.818490813118206,0.8,0.0,0.2222222222222222,0.2222222222222222,0.1111111111111111
980,"FewShot_WithAnswer","NEB_Qwen3235BInstruct","Biomes that have water containing little or no salt and include ponds, lakes, streams, and rivers are collectively known as what?","freshwater biomes","marine biomes","oceanic biomes","saline biomes","Freshwater biomes have water that contains little or no salt. They include standing and running freshwater biomes. Standing freshwater biomes include ponds and lakes. Lakes are generally bigger and deeper than ponds. Some of the water in lakes is in the aphotic zone where there is too little sunlight for photosynthesis. Plankton and plants (such as the duckweed in Figure below ) are the primary producers in standing freshwater biomes.",0.32,0.2993325909419153,0.2818919492825957,0.2641633397712327,0.5625,3.1451658789366386,0.9047619047619048,0.0,0.1904761904761904,0.3333333333333333,0.0476190476190476
981,"FewShot_WithAnswer","NEB_Qwen3235BInstruct","What are the tiny negatively charged particles that constitute electricity and were discovered nearly 100 years after atoms?","electrons","protons","neutrons","photons","You probably know that the wires strung between these high towers carry electricity. But do you know what electricity is? It actually consists of a constant stream of tiny particles called electrons. Electrons are negatively charged fundamental particles inside atoms. Atoms were discovered around 1800, but almost 100 years went by before electrons were discovered.",0.1578947368421052,0.0911605688194145,0.0772883167974591,0.0721893541858629,0.3076923076923076,11.971044528613042,0.8888888888888888,0.0,0.1176470588235294,0.0588235294117647,0.0588235294117647
982,"FewShot_WithAnswer","NEB_Qwen3235BInstruct","What is a solution called if it has a pH lower than 7 due to a higher concentration of hydronium ions?","acid","base","neutral solution","buffer","If a solution has a higher concentration of hydronium ions than pure water, it has a pH lower than 7. A solution with a pH lower than 7 is called an acid. As the hydronium ion concentration increases, the pH value decreases. Therefore, the more acidic a solution is, the lower its pH value is. Did you ever taste vinegar? Like other acids, it tastes sour. Stronger acids can be harmful to organisms. For example, stomach acid would eat through the stomach if it were not lined with a layer of mucus. Strong acids can also damage materials, even hard materials such as glass.",0.4545454545454545,0.3520893951097652,0.2868900779154774,0.220438093520576,0.5925925925925926,2.9177310159168544,0.9047619047619048,0.0,0.3333333333333333,0.2222222222222222,0.2222222222222222
983,"FewShot_WithAnswer","NEB_Qwen3235BInstruct","Which division of the peripheral nervous system interprets signals?","sensory","motor","central","autonomic","Laura Guerin. The sensory division of the peripheral nervous system interprets signals, while the motor division sends signals . CC BY-NC 3.0.",0.4965853037914095,0.4965853037914095,0.4774666273427561,0.4663454515889313,0.761904761904762,7.720037249359836,0.7777777777777778,0.0,0.875,1.0,0.75
984,"FewShot_WithAnswer","NEB_Qwen3235BInstruct","Which source provides evidence that new species develop to fill habitats left vacant by extinct species after each mass extinction?","fossil record","genetic code","ecological modeling","historical accounts","After each mass extinction, new species develop to fill the habitats where old species lived. This is well documented in the fossil record.",0.6190476190476191,0.5429406786186372,0.4903673937693034,0.4392791606731485,0.631578947368421,9.72822841431838,0.9,0.0,0.3,0.45,0.15
985,"FewShot_WithAnswer","NEB_Qwen3235BInstruct","What is the medical procedure called that involves filtering waste products from the blood using a machine when the kidneys are no longer able to perform this function?","dialysis","hemostasis","osmosis","diffusion","Kidney dialysis is the process of filtering wastes from the blood using a machine.",0.3103448275862069,0.2533954906327425,0.1661460074369242,0.1141632939695301,0.375,3.455980144862299,0.9285714285714286,0.0,0.1666666666666666,0.0833333333333333,0.0
986,"FewShot_WithAnswer","NEB_Qwen3235BInstruct","What term refers to the energy required to remove an electron from a gaseous atom, which helps explain the common oxidation states of elements?","ionization energy","electron affinity","electronegativity","atomic radius","Summary The tendency of an element to lose or gain electrons is one of the most important factors in determining the kind of compounds it forms. Periodic behavior is most evident for ionization energy (I), the energy required to remove an electron from a gaseous atom. The energy required to remove successive electrons from an atom increases steadily, with a substantial increase occurring with the removal of an electron from a filled inner shell. Consequently, only valence electrons can be removed in chemical reactions, leaving the filled inner shell intact. Ionization energies explain the common oxidation states observed for the elements. Ionization energies increase diagonally from the lower left of the periodic table to the upper right. Minor deviations from this trend can be explained in terms of particularly stable electronic configurations, called pseudo noble gas configurations, in either the parent atom or the resulting.",0.4230769230769231,0.4033880185269814,0.3883734175076964,0.3738150727975712,0.5333333333333333,5.272070311287086,0.9166666666666666,0.0,0.4,0.4,0.05
987,"FewShot_WithAnswer","NEB_Qwen3235BInstruct","Which of the four basic types of animal tissue is responsible for transmitting electrical signals to coordinate bodily functions?","nervous","epithelial","connective","muscle","A tissue is a group of connected cells that have a similar function within an organism. More complex organisms such as jellyfish, coral, and sea anemones have a tissue level of organization. For example, jellyfish have tissues that have separate protective, digestive, and sensory functions. Though most animals have many different types of cells, they only have four basic types of tissue: connective, muscle, nervous, and epithelial.",0.3,0.2449489742783178,0.2115954386398493,0.180122969734991,0.3448275862068966,5.571947249760002,0.8947368421052632,0.0,0.2222222222222222,0.2222222222222222,0.1111111111111111
988,"FewShot_WithAnswer","NEB_Qwen3235BInstruct","What is the name of the theory that states all matter consists of constantly moving particles?","kinetic theory of matter","atomic stability theory","quantum resonance theory","molecular equilibrium principle","The particles that make up matter are also constantly moving. They have kinetic energy. The theory that all matter consists of constantly moving particles is called the kinetic theory of matter . You can learn more about it at the URL below.",0.7058823529411765,0.576350527713689,0.5257554894490611,0.4910241581683449,0.88,3.8333803803775934,0.875,0.0,0.5,0.5,0.1428571428571428
990,"FewShot_WithAnswer","NEB_Qwen3235BInstruct","What process do plant-like protists use to make food, given that they contain chloroplasts and are capable of producing their own nutrients?","photosynthesis","cellular respiration","nitrogen fixation","fermentation","common name of a plant-like protist, which contains chloroplasts and makes food by photosynthesis.",0.2916666666666667,0.1909406539564933,0.116597612689796,0.0921322279879637,0.5000000000000001,2.556020884772402,0.9090909090909092,0.0,0.0909090909090909,0.0909090909090909,0.0909090909090909
991,"FewShot_WithAnswer","NEB_Qwen3235BInstruct","What physiological measurement is represented as systolic over diastolic and can fluctuate due to factors such as exercise, emotions, sleep, and disease?","blood pressure","heart rate","respiratory rate","body temperature","Blood pressure is written as systolic/diastolic. For example, a reading of 120/80 is said as ""one twenty over eighty."" These measures of blood pressure can change with each heartbeat and over the course of the day. Pressure varies with exercise, emotions, sleep, stress, nutrition, drugs, or disease.",0.2692307692307693,0.2035193316203531,0.1706596538764565,0.1426602017453898,0.4137931034482758,7.678328207260814,0.9090909090909092,0.0,0.1363636363636363,0.1818181818181818,0.0454545454545454
992,"FewShot_WithAnswer","NEB_Qwen3235BInstruct","What term describes the process by which populations undergo small genetic changes within a species over time?","microevolution","macroevolution","speciation","adaptation","You already know that evolution is the change in species over time. Most evolutionary changes are small and do not lead to the creation of a new species. When populations change in small ways over time, the process is called microevolution. Microevolution results in changes within a species.",0.3888888888888889,0.2545875386086578,0.1562218540442735,0.1242442632507758,0.4444444444444445,8.345559594711641,0.8823529411764706,0.0,0.2,0.1333333333333333,0.1333333333333333
993,"FewShot_WithAnswer","NEB_Qwen3235BInstruct","Why do birds often use flashy displays according to the support text?","to attract mates","to scare away predators","to mark their territory from rivals","to teach offspring survival skills","Birds often use flashy displays to attract mates.",0.3076923076923076,0.2175713172881685,0.1580061576345907,0.1376123266948091,0.2105263157894737,26.85665782464765,0.8333333333333334,0.0,0.4545454545454545,0.1818181818181818,0.0
994,"FewShot_WithAnswer","NEB_Qwen3235BInstruct","Where is the earliest continental crust currently located, providing valuable insights into the Precambrian when studied by geologists?","cratons","orogenic belts","mid-ocean ridges","sedimentary basins","The earliest continental crust is now found in the ancient cores of continents, called the cratons. Geologists can learn many things about the Precambrian by studying the rocks of the cratons.",0.4,0.282842712474619,0.2328909148622432,0.1935547273079832,0.3225806451612903,3.869458155500789,0.8888888888888888,0.0,0.1875,0.1875,0.0
996,"FewShot_WithAnswer","NEB_Qwen3235BInstruct","From which region of the solar system do short-period comets originate?","kuiper belt","asteroid belt","oort cloud","heliosphere","Short-period comets come from the Kuiper belt, beyond Neptune. Long-period comets come from the very distant Oort cloud.",0.25,0.1443375672974064,0.1237244007899882,0.11731175160264,0.3529411764705882,2.180133347587916,0.8181818181818182,0.0,0.2,0.1,0.1
998,"FewShot_WithAnswer","NEB_Qwen3235BInstruct","What term describes atoms with unstable nuclei that undergo decay by emitting energy and often particles to become more stable?","radioactive","reactive","isolated","energetic","Atoms with unstable nuclei are radioactive. To become more stable, the nuclei undergo radioactive decay. In radioactive decay, the nuclei emit energy and usually particles of matter as well. There are several types of radioactive decay, including alpha, beta, and gamma decay. Energy is emitted in all three types of decay, but only alpha and beta decay also emit particles.",0.3333333333333333,0.2519763153394848,0.2119679665896653,0.1779392574533938,0.4,25.31864088607808,0.9,0.0,0.2,0.2,0.1
999,"FewShot_WithAnswer","NEB_Qwen3235BInstruct","In the atmosphere, in what primary chemical form is sulfur initially present before it undergoes transformation and deposition on land?","sulfur dioxide (SO2)","hydrogen sulfide (H2S)","sulfate ions (SO42-)","weak sulfuric acid (H2SO4)","On land, sulfur is deposited in four major ways: precipitation, direct fallout from the atmosphere, rock weathering, and geothermal vents (Figure 20.17). Atmospheric sulfur is found in the form of sulfur dioxide (SO2), and as rain falls through the atmosphere, sulfur is dissolved in the form of weak sulfuric acid (H2SO4). Sulfur can also fall directly from the atmosphere in a process called fallout. Also, as sulfur-containing rocks weather, sulfur is released into the soil. These rocks originate from ocean sediments that are moved to land by the geologic uplifting of ocean sediments. Terrestrial ecosystems can then make use of these soil sulfates (SO42-), which enter the food web by being taken up by plant roots. When these plants decompose and die, sulfur is released back into the atmosphere as hydrogen sulfide (H2S) gas.",0.2727272727272727,0.1574591643244434,0.1056912083688013,0.0876539816410639,0.3846153846153846,11.423117386073269,0.9,0.0,0.1052631578947368,0.1052631578947368,0.0
