gt_question_id,gt_question,retrieved_rank,retrieved_question,retrieved_support,support_similarity,question_similarity
455,The simplest organic compounds are known as what?,2,The simplest class of organic compounds is the what?,"isolating the individual components, preservationists are better able to determine the condition of an object and those books and documents most in need of immediate protection. The simplest class of organic compounds is the hydrocarbons, which consist entirely of carbon and hydrogen. Petroleum and natural gas are complex, naturally occurring mixtures of many different hydrocarbons that furnish raw materials for the chemical industry. The four major classes of hydrocarbons are the alkanes, which contain only carbon–hydrogen and carbon–carbon single bonds; the alkenes, which contain at least one carbon–carbon double bond; the alkynes, which contain at least one carbon–carbon triple bond; and the aromatic hydrocarbons, which usually contain rings of six carbon atoms that can be drawn with alternating single and double bonds. Alkanes are also called saturated hydrocarbons, whereas hydrocarbons that contain multiple bonds (alkenes, alkynes, and aromatics) are unsaturated.",0.5938714146614075,0.9440655708312988
392,How many calories of energy does one gram of protein provide?,3,One gram of proteins provides how many calories of energy?,Dietary proteins are broken down during digestion to provide the amino acids needed for protein synthesis. Any extra proteins in the diet not needed for this purpose are used for energy or stored as fat. One gram of proteins provides 4 Calories of energy.,0.6427294015884399,0.9317526817321776
582,How frequently do high tides occur?,3,How many low and high tides occur per day?,The primary cause of tides is the gravitational attraction of the Moon. This causes two high and two low tides a day.,0.5896625518798828,0.8936048746109009
666,Algae produce food using what process?,1,How do plants and algae both make food?,"Like plants, algae contain chlorophyll and make food by photosynthesis.",0.6406253576278687,0.8829101920127869
378,What is the conversion of a solid to a gas called?,1,What is the process by which some solids transition directly into gases?,"Sublimation and Deposition Some solids can transition directly into the gaseous state, bypassing the liquid state, via a process known as sublimation. At room temperature and standard pressure, a piece of dry ice (solid CO2) sublimes, appearing to gradually disappear without ever forming any liquid. Snow and ice sublime at temperatures below the melting point of water, a slow process that may be accelerated by winds and the reduced atmospheric pressures at high altitudes. When solid iodine is warmed, the solid sublimes and a vivid purple vapor forms (Figure 10.27). The reverse of sublimation is called deposition, a process in which gaseous substances condense directly into the solid state, bypassing the liquid state. The formation of frost is an example of deposition.",0.5369256734848022,0.8221169710159302
634,What is the name of the skull that covers the brain and protects it?,2,What is the term for the skeletal structure of the head that supports the face and protects the brain?,"7.2 | The Skull By the end of this section, you will be able to: • List and identify the bones of the brain case and face • Locate the major suture lines of the skull and name the bones associated with each • Locate and define the boundaries of the anterior, middle, and posterior cranial fossae, the temporal fossa, and infratemporal fossa • Define the paranasal sinuses and identify the location of each • Name the bones that make up the walls of the orbit and identify the openings associated with the orbit • Identify the bones and structures that form the nasal septum and nasal conchae, and locate the hyoid bone • Identify the bony openings of the skull The cranium (skull) is the skeletal structure of the head that supports the face and protects the brain. It is subdivided into the facial bones and the brain case, or cranial vault (Figure 7.3). The facial bones underlie the facial structures, form the nasal cavity, enclose the eyeballs, and support the teeth of the upper and lower jaws. The rounded brain case surrounds and protects the brain and houses the middle and inner ear structures. In the adult, the skull consists of 22 individual bones, 21 of which are immobile and united into a single unit. The 22nd bone is the mandible (lower jaw), which is the only moveable bone of the skull.",0.6163352131843567,0.8220645785331726
764,What type of climate does the coast of california have?,3,The marine west coast climate gets lots of rain because of what being nearby?,The marine west coast climate gets lots of rain from the nearby ocean.,0.5789889693260193,0.8217624425888062
785,What is the eighth planet from our sun?,3,Which is the fourth planet from the sun?,Mars is the fourth planet from the Sun. The Red Planet is the first planet beyond Earth’s orbit.,0.5717971324920654,0.8103958368301392
368,Water seeps into the ground through permeable material and stops when it reaches what?,1,Why does water infiltrate the ground?,"Water infiltrates the ground because soil and rock are porous. Between the grains are pores, or tiny holes. Since water can move through this rock it is permeable. Eventually, the water reaches a layer of rock that is not porous and so is impermeable. Water stops moving downward when it reaches this layer of rock.",0.6074556112289429,0.8058547973632812
913,The earth's gravitational force causes the moon to do what?,3,What keeps the moon orbiting earth?,Gravity keeps the Moon orbiting Earth. Gravity keeps the planets orbiting the Sun.,0.5843669772148132,0.802405059337616
666,Algae produce food using what process?,2,Green cyanobacteria on a lake produce food through what process?,Green cyanobacteria on a lake make food by photosynthesis.,0.6071171760559082,0.8006284236907959
667,What happens to energy when work is done by a system?,1,The work-energy theorem states that the net work on a system equals the change in what type of energy?,"How the Work-Energy Theorem Applies Now let us consider what form the work-energy theorem takes when both conservative and nonconservative forces act. We will see that the work done by nonconservative forces equals the change in the mechanical energy of a system. As noted in Kinetic Energy and the Work-Energy Theorem, the work-energy theorem states that the net work on a system equals the change in its kinetic energy, or W net = ΔKE . The net work is the sum of the work by nonconservative forces plus the work by conservative forces. That is,.",0.5353396534919739,0.7970058917999268
985,What is the process of filtering waste from the kidneys?,3,What is the medical process of removing wastes and excess water from the blood by diffusion and ultrafiltration called?,"Dialysis Technician Dialysis is a medical process of removing wastes and excess water from the blood by diffusion and ultrafiltration. When kidney function fails, dialysis must be done to artificially rid the body of wastes. This is a vital process to keep patients alive. In some cases, the patients undergo artificial dialysis until they are eligible for a kidney transplant. In others who are not candidates for kidney transplants, dialysis is a life-long necessity. Dialysis technicians typically work in hospitals and clinics. While some roles in this field include equipment development and maintenance, most dialysis technicians work in direct patient care. Their on-the-job duties, which typically occur under the direct supervision of a registered nurse, focus on providing dialysis treatments. This can include reviewing patient history and current condition, assessing and responding to patient needs before and during treatment, and monitoring the dialysis process. Treatment may include taking and reporting a patient’s vital signs and preparing solutions and equipment to ensure accurate and sterile procedures.",0.6287723779678345,0.7968250513076782
455,The simplest organic compounds are known as what?,3,What is the simplest type of carbon-based compounds?,"Hydrocarbons are compounds that contain only carbon and hydrogen. Hydrocarbons are the simplest type of carbon-based compounds. Nonetheless, they can vary greatly in size. The smallest hydrocarbons have just one or two carbon atoms, but large hydrocarbons may have hundreds. The size of hydrocarbon molecules influences their properties. For example, it influences their boiling and melting points. As a result, some hydrocarbons are gases at room temperature, while others are liquids or solids. Hydrocarbons are generally nonpolar and do not dissolve in water. In fact, they tend to repel water. That’s why they are used in floor wax and similar products.",0.5819506645202637,0.7961782813072205
378,What is the conversion of a solid to a gas called?,3,What is the change of state from a gas to a liquid?,"A puddle of water left undisturbed eventually disappears. The liquid molecules escape into the gas phase, becoming water vapor. Vaporization is the process in which a liquid is converted to a gas. Evaporation is the conversion of a liquid to its vapor below the boiling temperature of the liquid. If the water is instead kept in a closed container, the water vapor molecules do not have a chance to escape into the surroundings and so the water level does not change. As some water molecules become vapor, an equal number of water vapor molecules condense back into the liquid state. Condensation is the change of state from a gas to a liquid.",0.5347875952720642,0.7960849404335022
158,Where does the energy produced by plants come from?,2,What is the name of the process by which plants use energy from sunlight to synthesize carbohydrates?,Photosynthesis is the process by which plants use energy from sunlight to synthesize carbohydrates.,0.6202301979064941,0.7942181825637817
532,What is the most direct way of recovering a metal from its ores?,2,What is the preferred method for separating late transition metals from their ores?,Hydrometallurgy is the preferred method for separating late transition metals from their ores. What types of ligands are most effective in this process?.,0.5783326029777527,0.7896801829338074
218,"In astronomy, what are so dense that not even light can escape their gravity?",1,Not even light can escape from what extremely dense object sometimes found in deep space?,"Black holes Black holes are objects having such large gravitational fields that things can fall in, but nothing, not even light, can escape. Bodies, like the Earth or the Sun, have what is called an escape velocity. If an object moves straight up from the body, starting at the escape velocity, it will just be able to escape the gravity of the body. The greater the acceleration of gravity on the body, the greater is the escape velocity. As long ago as the late 1700s, it was proposed that if the escape velocity is greater than the speed of light, then light cannot escape. Simon Laplace (1749–1827), the French astronomer and mathematician, even incorporated this idea of a dark star into his writings. But the idea was dropped after Young’s double slit experiment showed light to be a wave. For some time, light was thought not to have particle characteristics and, thus, could not be acted upon by gravity. The idea of a black hole was very quickly reincarnated in 1916 after Einstein’s theory of general relativity was published. It is now thought that black holes can form in the supernova collapse of a massive star, forming an object perhaps 10 km across and having a mass greater than that of our Sun. It is interesting that several prominent physicists who worked on the concept, including Einstein, firmly believed that nature would find a way to prohibit such objects. Black holes are difficult to observe directly, because they are small and no light comes directly from them. In fact, no light comes from inside the event horizon, which is defined to be at a distance from the object at which the escape velocity is exactly the speed of light. The radius of the event horizon is known as the Schwarzschild radius R S and is given by.",0.6490321159362793,0.7870078682899475
234,A solenoid wrapped around a bar of iron or other ferromagnetic material forms what?,3,The combined magnetic force of the magnetized wire coil and iron bar makes an electromagnet what?,The combined magnetic force of the magnetized wire coil and iron bar makes an electromagnet very strong.,0.6291980147361755,0.7794444561004639
450,What two types of tissue compose most of the non-pregnant and non-lactating female breast?,3,What are the glands that secrete milk in a woman's breasts?,"The breasts are not directly involved in reproduction, but they nourish a baby after birth. Each breast contains mammary glands , which secrete milk. The milk drains into ducts leading to the nipple. A suckling baby squeezes the milk out of the ducts and through the nipple.",0.625683069229126,0.7738775014877319
907,Spongy bone is found inside bones and is lighter and less dense than compact bone because it is what?,3,"Bone tissues include compact bone, spongy bone, bone marrow, and?","Bone tissues include compact bone, spongy bone, bone marrow, and periosteum.",0.6091156601905823,0.7695044279098511
490,A ramp is a type of simple machine called what?,3,What do you call a simple machine consisting of a sloping surface that connects lower and higher elevations?,An inclined plane is a simple machine consisting of a sloping surface that connects lower and higher elevations. The ideal mechanical advantage of an inclined plane is always greater than 1.,0.646156907081604,0.7690700888633728
60,What type of bonds are formed by the side-to-side overlap of p orbitals?,3,What bonds result from the overlap of atomic orbitals?,Covalent bonds result from the overlap of atomic orbitals.,0.5332181453704834,0.7672041654586792
969,What allows some things to enter the cell while keeping other things out?,3,The ability for a plasma membrane to only allow certain molecules in or out of the cell is referred to as what?,"The plasma membrane forms a barrier between the cytoplasm inside the cell and the environment outside the cell. It protects and supports the cell and also controls everything that enters and leaves the cell. It allows only certain substances to pass through, while keeping others in or out. The ability to allow only certain molecules in or out of the cell is referred to as selective permeability or semipermeability. To understand how the plasma membrane controls what crosses into or out of the cell, you need to know its composition.",0.6359168887138367,0.7603069543838501
32,What part of the eye allows light to enter?,2,What is the opening in the front of the eye called?,The pupil is an opening in the front of the eye. It looks black because it doesn’t reflect any light. All the light passes through it instead. The pupil controls the amount of light that enters the eye. It automatically gets bigger or smaller to let more or less light in as needed.,0.543394923210144,0.7569003105163574
450,What two types of tissue compose most of the non-pregnant and non-lactating female breast?,2,What glands in the breast secrete milk?,"The breasts are not directly involved in reproduction, but they nourish a baby after birth. Each breast contains mammary glands, which secrete milk. The milk drains into ducts leading to the nipple. A suckling baby squeezes the milk out of the ducts and through the nipple.",0.625683069229126,0.7531299591064453
481,How can you prevent diseases such as whooping cough and flu?,2,What preventive measure can protect even young children against diseases such as viral meningitis?,Children as young as 2 years of age can be vaccinated against viral meningitis.,0.553345799446106,0.7403653264045715
969,What allows some things to enter the cell while keeping other things out?,2,What encloses the border of animal cells?,"3.4 | The Cell Membrane By the end of this section, you will be able to: • Understand the fluid mosaic model of membranes • Describe the functions of phospholipids, proteins, and carbohydrates in membranes A cell’s plasma membrane defines the boundary of the cell and determines the nature of its contact with the environment. Cells exclude some substances, take in others, and excrete still others, all in controlled quantities. Plasma membranes enclose the borders of cells, but rather than being a static bag, they are dynamic and constantly in flux. The plasma membrane must be sufficiently flexible to allow certain cells, such as red blood cells and white blood cells, to change shape as they pass through narrow capillaries. These are the more obvious functions of a plasma membrane. In addition, the surface of the plasma membrane carries markers that allow cells to recognize one another, which is vital as tissues and organs form during early development, and which later plays a role in the “self” versus “non-self” distinction of the immune response. The plasma membrane also carries receptors, which are attachment sites for specific substances that interact with the cell. Each receptor is structured to bind with a specific substance. For example, surface receptors of the membrane create changes in the interior, such as changes in enzymes of metabolic pathways. These metabolic pathways might be vital for providing the cell with energy, making specific substances for the cell, or breaking down cellular waste or toxins for disposal. Receptors on the plasma membrane’s exterior surface interact with hormones or neurotransmitters, and allow their messages to be transmitted into the cell. Some recognition sites are used by viruses as attachment points. Although they are highly specific, pathogens like viruses may evolve to exploit receptors to gain entry to a cell by mimicking the specific substance that the receptor is meant to bind. This specificity helps to explain why human immunodeficiency virus (HIV) or any of the five types of hepatitis viruses invade only specific cells.",0.6390119791030884,0.7366422414779663
481,How can you prevent diseases such as whooping cough and flu?,1,What is used to prevent some infectious diseases?,"Vaccines are available for some infectious diseases. For example, there are vaccines to prevent measles, mumps, whooping cough, and chicken pox. These vaccines are recommended for infants and young children.",0.6463646292686462,0.7351359724998474
311,What is the side to side movement of the mandible called?,3,The movement of bone away from the midline of the body is called what?,The movement of bone away from the midline of the body is called ________. circumduction b. extension c. adduction d. abduction.,0.4190011024475097,0.732277512550354
670,What is the blood in the body pumped with?,2,Blood from the body enters what chamber of the heart before it is pumped to the right ventricle and then to the lungs?,"Blood from the body enters the right atrium of the heart. The right atrium pumps the blood to the right ventricle, which pumps it to the lungs. This loop is represented by the blue arrows in Figure above .",0.6184446811676025,0.7300319075584412
395,In what stage of their life cycle do insects begin developing their wings?,2,Arthropods change into the adult form in a process called what?,"Arthropods have a life cycle with sexual reproduction. Most species go through larval stages after hatching. The larvae are very different from the adults. They change into the adult form in a process called metamorphosis . This may take place within a cocoon. A familiar example of metamorphosis is the transformation of a caterpillar (larva) into a butterfly (adult). Other arthropod species, in contrast, hatch young that look like small adults. These species lack both larval stages and metamorphosis.",0.55361008644104,0.728350043296814
11,What are by far the most common type of invertebrate?,3,What are the most numerous organisms in the world?,Insects are arthropods in the class Hexapoda. They are the most numerous organisms in the world.,0.6318550109863281,0.7268856763839722
532,What is the most direct way of recovering a metal from its ores?,1,What is the conversion of metals from their ores to more useful forms called?,"Summary The conversion of metals from their ores to more useful forms is calledmetallurgy, which consists of three general steps: mining, separation and concentration, and reduction. Settling and flotation are separation methods based on differences in density, whereas pyrometallurgy is based on a chemical reduction at elevated temperatures, and hydrometallurgy uses chemical or electrochemical reduction of an aqueous solution. In pyrometallurgy, a reductant must be used that does not form stable compounds with the metal of interest. In hydrometallurgy, metals are separated via the formation of metal complexes.",0.6474180221557617,0.7248095273971558
373,Some types of minerals form balls called what?,1,What type of rock contains concentrations of valuable minerals?,A mineral deposit that contains enough minerals to be mined for profit is called an ore . Ores are rocks that contain concentrations of valuable minerals. The bauxite shown in the Figure below is a rock that contains minerals that are used to make aluminum.,0.5624592900276184,0.7244750261306763
312,A moraine is sediment deposited by what?,1,When do glaciers deposit their sediment?,"Glaciers deposit their sediment when they melt. Landforms deposited by glaciers include drumlins, kettle lakes, and eskers.",0.6240285634994507,0.7222985029220581
951,How many chambers are there in a bird's heart?,1,Birds have a relatively large heart and a rapid what?,"To keep their flight muscles well supplied with oxygen, birds evolved specialized respiratory and circulatory systems. Birds have special air sacs for storing extra air and pumping it into the lungs. They also have a relatively large heart and a rapid heart rate. These adaptations keep plenty of oxygenated blood circulating to the flight muscles.",0.5495406985282898,0.7214128971099854
996,Where do short period comets come from?,2,What types of orbits do comets usually have?,"Comets are small, icy objects that orbit the Sun in very elliptical orbits. When they are close to the Sun, they form comas and tails, which glow and make the comet more visible.",0.6159884929656982,0.720935583114624
329,A dilute solution is one that has a relatively small amount of what?,1,The concentration of a substance is the quantity of solute present in a given quantity of ___________?,"Summary The concentration of a substance is the quantity of solute present in a given quantity of solution. Concentrations are usually expressed as molarity, the number of moles of solute in 1 L of solution. Solutions of known concentration can be prepared either by dissolving a known mass of solute in a solvent and diluting to a desired final volume or by diluting the appropriate volume of a more concentrated solution (a stock solution) to the desired final volume.",0.6411787867546082,0.7207170724868774
218,"In astronomy, what are so dense that not even light can escape their gravity?",2,"Very large stars eventually become what extremely dense space regions, which are so dense that no light can escape from them?","The largest-mass stars become black holes . These extremely large stars end their life in the same way as a medium-mass star in that they become a supernova. After the outer layers are blown away in the supernova, however, the core of the star shrinks down in volume but still has a huge mass. The density of this object is extremely high, even denser than neutron stars. This dense object will have a gravitational force so large that not even light can escape from the body. (A companion topic to this occurs in The General Theory of Relativity where we see than extremely strong gravitational attraction can even attract light. ) These objects appear black because light cannot leave them, that is, they pull all light back to their surface. Black holes capture everything nearby due to their massive gravity and so they grow in size. Black holes are a common topic for science fiction but keep in mind, they are simply a very dense ball of matter with intense gravitational attraction.",0.6120103597640991,0.7152344584465027
446,Viruses replicate only in where?,3,Populations of viruses do not grow through cell division because they?,"Populations of viruses do not grow through cell division because they are not cells. Instead, they use the machinery and metabolism of a host cell to produce new copies of themselves. After infecting a host cell, a virion uses the cell’s ribosomes, enzymes, ATP, and other components to replicate. Viruses vary in how they do this. For example:.",0.6048772931098938,0.7151913642883301
108,What is the adaptation that certain animals use to become less visible to predators and prey?,3,Many species use their body shape and coloration to avoid being detected by what?,"Many species use their body shape and coloration to avoid being detected by predators. The tropical walking stick is an insect with the coloration and body shape of a twig, which makes it very hard to see when it is stationary against a background of real twigs (Figure 19.15a). In another example, the chameleon can change its color to match its surroundings (Figure 19.15b).",0.4882755875587463,0.7134115695953369
503,What are the specialized cells that sponges have?,2,What type of feeders are sponges?,Other specialized cells are involved in feeding. Sponges are filter feeders. They filter food out of the water as it flows through them. Sponges pump water into their body through specialized pore cells called porocytes.,0.6119776368141174,0.7106121778488159
210,What type of eclipse happens when a full moon moves through earth's shadow?,1,What is the minimum number of times a partial lunar eclipse will occur each year?,"Partial lunar eclipses occur at least twice a year, but total lunar eclipses are less common. The Moon glows with a dull red coloring during a total lunar eclipse ( Figure below ).",0.6461656093597412,0.709333598613739
311,What is the side to side movement of the mandible called?,2,What is the term for rotation of a bone toward the midline of the body?,"Rotational Movement Rotational movement is the movement of a bone as it rotates around its longitudinal axis. Rotation can be toward the midline of the body, which is referred to as medial rotation, or away from the midline of the body, which is referred to as lateral rotation. Movement of the head from side to side is an example of rotation. Special Movements Some movements that cannot be classified as gliding, angular, or rotational are called special movements. Inversion involves the soles of the feet moving inward, toward the midline of the body. Eversion is the opposite of inversion, movement of the sole of the foot outward, away from the midline of the body. Protraction is the anterior movement of a bone in the horizontal plane. Retraction occurs as a joint moves back into position after protraction. Protraction and retraction can be seen in the movement of the mandible as the jaw is thrust outwards and then back inwards. Elevation is the movement of a bone upward, such as when the shoulders are shrugged, lifting the scapulae. Depression is the opposite of elevation—movement downward of a bone, such as after the shoulders are shrugged and the scapulae return to their normal position from an elevated position. Dorsiflexion is a bending at the ankle such that the toes are lifted toward the knee. Plantar flexion is a bending at the ankle when the heel is lifted, such as when standing on the toes. Supination is the movement of the radius and ulna bones of the forearm so that the palm faces forward. Pronation is the opposite movement, in which the palm faces backward. Opposition is the movement of the thumb toward the fingers of the same hand, making it possible to grasp and hold objects.",0.4313480854034424,0.7089235782623291
1,What term in biotechnology means a genetically exact copy of an organism?,2,Transgenic animals are animals that have incorporated a gene from another species into their what?,"DNA technology has proved very beneficial to humans. Transgenic animals are animals that have incorporated a gene from another species into their genome. They are used as experimental models to perform phenotypic tests with genes whose function is unknown, or to generate animals that are susceptible to certain compounds or stresses for testing purposes. Other applications include the production of human hormones, such as insulin. Many times these animals are rodents, such as mice, or fruit flies ( Drosophila melanogaster ). Fruit flies are extremely useful as genetic models to study the effects of genetic changes on development. GloFish are the first genetically modified animal to be sold as a pet and are transgenic zebrafish transfected with a natural fluorescence gene. Watch these fish at http://www. youtube. com/watch?v=6cQLGKH2ojY or in the video below.",0.6384580731391907,0.7085059881210327
505,What are the small molecules or proteins produced by bacteria that regulate gene expression?,3,Gene expression is regulated primarily at the what level?,Gene expression is regulated primarily at the transcriptional level.,0.503713846206665,0.7083544731140137
583,What phase does the cell make final preparations to divide?,1,What is divided during cytokinesis?,"Cell division Mitosis M Cell growth stops at this stage. Mitosis divides the nucleus into two nuclei, followed by cytokinesis which divides the cytoplasm. Two genetically identical daughter cells result.",0.6402000188827515,0.704727053642273
171,What is the protein in red blood cells which transports oxygen around the body?,3,What is the job of hemoglobin in the body?,"Hemoglobin is a protein that transports oxygen throughout the body. Source: Image from the RCSB PDB (www. org) of PDB ID 1I3D (R. Kidd, H. Baker, A. Mathews, T. Brittain, E. Baker (2001) Oligomerization and ligand binding in a homotetrameric hemoglobin: two high-resolution crystal structures of hemoglobin Bart's (gamma(4)), a marker for alpha-thalassemia. Protein Sci. 1739– 1749). Figure 18.8 Levels of Structure in Proteins Saylor URL: http://www. saylor. org/books.",0.6439211368560791,0.7035782337188721
446,Viruses replicate only in where?,2,Viruses depend on what type of cells?,Briefly describe how viruses depend on host cells.,0.6435973644256592,0.7033530473709106
276,Repolarization occurs when the membrane potential begins to move back toward its resting what?,3,The active transport of ions across the membrane causes an electrical gradient to build up across the what?,"The active transport of ions across the membrane causes an electrical gradient to build up across the plasma membrane. The number of positively charged ions outside the cell is greater than the number of positively charged ions in the cytosol. This results in a relatively negative charge on the inside of the membrane, and a positive charge on the outside. This difference in charges causes a voltage across the membrane. Voltage is electrical potential energy that is caused by a separation of opposite charges, in this case across the membrane. The voltage across a membrane is called membrane potential . Membrane potential is very important for the conduction of electrical impulses along nerve cells.",0.6241248846054077,0.7017773389816284
182,Which fish has a round sucker used to suck the blood of other fish?,3,Fish have a circulatory system with a two-chambered what?,Fish have a circulatory system with a two-chambered heart. Their digestive system is complete and includes several organs and glands. Jawed fish use their jaws and teeth to grind up food before passing it to the rest of the digestive tract. This allows them to consume larger prey.,0.569094181060791,0.699594259262085
481,How can you prevent diseases such as whooping cough and flu?,3,Many viral diseases can be prevented by giving people what?,"Many viral diseases can be prevented by giving people vaccines (see Figure below ). A vaccine is a substance that contains pathogens such as viruses. The pathogens have been changed in some way so they no longer cause disease. However, they can still provoke a response from the host’s immune system. This results in immunity, or the ability to resist the pathogen. Vaccines have been produced for the viruses that cause measles, chicken pox, mumps, polio, and several other diseases.",0.5466616749763489,0.6983283162117004
951,How many chambers are there in a bird's heart?,2,Light-weight air-filled bones and a large four-chambered heart helps a bird do what?,"Bird organ systems are adapted for flight. For example, they have light-weight air-filled bones and a large four-chambered heart.",0.4954004883766174,0.697722315788269
981,Electricity consists of a constant stream of what tiny particles?,3,Electrons flow through wires to create what?,3. Electrical energy is the energy of moving electrons. Electrons flow through wires to create electric current.,0.6245034337043762,0.6970440745353699
1,What term in biotechnology means a genetically exact copy of an organism?,3,Animals that have been modified to express recombinant dna are called what?,"Transgenic Animals Although several recombinant proteins used in medicine are successfully produced in bacteria, some proteins require a eukaryotic animal host for proper processing. For this reason, the desired genes are cloned and expressed in animals, such as sheep, goats, chickens, and mice. Animals that have been modified to express recombinant DNA are called transgenic animals. Several human proteins are expressed in the milk of transgenic sheep and goats, and some are expressed in the eggs of chickens. Mice have been used extensively for expressing and studying the effects of recombinant genes and mutations.",0.6335964202880859,0.6952881217002869
794,What is the term for the combined forces acting on an object?,3,Push or pull acting on an object is also called?,"Force is defined as a push or pull acting on an object. There are several fundamental forces in the universe, including the force of gravity, electromagnetic force, and weak and strong nuclear forces. When it comes to the motion of everyday objects, however, the forces of interest include mainly gravity, friction, and applied force. Applied force is force that a person or thing applies to an object.",0.6311064958572388,0.6943584680557251
205,What are the best-known extinct vertebrates?,2,What percentage of all species that ever lived on earth have gone extinct?,"Over 99 percent of all species that ever lived on Earth have gone extinct. Five mass extinctions are recorded in the fossil record. They were caused by major geologic and climatic events. Evidence shows that a sixth mass extinction is occurring now. Unlike previous mass extinctions, the sixth extinction is due to human actions.",0.6204942464828491,0.6943085193634033
538,What process done by bacteria makes them important producers in aquatic ecosystems?,3,"Plants, algae and bacteria are all examples of what type of organism?","Photosynthetic organisms include plants, algae, and some bacteria.",0.6400421261787415,0.6910179257392883
826,The sex of developing crocodilians is determined by what during incubation?,2,Most reptiles reproduce sexually and have what type of fertilization?,Most reptiles reproduce sexually and have internal fertilization.,0.6257860660552979,0.6894515752792358
311,What is the side to side movement of the mandible called?,1,What type of flexion is the bending of the neck or body toward the right or left side?,"Flexion and Extension Flexion and extension are movements that take place within the sagittal plane and involve anterior or posterior movements of the body or limbs. For the vertebral column, flexion (anterior flexion) is an anterior (forward) bending of the neck or body, while extension involves a posterior-directed motion, such as straightening from a flexed position or bending backward. Lateral flexion is the bending of the neck or body toward the right or left side. These movements of the vertebral column involve both the symphysis joint formed by each intervertebral disc, as well as the plane type of synovial joint formed between the inferior articular processes of one vertebra and the superior articular processes of the next lower vertebra. In the limbs, flexion decreases the angle between the bones (bending of the joint), while extension increases the angle and straightens the joint. For the upper limb, all anterior-going motions are flexion and all posterior-going motions are extension.",0.4850640892982483,0.6875976920127869
108,What is the adaptation that certain animals use to become less visible to predators and prey?,1,Many species use their body shape and coloration to avoid what?,"Many species use their body shape and coloration to avoid being detected by predators. The tropical walking stick is an insect with the coloration and body shape of a twig which makes it very hard to see when stationary against a background of real twigs (Figure 45.20a). In another example, the chameleon can change its color to match its surroundings (Figure 45.20b). Both of these are examples of camouflage, or avoiding detection by blending in with the background.",0.4951257705688476,0.6875775456428528
395,In what stage of their life cycle do insects begin developing their wings?,3,What emerges from an insect egg?,"When an insect egg hatches, a larva emerges. The larva eats and grows and then enters the pupa stage. The pupa is immobile and may be encased in a cocoon . During the pupa stage, the insect goes through metamorphosis . Tissues and appendages of the larva break down and reorganize into the adult form. How did such an incredible transformation evolve? Metamorphosis is actually very advantageous. It allows functions to be divided between life stages. Each stage can evolve adaptations to suit it for its specific functions without affecting the adaptations of the other stage.",0.548758864402771,0.685742974281311
145,What come together to create continents and supercontinents?,3,The converging of continental plates can form what kind of geological feature?,"When two continental plates converge, they smash together and create mountains.",0.6353048086166382,0.6838364601135254
329,A dilute solution is one that has a relatively small amount of what?,2,What term is used to describe a solution in which water is the solvent?,"Solutions We have previously defined solutions as homogeneous mixtures, meaning that the composition of the mixture (and therefore its properties) is uniform throughout its entire volume. Solutions occur frequently in nature and have also been implemented in many forms of manmade technology. We will explore a more thorough treatment of solution properties in the chapter on solutions and colloids, but here we will introduce some of the basic properties of solutions. The relative amount of a given solution component is known as its concentration. Often, though not always, a solution contains one component with a concentration that is significantly greater than that of all other components. This component is called the solvent and may be viewed as the medium in which the other components are dispersed, or dissolved. Solutions in which water is the solvent are, of course, very common on our planet. A solution in which water is the solvent is called an aqueous solution. A solute is a component of a solution that is typically present at a much lower concentration than the solvent. Solute concentrations are often described with qualitative terms such as dilute (of relatively low concentration) and concentrated (of relatively high concentration). Concentrations may be quantitatively assessed using a wide variety of measurement units, each convenient for particular applications. Molarity (M) is a useful concentration unit for many applications in chemistry. Molarity is defined as the number of moles of solute in exactly 1 liter (1 L) of the solution: M = mol solute L solution.",0.6326926350593567,0.6835464239120483
103,What are used to indicate the number of atoms of an element that are in the compound?,3,Chemical symbols are useful to concisely represent the elements present in a substance. the letters usually come from the name of what?,Chemical symbols are useful to concisely represent the elements present in a substance. The letters usually come from the name of the element.,0.6161602139472961,0.6831595301628113
210,What type of eclipse happens when a full moon moves through earth's shadow?,2,In what phase is the moon brightly illuminated?,"The Earth, Moon and Sun are linked together in space. Monthly or daily cycles continually remind us of these links. Every month, you can see the Moon change. This is due to where it is relative to the Sun and Earth. In one phase, the Moon is brightly illuminated - a full moon. In the opposite phase it is completely dark - a new moon. In between, it is partially lit up. When the Moon is in just the right position, it causes an eclipse. The daily tides are another reminder of the Moon and Sun. They are caused by the pull of the Moon and the Sun on the Earth. Tides were discussed in the Oceans chapter.",0.6018774509429932,0.6820905208587646
859,Melting ice is drastically impacting the number of what at glacier national park?,3,What is occurring at an alarming rate as a result of global climate change and the constant melting point of ice?,"Because of global climate change, temperatures all over Earth are rising. However, the melting points of Earth’s substances, including ice, are constant. The result? Glaciers are melting at an alarming rate. Melting glaciers cause rising sea levels and the risk of dangerous river flooding on land. You can learn more about these effects of melting at this URL: http://video. nationalgeographic. com/video/player/environment/global-warming-environment/glacier-melt. html .",0.5944526791572571,0.681832492351532
503,What are the specialized cells that sponges have?,3,"The body of the simplest sponges takes the shape of a cylinder with a large central cavity, called?","The body of the simplest sponges takes the shape of a cylinder with a large central cavity, the spongocoel. Water enters the spongocoel from numerous pores in the body wall. Water flows out through a large opening called the osculum (Figure 15.9). However, sponges exhibit a diversity of body forms, which vary in the size and branching of the spongocoel, the number of osculi, and where the cells that filter food from the water are located. Sponges consist of an outer layer of flattened cells and an inner layer of cells called choanocytes separated by a jellylike substance called mesohyl. The mesohyl contains embedded amoeboid cells that secrete tiny needles called spicules or protein fibers that help give the sponge its structural strength. The cell body of the choanocyte is embedded in mesohyl but protruding into the spongocoel is a mesh-like collar surrounding a single flagellum. The beating of flagella from all choanocytes moves water through the sponge. Food particles are trapped in mucus produced by the sieve-like collar of the choanocytes and are ingested by phagocytosis. This process is called intracellular digestion. Amoebocytes take up nutrients repackaged in food vacuoles of the choanocytes and deliver them to other cells within the sponge.",0.6112096905708313,0.6814770698547363
609,What is the name of microscopic channels which traverse the cell walls of plants?,3,Channel proteins and carrier proteins help substances diffuse across what?,"Facilitated Diffusion Across a Cell Membrane. Channel proteins and carrier proteins help substances diffuse across a cell membrane. In this diagram, the channel and carrier proteins are helping substances move into the cell (from the extracellular space to the intracellular space).",0.5822417736053467,0.67615807056427
368,Water seeps into the ground through permeable material and stops when it reaches what?,2,What is a hole that is dug or drilled through the ground down to an aquifer called?,"Most groundwater does not flow out of an aquifer as a spring or geyser. So to use the water that's stored in an aquifer, people must go after it. How? They dig a well. A well ( Figure below ) is a hole that is dug or drilled through the ground down to an aquifer.",0.5354052186012268,0.6757703423500061
368,Water seeps into the ground through permeable material and stops when it reaches what?,3,What is hole that is dug or drilled through the ground down to an aquifer?,Many people get their freshwater from an aquifer. They obtain the water through a well. A well is a hole that is dug or drilled through the ground down to an aquifer.,0.5158987641334534,0.6746199727058411
244,All of the elements in group 9 have nine of which electrons?,2,The group 18 gases that have 8 valence electrons are referred to as what type of gases?,"A common way to keep track of valence electrons is with Lewis electron dot structures . In an electron dot structure, each atom is represented by its chemical symbol, and each valence electron is represented by a single dot. Note that only valence electrons are shown explicitly in these diagrams. For the main group elements, the number of valence electrons for a neutral atom can be determined by looking at which group the element belongs to. In the s block, Group 1 elements have one valence electron, while Group 2 elements have two valence electrons. In the p block, the number of valence electrons is equal to the group number minus ten. Group 13 elements have three valence electrons, Group 14 elements have four, and so on. The noble gases in Group 18 have eight valence electrons, and the full outer s and p sublevels are what give these elements their special stability. Representative dot diagrams are shown in the Figure below :.",0.6114804148674011,0.6745871305465698
967,"Animal behavior can be said to be controlled by genetics and experiences, also known as nature and what?",3,"Behaviors are responses to stimuli. they can either be instinctual/innate behaviors, which are not influenced by the environment, or learned behaviors, which are influenced by this?","45.7 Behavioral Biology: Proximate and Ultimate Causes of Behavior Behaviors are responses to stimuli. They can either be instinctual/innate behaviors, which are not influenced by the environment, or learned behaviors, which are influenced by environmental changes. Instinctual behaviors include mating systems and methods of communication. Learned behaviors include imprinting and habituation, conditioning, and, most powerfully, cognitive learning. Although the connection between behavior, genetics, and evolution is well established, the explanation of human behavior as entirely genetic is controversial.",0.6423163414001465,0.6742854118347168
723,"What do you call materials able to conduct electricity with 100% efficiency, meaning that no energy is lost during the electrical transmission?",3,Materials that are good conductors of thermal energy are called?,Materials that are good conductors of thermal energy are called thermal conductors. Metals are very good thermal conductors.,0.5157926678657532,0.671048641204834
969,What allows some things to enter the cell while keeping other things out?,1,In how many basic was can substances cross the plasma membrane?,"If a cell were a house, the plasma membrane would be walls with windows and doors. Moving things in and out of the cell is an important role of the plasma membrane. It controls everything that enters and leaves the cell. There are two basic ways that substances can cross the plasma membrane: passive transport and active transport.",0.6445893049240112,0.6682435274124146
76,The lens and other parts of the eye work together to focus a real image on what eye structure?,3,What are the organs work together to allow us to see?,The ability to see is called vision. The brain and eyes work together to allow us to see. The eyes collect and focus visible light and change it to electrical signals that travel to the brain. The brain interprets the signals and “tells” us what we are seeing.,0.6030087471008301,0.6675035357475281
194,"Which cavity, filled with lubricating serous fluid, lies between the epicardium and the pericardium?",3,The human heart is located within what cavity?,"Location of the Heart The human heart is located within the thoracic cavity, medially between the lungs in the space known as the mediastinum. Figure 19.2 shows the position of the heart within the thoracic cavity. Within the mediastinum, the heart is separated from the other mediastinal structures by a tough membrane known as the pericardium, or pericardial sac, and sits in its own space called the pericardial cavity. The dorsal surface of the heart lies near the bodies of the vertebrae, and its anterior surface sits deep to the sternum and costal cartilages. The great veins, the superior and inferior venae cavae, and the great arteries, the aorta and pulmonary trunk, are attached to the superior surface of the heart, called the base. The base of the heart is located at the level of the third costal cartilage, as seen in Figure 19.2. The inferior tip of the heart, the apex, lies just to the left of the sternum between the junction of the fourth and fifth ribs near their articulation with the costal cartilages. The right side of the heart is deflected anteriorly, and the left side is deflected posteriorly. It is important to remember the position and orientation of the heart when placing a stethoscope on the chest of a patient and listening for heart sounds, and also when looking at images taken from a midsagittal perspective. The slight deviation of the apex to the left is reflected in a depression in the medial surface of the inferior lobe of the left lung, called the cardiac notch.",0.6300225257873535,0.6664195656776428
532,What is the most direct way of recovering a metal from its ores?,3,"What is extracted from rock by heap leaching, flotation, or smelting?","Ore is extracted from rock by heap leaching, flotation, or smelting.",0.5750014185905457,0.6634142994880676
913,The earth's gravitational force causes the moon to do what?,1,What keeps the earth orbiting the sun?,"Earth and Moon orbit each other. This Earth-Moon system orbits the Sun in a regular path ( Figure below ). Gravity is the force of attraction between all objects. Gravity keeps the Earth and Moon in their orbits. Earth’s gravity pulls the Moon toward Earth’s center. Without gravity, the Moon would continue moving in a straight line off into space.",0.6448957324028015,0.6632165908813477
764,What type of climate does the coast of california have?,1,Where can you find humid subtropical climates?,"Humid subtropical climates are found on the eastern sides of continents between about 20° and 40° latitude. The southeastern U. S. has this type of climate. Summers are hot and humid, but winters are chilly. There is moderate rainfall throughout the year. Pine and oak forests grow in this climate ( Figure below ).",0.5898953676223755,0.6613359451293945
764,What type of climate does the coast of california have?,2,Continental climates are generally found in what areas of landmasses?,"Farther inland, the climate is influenced by cold or hot air from the land. This air may be dry, because it comes from over land. An inland climate is usually more extreme. Winters may be very cold, and summers may be very hot. Precipitation can be low. This is a continental climate .",0.5816689729690552,0.6600351333618164
788,The pressure inside a container is dependent on the amount of what inside the container?,1,Reducing the number of molecules in a rigid container causes what to decrease?,"The canister on the left contains a gas at a certain pressure. The attached air pump is then used to double the amount of gas in the canister. Since the canister cannot expand, the increased number of air molecules will strike the inside walls of the canister twice as frequently as they did before. The result is that the pressure inside the canister doubles. As you might imagine, if more and more air is continually added to a rigid container, it may eventually burst. Reducing the number of molecules in a rigid container has the opposite effect and the pressure decreases.",0.5034627318382263,0.6588989496231079
571,What color is phosphate mineral turquoise?,3,Where does the purple color in quartz come from?,"A certain mineral may form in different colors. Figure below shows four samples of quartz, including one that is colorless and one that is purple. The purple color comes from a tiny amount of iron. The iron in quartz is a chemical impurity. Iron is not normally found in quartz. Many minerals are colored by chemical impurities. Other factors can also affect a mineral’s color. Weathering changes the surface of a mineral. Because color alone is unreliable, geologists rarely identify a mineral just on its color. To identify most minerals, they use several properties.",0.5055321455001831,0.6582661867141724
790,Each species has a particular way of making a living which is called its what?,1,What do you call the physical environment in which a species lives and to which it is adapted?,An ecosystem consists of all the biotic and abiotic factors in an area and their interactions. A niche refers to the role of a species in its ecosystem. A habitat is the physical environment in which a species lives and to which it is adapted. Two different species cannot occupy the same niche in the same place for very long.,0.6233172416687012,0.6553349494934082
871,"The five human senses are taste, touch, vision, hearing and one more. what is it?",3,Olfaction refers to which of the five senses?,"Olfaction is not the pre-eminent sense, but its loss can be quite detrimental. The enjoyment of food is largely based on our sense of smell. Anosmia means that food will not seem to have the same taste, though the gustatory sense is intact, and food will often be described as being bland. However, the taste of food can be improved by adding ingredients (e. , salt) that stimulate the gustatory sense. Testing vision relies on the tests that are common in an optometry office. The Snellen chart (Figure 16.7) demonstrates visual acuity by presenting standard Roman letters in a variety of sizes. The result of this test is a rough generalization of the acuity of a person based on the normal accepted acuity, such that a letter that subtends a visual angle of 5 minutes of an arc at 20 feet can be seen. To have 20/60 vision, for example, means that the smallest letters that a person can see at a 20-foot distance could be seen by a person with normal acuity from 60 feet away. Testing the extent of the visual field means that the examiner can establish the boundaries of peripheral vision as simply as holding their hands out to either side and asking the patient when the fingers are no longer visible without moving the eyes to track them. If it is necessary, further tests can establish the perceptions in the visual fields. Physical inspection of the optic disk, or where the optic nerve emerges from the eye, can be accomplished by looking through the pupil with an ophthalmoscope.",0.6331093311309814,0.6539891958236694
790,Each species has a particular way of making a living which is called its what?,2,What is the physical environment in which a species lives and to which it has adapted?,"Another important aspect of a species’ niche is its habitat. Habitat is the physical environment in which a species lives and to which it has adapted. Features of a habitat depend mainly on abiotic factors, such as temperature and rainfall. These factors influence the traits of the organisms that live there.",0.6126226782798767,0.6538037061691284
170,"During evolution, something happened to increase the size of what organ in humans, relative to that of the chimpanzee?",2,What organ do mammals have that is exceptionally large for their body size?,"Cerebral Cortex Compared to other vertebrates, mammals have exceptionally large brains for their body size. An entire alligator’s brain, for example, would fill about one and a half teaspoons. This increase in brain to body size ratio is especially pronounced in apes, whales, and dolphins. While this increase in overall brain size doubtlessly played a role in the evolution of complex behaviors unique to mammals, it does not tell the whole story. Scientists have found a relationship between the relatively high surface area of the cortex and the intelligence and complex social behaviors exhibited by some mammals. This increased surface area is due, in part, to increased folding of the cortical sheet (more sulci and gyri). For example, a rat cortex is very smooth with very few sulci and gyri. Cat and sheep cortices have more sulci and gyri. Chimps, humans, and dolphins have even more.",0.6282997727394104,0.6532824039459229
276,Repolarization occurs when the membrane potential begins to move back toward its resting what?,2,What causes a voltage to exist across the membrane in cells?,"The active transport of ions across the cell membrane causes an electrical gradient to build up across this membrane. The number of positively charged ions outside the cell is usually greater than the number of positively charged ions in the cytosol. This results in a relatively negative charge on the inside of the membrane, and a positive charge on the outside. This difference in charges causes a voltage to exist across the membrane. Voltage is electrical potential energy that is caused by a separation of opposite charges, in this case across the membrane. The voltage across a membrane is the membrane potential . Membrane potential is very important for the conduction of electrical impulses along nerve cells. The membrane potential of a cell at rest is known as its resting potential , and is discussed below. A non-excited nerve cell is an example of a cell at rest.",0.6290614604949951,0.6516236066818237
157,The bony socket that houses the eyeball and associated muscles is called?,3,What is the term for the skeletal structure of the head that supports the face and protects the brain?,"7.2 | The Skull By the end of this section, you will be able to: • List and identify the bones of the brain case and face • Locate the major suture lines of the skull and name the bones associated with each • Locate and define the boundaries of the anterior, middle, and posterior cranial fossae, the temporal fossa, and infratemporal fossa • Define the paranasal sinuses and identify the location of each • Name the bones that make up the walls of the orbit and identify the openings associated with the orbit • Identify the bones and structures that form the nasal septum and nasal conchae, and locate the hyoid bone • Identify the bony openings of the skull The cranium (skull) is the skeletal structure of the head that supports the face and protects the brain. It is subdivided into the facial bones and the brain case, or cranial vault (Figure 7.3). The facial bones underlie the facial structures, form the nasal cavity, enclose the eyeballs, and support the teeth of the upper and lower jaws. The rounded brain case surrounds and protects the brain and houses the middle and inner ear structures. In the adult, the skull consists of 22 individual bones, 21 of which are immobile and united into a single unit. The 22nd bone is the mandible (lower jaw), which is the only moveable bone of the skull.",0.6374228596687317,0.6501510739326477
540,What action do particles of the same charge do to each other?,3,What kind of charges do protons give the nucleus?,"Inside the atom, two types of subatomic particles have electric charge: electrons, which have an electric charge of -1, and protons, which have an opposite but equal electric charge of +1. The model of an atom in the Figure below shows both types of charged particles. Protons are found inside the nucleus at the center of the atom, and they give the nucleus a positive charge. (There are also neutrons in the nucleus, but they have no electric charge. ) Negative electrons stay in the area surrounding the positive nucleus because of the electromagnetic force of attraction between them.",0.5078477263450623,0.6500540375709534
158,Where does the energy produced by plants come from?,3,What process provides more than 99% of energy?,"Plants and other autotrophs make food out of “thin air”—at least, they use carbon dioxide from the air to make food. Most food is made in the process of photosynthesis. This process provides more than 99% of the energy used by living things on Earth. Photosynthesis also supplies Earth’s atmosphere with oxygen.",0.6112198829650879,0.6429113149642944
105,Anything moving has what type of energy?,3,What kind of energy constitutes the total kinetic energy of all the atoms that make up an object?,"The atoms that make up matter are in constant motion, so they have kinetic energy. All that motion gives matter thermal energy. Thermal energy is defined as the total kinetic energy of all the atoms that make up an object. It depends on how fast the atoms are moving and how many atoms the object has. Therefore, an object with more mass has greater thermal energy than an object with less mass, even if their individual atoms are moving at the same speed. You can see an example of this in Figure below .",0.5944868326187134,0.6400851011276245
22,What happens when mammals raise their hair with tiny muscles in the skin?,2,"In mammals, hair or fur help conserve bodily what?","Conserving heat is also important, especially in small mammals. A small body has a relatively large surface area compared to its overall size. Because heat is lost from the surface of the body, small mammals lose a greater proportion of their body heat than large mammals. Mammals conserve body heat with their hair or fur. It traps a layer of warm air next to the skin. Most mammals can make their hair stand up from the skin, so it becomes an even better insulator. Even humans automatically contract these muscles when they are cold, causing goosebumps (see Figure below ). Mammals also have a layer of fat under the skin to help insulate the body. This fatty layer is not found in other vertebrates.",0.6042729616165161,0.6392717361450195
312,A moraine is sediment deposited by what?,2,What type of stratified deposit is formed where lakes are covered by ice in the winter?,"Several types of stratified deposits form in glacial regions but are not formed directly by the ice. Varves form where lakes are covered by ice in the winter. Dark, fine-grained clays sink to the bottom of the lake in winter. Melting ice in the spring brings running water that deposits lighter colored sands. Each alternating dark/light layer represents one year of deposits.",0.5501806735992432,0.638535737991333
913,The earth's gravitational force causes the moon to do what?,2,What produces the centripetal force to keep the earth orbiting the sun?,"Centripetal force is, simply, the force that causes centripetal acceleration. Objects that move in uniform circular motion all have an acceleration toward the center of the circle and therefore, they must also suffer a force toward the center of the circle. That force is the centripetal force. For orbiting satellites, such as the moon orbiting the earth or the earth orbiting the sun, the centripetal force is produced by gravity. When an Olympic hammer thrower whirls a massive ball on a chain, the centripetal force is created by the athlete and transmitted by the chain.",0.6262489557266235,0.6384843587875366
117,Nerve cells that sense touch are found mainly where?,1,"Somatosensation includes all sensation received from the skin and mucous membranes, as well as from these?","36.2 Somatosensation Somatosensation includes all sensation received from the skin and mucous membranes, as well as from the limbs and joints. Somatosensation occurs all over the exterior of the body and at some interior locations as well, and a variety of receptor types, embedded in the skin and mucous membranes, play a role. There are several types of specialized sensory receptors. Rapidly adapting free nerve endings detect nociception, hot and cold, and light touch. Slowly adapting, encapsulated Merkel’s disks are found in fingertips and lips, and respond to light touch. Meissner’s corpuscles, found in glabrous skin, are rapidly adapting, encapsulated receptors that detect touch, lowfrequency vibration, and flutter. Ruffini endings are slowly adapting, encapsulated receptors that detect skin stretch, joint activity, and warmth. Hair receptors are rapidly adapting nerve endings wrapped around the base of hair follicles that.",0.6338979601860046,0.6381084322929382
113,What is the term for when an embryo fixes itself to the side of the uterus?,3,"While the egg is developing, other changes are taking place in the uterus. it develops a thick lining that is full of what?","While the egg is developing, other changes are taking place in the uterus. It develops a thick lining that is full of tiny blood vessels. The lining prepares the uterus to receive a fertilized egg if fertilization actually takes place.",0.6486334800720215,0.6380828619003296
448,What hormone secreted by the pineal gland controls sleep-wake cycles and several other processes?,2,The hypothalamus and pituitary gland are located near the base of this organ?,The hypothalamus and pituitary gland are located close together at the base of the brain.,0.6145752668380737,0.6379114389419556
815,What is matter in the universe that does not emit light called?,3,Energy that the sun and other stars release into space is called what?,"Energy that the sun and other stars release into space is called electromagnetic energy . This form of energy travels through space as electrical and magnetic waves. Electromagnetic energy is commonly called light. It includes visible light, as well as radio waves, microwaves, and X rays ( Figure below ).",0.58538818359375,0.6379104852676392
698,"In relation to electrical current, what property will a narrow wire have more of than a wide wire?",3,What is the property that determines the amount of current flow through a particular material?,Resistance is the property that determines the amount of current flow through a particular material.,0.6172516942024231,0.6370983719825745
667,What happens to energy when work is done by a system?,3,What type of work called occurs when a system pushes back the surroundings against a restraining pressure?,"A type of work called expansion work (or pressure-volume work) occurs when a system pushes back the surroundings against a restraining pressure, or when the surroundings compress the system. An example of this occurs during the operation of an internal combustion engine. The reaction of gasoline and oxygen is exothermic. Some of this energy is given off as heat, and some does work pushing the piston in the cylinder. The substances involved in the reaction are the system, and the engine and the rest of the universe are the surroundings. The system loses energy by both heating and doing work on the surroundings, and its internal energy decreases. (The engine is able to keep the car moving because this process is repeated many times per second while the engine is running. ) We will consider how to determine the amount of work involved in a chemical or physical change in the chapter on thermodynamics.",0.520580530166626,0.6369379162788391
179,"Skyscrapers and other large structures built on soft ground must be anchored to what, located below the ground surface?",1,Counterweights and diagonal steel beams are used in buildings to hold down what?,"Larger buildings must sway, but not so much that they touch nearby buildings. Counterweights and diagonal steel beams are used to hold down sway.",0.5931068658828735,0.6367835402488708
964,Solid carbon dioxide is called what?,3,What is the process in which a solid changes directly to a gas called?,"The process in which a solid changes directly to a gas is called sublimation . It occurs when the particles of a solid absorb enough energy to completely overcome the force of attraction between them. Dry ice (solid carbon dioxide, CO 2 ) is an example of a solid that undergoes sublimation. Figure below shows a chunk of dry ice changing directly to carbon dioxide gas. Sometimes snow undergoes sublimation as well. This is most likely to occur on sunny winter days when the air is very dry. What gas does snow become?.",0.5939536094665527,0.6358301639556885
514,Some bacteria cannot be cultured because they are obligate intracellular parasites and cannot be grown outside what?,1,What type of prokaryotes live in habitats without oxygen?,Anaerobic prokaryotes live in habitats without oxygen.,0.5613301992416382,0.631191074848175
52,Collateral ganglia controls organs in which cavity in the body?,2,What carry messages from our sensory organs and others to the central nervous system?,"20.7 Nerve Conduction–Electrocardiograms Nerve Conduction Electric currents in the vastly complex system of billions of nerves in our body allow us to sense the world, control parts of our body, and think. These are representative of the three major functions of nerves. First, nerves carry messages from our sensory organs and others to the central nervous system, consisting of the brain and spinal cord. Second, nerves carry messages from the central nervous system to muscles and other organs. Third, nerves transmit and process signals within the central nervous system. The sheer number of nerve cells and the incredibly greater number of connections between them makes this system the subtle wonder that it is. Nerve conduction is a general term for electrical signals carried by nerve cells. It is one aspect of bioelectricity, or electrical effects in and created by biological systems. Nerve cells, properly called neurons, look different from other cells—they have tendrils, some of them many centimeters long, connecting them with other cells. (See Figure 20.27. ) Signals arrive at the cell body across synapses or through dendrites, stimulating the neuron to generate its own signal, sent along its long axon to other nerve or muscle cells. Signals may arrive from many other locations and be transmitted to yet others, conditioning the synapses by use, giving the system its complexity and its ability to learn.",0.6286956667900085,0.6303650140762329
794,What is the term for the combined forces acting on an object?,2,How many forces do objects on earth have acting on them at all times?,"More than one force may act on an object at the same time. In fact, just about all objects on Earth have at least two forces acting on them at all times. One force is gravity, which pulls objects down toward the center of Earth. The other force is an upward force that may be provided by the ground or other surface.",0.6393499374389648,0.6294171214103699
553,"Recent evidence indicates some of what type of cells remain within the heart, continuing to divide and potentially replace dead cells?",3,"Found in cord blood and other sources, what kind of cells hold the promise of renewing and repairing body tissues?","Stem Cell Research Stem cell research aims to find ways to use stem cells to regenerate and repair cellular damage. Over time, most adult cells undergo the wear and tear of aging and lose their ability to divide and repair themselves. Stem cells do not display a particular morphology or function. Adult stem cells, which exist as a small subset of cells in most tissues, keep dividing and can differentiate into a number of specialized cells generally formed by that tissue. These cells enable the body to renew and repair body tissues. The mechanisms that induce a non-differentiated cell to become a specialized cell are poorly understood. In a laboratory setting, it is possible to induce stem cells to differentiate into specialized cells by changing the physical and chemical conditions of growth. Several sources of stem cells are used experimentally and are classified according to their origin and potential for differentiation. Human embryonic stem cells (hESCs) are extracted from embryos and are pluripotent. The adult stem cells that are present in many organs and differentiated tissues, such as bone marrow and skin, are multipotent, being limited in differentiation to the types of cells found in those tissues. The stem cells isolated from umbilical cord blood are also multipotent, as are cells from deciduous teeth (baby teeth). Researchers have recently developed induced pluripotent stem cells (iPSCs) from mouse and human adult stem cells. These cells are genetically reprogrammed multipotent adult cells that function like embryonic stem cells; they are capable of generating cells characteristic of all three germ layers. Because of their capacity to divide and differentiate into specialized cells, stem cells offer a potential treatment for diseases such as diabetes and heart disease (Figure 3.36). Cell-based therapy refers to treatment in which stem cells induced to differentiate in a growth dish are injected into a patient to repair damaged or destroyed cells or tissues. Many obstacles must be overcome for the application of cell-based therapy. Although embryonic stem cells have a nearly unlimited range of differentiation potential, they are seen as foreign by the patient’s immune system and may trigger rejection. Also, the destruction of embryos to isolate embryonic stem cells raises considerable ethical and legal questions.",0.60585618019104,0.6292182803153992
538,What process done by bacteria makes them important producers in aquatic ecosystems?,2,What is glucose used for the bacteria?,"Photosynthetic bacteria use the energy of the sun to make their own food. In the presence of sunlight, carbon dioxide and water are turned into glucose and oxygen. The glucose is then turned into usable energy. Glucose is like the ""food"" for the bacteria. An example of photosynthetic bacteria is cyanobacteria, as seen in the opening image.",0.6436334848403931,0.6283466815948486
141,"Somatic cells come from the body and are not what, like sperm or eggs are?",2,Where do cells come from?,"No matter what the cell, all cells come from preexisting cells through the process of cell division. This is one of the core concepts of the Cell Theory. The cell may be the simplest bacterium or a complex muscle, bone, or blood cell. The cell may comprise the whole organism, or be just one cell of trillions. But whatever type of cell it is, it comes from a preexisting cell. And the new cell is genetically identical to its parent cell - that is, it has exactly the same DNA.",0.4832921028137207,0.6278684139251709
785,What is the eighth planet from our sun?,1,What do the planets orbit around in the solar system?,"In the solar system, the planets orbit around the Sun. The Sun and each of the planets of our solar system are round. Earth is the third planet from the Sun. It is one of the inner planets. Jupiter is an outer planet. It is the largest planet in the solar system at about 1,000 times the size of Earth. The Sun is about 1,000 times bigger than Jupiter! ( Figure below ).",0.6097103953361511,0.626120924949646
122,"The spokes of what structures that distinguish saturn appear seasonally, with an origin as yet unknown?",3,Some of the small moons of saturn are found within what features distinctive to the planet?,"As of 2011, over 60 moons have been identified around Saturn. Only seven of Saturn’s moons are round. All but one is smaller than Earth’s Moon. Some of the very small moons are found within the rings. All the particles in the rings are like little moons, because they orbit around Saturn. Someone must decide which ones are large enough to call moons.",0.4282781481742859,0.625978410243988
606,What can slow down the increase of viruses in the blood?,3,What do vaccines produce to combat viral diseases?,"The study of viruses is known as virology and people who study viruses are known as virologists . Viruses infect and live inside the cells of living organisms. When viruses infect the cells of their host, they may cause disease. For example, viruses cause AIDS (Acquired immune deficiency syndrome), influenza (flu), chicken pox, and the common cold. Therapy is sometimes difficult for viral diseases. Antibiotics have no effect on viruses and only a few antiviral drugs are available for some diseases. One of the best ways to prevent viral diseases is with a vaccine , which produces immunity . But vaccines are available for only a few diseases.",0.5205580592155457,0.6253190040588379
785,What is the eighth planet from our sun?,2,"Where are the terrestrial planets located, in relation to the sun?","The four planets closest to the Sun—Mercury, Venus, Earth, and Mars—are the inner planets or terrestrial planets ( Figure below ). They are similar to Earth. All are solid, dense, and rocky. None of the inner planets has rings. Compared to the outer planets, the inner planets are small. They have shorter orbits around the Sun and they spin more slowly. Venus spins backward and spins the slowest of all the planets.",0.5792155265808105,0.6249224543571472
751,What soil is common in deciduous forests?,2,Where is pedocal soil commonly found?,Pedocal is the soil common in grasslands. The more arid climate increases calcium in the soil. Pedocal is not as fertile.,0.4675840735435486,0.6245381236076355
695,What determines how long a planet's orbit is around the sun?,3,What is the shape of the orbits that planets make around the sun?,The planets make slightly elliptical orbits around the Sun.,0.5563812851905823,0.6240336298942566
583,What phase does the cell make final preparations to divide?,2,Mitosis is nuclear division during which duplicated chromosomes are segregated and distributed into what?,"Figure 6.3 A cell moves through a series of phases in an orderly manner. During interphase, G1 involves cell growth and protein synthesis, the S phase involves DNA replication and the replication of the centrosome, and G2 involves further growth and protein synthesis. The mitotic phase follows interphase. Mitosis is nuclear division during which duplicated chromosomes are segregated and distributed into daughter nuclei. Usually the cell will divide after mitosis in a process called cytokinesis in which the cytoplasm is divided and two daughter cells are formed.",0.6231982707977295,0.6226301193237305
205,What are the best-known extinct vertebrates?,3,About 50% of all animal species died off between the mesozoic and which other era?,"The most famous mass extinction was 65 million years ago. Between the Mesozoic Era and the Cenozoic Era, about 50% of all animal species died off. This mass extinction is when the dinosaurs became extinct. Most scientists think that the extinction was caused by a giant meteorite that struck Earth. The impact heated the atmosphere until it became as hot as a kitchen oven. Animals roasted. Dust flew into the atmosphere and blocked sunlight for a year or more. This caused a deep freeze and ended photosynthesis. Sulfur from the impact mixed with water in the atmosphere. The result was acid rain. The rain dissolved the shells of the tiny marine plankton that form the base of the food chain. With little food being produced, animals starved.",0.6120433807373047,0.619314432144165
797,What is the space between a neuron and the next cell?,3,The structure of a neuron allows it to rapidly transmit nerve impulses to other what?,The structure of a neuron allows it to rapidly transmit nerve impulses to other cells.,0.600692629814148,0.6191768050193787
349,Gabbro is a dark dense rock that can be found in what?,3,What kind of rock is gypsum?,"Gypsum, with its rose-like structure, is a chemical sedimentary rock.",0.3813295364379883,0.6187431812286377
50,"What instrument is used to make very sensitive mass measurements in a laboratory, usually in grams?",3,What can be used to determine the mass of a quantity of material?,Molar masses can be used to determine the mass of a given quantity of material.,0.5970315337181091,0.6186692714691162
678,What is the general name for a group of atoms derived from an alkane?,2,Molecules with a carboxyl group are called what?,"Molecules with a carboxyl group are called carboxylic acids. As with aldehydes, the functional group in carboxylic acids is at the end of a carbon chain. Also as with aldehydes, the C atom in the functional group is counted as one of the C atoms that defines the parent hydrocarbon name. To name carboxylic acids, the parent name of the hydrocarbon is used, but the suffix -oic acid is added:.",0.640043318271637,0.6175469160079956
151,The bohr model works only for which atom?,3,Which atomic model shows that the distances of electrons from the nucleus is not a fixed value?,"In the Bohr model, the atom is viewed as a densely packed nucleus comprised of neutrons and protons that is surrounded by electrons at fixed distances, which correspond to specific energy levels. However, the quantum model showed that the distances between electrons and the nucleus are not really fixed. Due to their wave-like nature, we cannot pinpoint the exact location of an electron that is in motion, but we can determine the probability that a given electron will be in a particular region in three-dimensional space. Schrӧdinger’s equations are used to determine the position of a specific electron with respect to a nearby nucleus. The region in space in which an electron is most likely to be found is referred to as an orbital .",0.6186898946762085,0.6171533465385437
310,Lyme disease is caused by what kind of organim?,3,What is a disease that can be spread from animals to humans called?,"Often, new diseases result from the spread of an existing disease from animals to humans. A disease that can be spread from animals to humans is called a zoonosis . When a disease breaks out, scientists called epidemiologists investigate the outbreak, looking for its cause. Epidemiologists are like detectives trying to solve a crime. The information epidemiologists learn is important to understand the pathogen, and help prevent future outbreaks of disease.",0.6411883234977722,0.6162538528442383
725,"Speed, loudness, and pitch are properties of what?",3,How high or low a sound seems is associated with what property of the sound?,"How high or low a sound seems to a listener is its pitch. Pitch, in turn, depends on the frequency of sound waves.",0.62171870470047,0.6157922744750977
538,What process done by bacteria makes them important producers in aquatic ecosystems?,1,Plant-like protists are autotrophs capable of what process?,"Plant-like protists, which are autotrophs that photosynthesize.",0.6497895121574402,0.6157280802726746
999,In what form is atmospheric sulfur found?,3,What element is released into the atmosphere by the burning of fossil fuels?,"water. Sulfur, critical to the 3–D folding of proteins (as in disulfide binding), is released into the atmosphere by the burning of fossil fuels, such as coal. The cycling of these elements is interconnected. For example, the movement of water is critical for the leaching of nitrogen and phosphate into rivers, lakes, and oceans. Furthermore, the ocean itself is a major reservoir for carbon. Thus, mineral nutrients are cycled, either rapidly or slowly, through the entire biosphere, from one living organism to another, and between the biotic and abiotic world.",0.6422147154808044,0.6156010627746582
79,What living species of bird is considered the  largest of the raptors?,3,How many continents do birds breed on?,Birds live and breed in most terrestrial habitats on all seven continents. They occupy a wide range of ecological positions.,0.3757811784744262,0.6140776872634888
271,"What is the name of the system that consists of a hierarchy of taxa, from the kingdom to the species?",3,"Modern taxonomy is based on many hypotheses' of the evolutionary history of organisms, known as this?","22.0.6 Phylogeny, Cladistics & Cladogram Modern taxonomy is based on many hypotheses' of the evolutionary history of organisms, known as phylogeny. As with the Scientific Method, scientists develop a hypothesis on the history of an animal and utilise modern science and technology to prove the phylogeny. Cladistics is a classification system which is based on phylogeny. Expanding on phylogeny, cladistics is based on the assumption that each group of related species has one common ancestor and would therefore retain some ancestral characteristics. Moreover, as these related species evolve and diverge from their common ancestor, they would develop unique characteristics. Such characteristics are known as derived characteristics The principles of phylogeny and cladistics can be expressed visually as a cladogram, a branching diagram which acts as a family (phylogenetic) tree for similar species. A cladogram can also be used to test alternative hypotheses for an animal's phylogeny. In order to determine the most likely cladogram, the derived characteristics of similar species are matched and analysed.",0.6325510144233704,0.614055871963501
282,What is the official name for the study of life?,2,Which branch of biology uses fossils to study life's history?,"Paleontology, another branch of biology, uses fossils to study life’s history (Figure 1.12). Zoology and botany are the study of animals and plants, respectively. Biologists can also specialize as biotechnologists, ecologists, or physiologists, to name just a few areas. Biotechnologists apply the knowledge of biology to create useful products. Ecologists study the interactions of organisms in their environments. Physiologists study the workings of cells, tissues and organs. This is just a small sample of the many fields that biologists can pursue. From our own bodies to the world we live in, discoveries in biology can affect us in very direct and important ways. We depend on these discoveries for our health, our food sources, and the benefits provided by our ecosystem. Because of this, knowledge of biology can benefit us in making decisions in our day-to-day lives. The development of technology in the twentieth century that continues today, particularly the technology to describe and manipulate the genetic material, DNA, has transformed biology. This transformation will allow biologists to continue to understand the history of life in greater detail, how the human body works, our human origins, and how humans can survive as a species on this planet despite the stresses caused by our increasing numbers. Biologists continue to decipher huge mysteries about life suggesting that we have only begun to understand life on the planet, its history, and our relationship to it. For this and other reasons, the knowledge of biology gained through this textbook and other printed and electronic media should be a benefit in whichever field you enter.",0.6321419477462769,0.6124602556228638
143,A diagram in which the numerical values of variables are represented by the height or length of lines or rectangles of equal width is called?,2,"Bar, circle, and line are examples of what kind of data visualization?","Graphs are very useful tools in science because they display data visually. Three commonly used types of graphs are bar graphs, circle graphs, and line graphs. Each type of graph is suitable for a different type of data.",0.5787159204483032,0.6123926639556885
30,What is the most abundant metal of the earth's crust?,3,"The three classes of elements are metals, nonmetals, and what?","Metals are elements that can conduct electricity. They are one of three classes of elements (the other two classes are nonmetals and metalloids). Metals are by far the largest of the three classes. In fact, most elements are metals. All of the elements on the left side and in the middle of the periodic table, except for hydrogen, are metals. There are several different types of metals, including alkali metals in group 1 of the periodic table, alkaline Earth metals in group 2, and transition metals in groups 3–12. The majority of metals are transition metals.",0.6420363187789917,0.6109542846679688
670,What is the blood in the body pumped with?,3,"What is the major artery of the body, taking oxygenated blood to the organs and muscles of the body?","The Heart The heart is a complex muscle that consists of two pumps: one that pumps blood through pulmonary circulation to the lungs, and the other that pumps blood through systemic circulation to the rest of the body’s tissues (and the heart itself). The heart is asymmetrical, with the left side being larger than the right side, correlating with the different sizes of the pulmonary and systemic circuits (Figure 16.10). In humans, the heart is about the size of a clenched fist; it is divided into four chambers: two atria and two ventricles. There is one atrium and one ventricle on the right side and one atrium and one ventricle on the left side. The right atrium receives deoxygenated blood from the systemic circulation through the major veins: the superior vena cava, which drains blood from the head and from the veins that come from the arms, as well as the inferior vena cava, which drains blood from the veins that come from the lower organs and the legs. This deoxygenated blood then passes to the right ventricle through the tricuspid valve, which prevents the backflow of blood. After it is filled, the right ventricle contracts, pumping the blood to the lungs for reoxygenation. The left atrium receives the oxygen-rich blood from the lungs. This blood passes through the bicuspid valve to the left ventricle where the blood is pumped into the aorta. The aorta is the major artery of the body, taking oxygenated blood to the organs and muscles of the body. This pattern of pumping is referred to as double circulation and is found in all mammals. (Figure 16.10).",0.6178914904594421,0.6109133958816528
826,The sex of developing crocodilians is determined by what during incubation?,3,What is the body cavity that reptiles have that is involved in reproduction?,"Most reptiles have sexual reproduction with internal fertilization. Reptiles have a body cavity called a cloaca that is involved in reproduction. Sperm or eggs are released into an adult reptile’s cloaca. Males have one or two penises that pass sperm from their cloaca to the eggs in the cloaca of a female, where fertilization takes place. In most reptile species, once fertilized the eggs leave the body through an opening in the cloaca. These reptiles are oviparous. Eggs develop and hatch outside the mother’s body.",0.6255109310150146,0.6107205152511597
284,What is the dinosaur genus that's closest to modern birds?,1,"The fossilized skeleton of archaeopteryx looks like that of a dinosaur, but it had what structures modified for flight, a trait associated only with birds among modern animals?","fossils and birds, specifically in the structure of the hip and wrist bones, as well as the presence of the wishbone, formed by the fusing of the clavicles. One important fossil of an animal intermediate to dinosaurs and birds is Archaeopteryx, which is from the Jurassic period (Figure 29.33). Archaeopteryx is important in establishing the relationship between birds and dinosaurs, because it is an intermediate fossil, meaning it has characteristics of both dinosaurs and birds. Some scientists propose classifying it as a bird, but others prefer to classify it as a dinosaur. The fossilized skeleton of Archaeopteryx looks like that of a dinosaur, and it had teeth whereas birds do not, but it also had feathers modified for flight, a trait associated only with birds among modern animals. Fossils of older feathered dinosaurs exist, but the feathers do not have the characteristics of flight feathers.",0.6097491979598999,0.6098515391349792
633,Monomers of condensation polymers must contain how many functional groups so that each monomer can link up with two other monomers?,3,What is  a polymer formed by chain addition reactions between monomers that contain a double bond called?,An addition polymer is a polymer formed by chain addition reactions between monomers that contain a double bond. Molecules of ethene can polymerize with each other under the right conditions to form the polymer called polyethylene.,0.5946044921875,0.6095324754714966
118,What do concentric circles on a topographic map indicate?,3,What is the name of the line used in topographic maps that shows different elevations?,"Mapping is an important part of Earth Science. Topographic maps use a line, called a contour line, to show different elevations on a map. Contour lines show the location of hills, mountains and valleys. A regular road map shows where a road goes. But a road map doesn’t show if the road goes over a mountain pass or through a valley. A topographic map shows you the features the road is going through or past. Let’s look at topographic maps.",0.5666175484657288,0.6082885265350342
985,What is the process of filtering waste from the kidneys?,2,"After passing through capillaries and being filtered, clean blood leaves what organ through a vein?","Blood with wastes enters each kidney through an artery, which branches into many capillaries. After passing through capillaries and being filtered, the clean blood leaves the kidney through a vein.",0.6305691003799438,0.6082287430763245
187,Calcium ion is an example of what kind of messenger?,3,What is named after the type of enzyme they interact with in the cell?,"In eukaryotic cells, most of the intracellular proteins that are activated by a ligand binding to a receptor protein are enzymes. Receptor proteins are named after the type of enzyme that they interact with inside the cell. These enzymes include G proteins and protein kinases, likewise there are G-protein-linked receptors and tyrosine kinase receptors. A kinase is a protein involved in phosphorylation. Tyrosine kinase receptors bind many polypeptide growth factors, cytokines, and hormones. Once the ligand is bound, these receptors specifically phosphorylate tyrosine amino acids, activating the signal transduction process inside the cell.",0.5910117626190186,0.6064660549163818
765,Solutions of nonelectrolytes such as ethanol do not contain dissolved ions and cannot conduct what?,3,In what state do ionic compounds best conduct electricity?,"Solid ionic compounds are poor conductors of electricity. The strong bonds between ions lock them into place in the crystal. However, in the liquid state, ionic compounds are good conductors of electricity. Most ionic compounds dissolve easily in water. When they dissolve, they separate into individual ions. The ions can move freely, so they are good conductors of electricity. Dissolved ionic compounds are called electrolytes.",0.6471160054206848,0.6060581207275391
137,What are the hormones that cause a plant to grow?,2,"Apical dominance, seed germination, gravitropism, and resistance to freezing are all positively influenced by what type of chemicals in plants?","Jasmonates play a major role in defense responses to herbivory. Their levels increase when a plant is wounded by a predator, resulting in an increase in toxic secondary metabolites. They contribute to the production of volatile compounds that attract natural enemies of predators. For example, chewing of tomato plants by caterpillars leads to an increase in jasmonic acid levels, which in turn triggers the release of volatile compounds that attract predators of the pest. Oligosaccharins also play a role in plant defense against bacterial and fungal infections. They act locally at the site of injury, and can also be transported to other tissues. Strigolactones promote seed germination in some species and inhibit lateral apical development in the absence of auxins. Strigolactones also play a role in the establishment of mycorrhizae, a mutualistic association of plant roots and fungi. Brassinosteroids are important to many developmental and physiological processes. Signals between these compounds and other hormones, notably auxin and GAs, amplifies their physiological effect. Apical dominance, seed germination, gravitropism, and resistance to freezing are all positively influenced by hormones. Root growth and fruit dropping are inhibited by steroids.",0.5558152794837952,0.6055206060409546
634,What is the name of the skull that covers the brain and protects it?,3,What supports and protects the soft organs of the body?,"Protection. The skeleton supports and protects the soft organs of the body. For example, the skull surrounds the brain to protect it from injury. The bones of the rib cage help protect the heart and lungs.",0.5556360483169556,0.6054983735084534
79,What living species of bird is considered the  largest of the raptors?,2,What is the name for birds that live on water like ducks?,"Waterfowl are birds that live on the water. These include ducks, geese, swans, and pelicans, to name a few. Landfowl are ground-feeding birds such as chickens and turkeys. Penguins are a group of flightless birds adapted for life in the water with flippers. Diurnal raptors are birds of prey that hunt during the day. These include falcons, eagles and hawks. Nocturnal raptors hunt during the night. These include various types of owls. Parrots are brightly colored and very intelligent. They are found in the tropics and include cockatoos, parrots, and parakeets.",0.3782119750976562,0.6053788661956787
854,A series of arches that support the gills of aquatic amphibians and fish are known as what?,1,"Echinoderms have a unique system for gas exchange, nutrient circulation, and locomotion called the water vascular system. the system consists of a central ring canal and radial canals extending along each arm. water circulates through these structures allowing for gas, nutrient, and this?","Physiological Processes of Echinoderms Echinoderms have a unique system for gas exchange, nutrient circulation, and locomotion called the water vascular system. The system consists of a central ring canal and radial canals extending along each arm. Water circulates through these structures allowing for gas, nutrient, and waste exchange. A structure on top of the body, called the madreporite, regulates the amount of water in the water vascular system. “Tube feet,” which protrude through openings in the endoskeleton, may be expanded or contracted using the hydrostatic pressure in the system. The system allows for slow movement, but a great deal of power, as witnessed when the tube feet latch on to opposite halves of a bivalve mollusk, like a clam, and slowly, but surely pull the shells apart, exposing the flesh within.",0.5792941451072693,0.6047890186309814
897,A fuel cell is a galvanic cell that requires a constant external supply of what?,3,What is the generation of electricity using photovoltaic cells to split water molecules called?,"With fossil fuels becoming more expensive and less available, scientists are looking for other energy sources. Hydrogen has long been considered an ideal source, since it does not pollute when it burns. The problem has been finding ways to generate hydrogen economically. One new approach that is being studied is photoelectrolysis – the generation of electricity using photovoltaic cells to split water molecules. This technique is still in the research stage, but appears to be a very promising source of power in the future.",0.5538967847824097,0.6047244071960449
464,What do humans and bats have physically in common?,1,Wings of bats and birds serve the same function. which body part should you study to understand ancestral differences?,Wings of bats and birds serve the same function. Look closely at the bones inside the wings. The differences show they developed from different ancestors.,0.6096053719520569,0.604374885559082
349,Gabbro is a dark dense rock that can be found in what?,2,Intrusive igneous rocks cool from magma slowly in the crust and have large what?,Intrusive igneous rocks cool from magma slowly in the crust. They have large crystals.,0.4434159398078918,0.6042579412460327
818,What is most energy that is lost to the environment lost as?,1,Homes and transportation use what percent of all energy in the u.s.?,"About half the energy used in the U. S. is used in homes and for transportation. Businesses, stores, and industry use the other half.",0.6396235227584839,0.6025652289390564
788,The pressure inside a container is dependent on the amount of what inside the container?,3,What happens when an increase in temperature of a gas in a rigid container happens?,An increase in temperature of a gas in a rigid container increases the pressure.,0.4295109510421753,0.6024795174598694
595,"Breathing involves differences in what, measured in torr, between the inside of the lungs and the air outside?",2,What are the main organs for breathing in a mammal?,"All mammals have lungs that are the main organs for breathing. Lung capacity has evolved to support the animal’s activities. During inhalation, the lungs expand with air, and oxygen diffuses across the lung’s surface and enters the bloodstream. During exhalation, the lungs expel air and lung volume decreases. In the next few sections, the process of human breathing will be explained.",0.6188263893127441,0.6007764935493469
52,Collateral ganglia controls organs in which cavity in the body?,1,"Which pathway carries somatosensory information from the face, head, mouth, and nasal cavity?","The trigeminal pathway carries somatosensory information from the face, head, mouth, and nasal cavity. As with the previously discussed nerve tracts, the sensory pathways of the trigeminal pathway each involve three successive neurons. First, axons from the trigeminal ganglion enter the brain stem at the level of the pons. These axons project to one of three locations. The spinal trigeminal nucleus of the medulla receives information similar to that carried by spinothalamic tract, such as pain and temperature sensations. Other axons go to either the chief sensory nucleus in the pons or the mesencephalic nuclei in the midbrain. These nuclei receive information like that carried by the dorsal column system, such as touch, pressure, vibration, and proprioception. Axons from the second neuron decussate and ascend to the thalamus along the trigeminothalamic tract. In the thalamus, each axon synapses with the third neuron in its respective pathway. Axons from the third neuron then project from the thalamus to the primary somatosensory cortex of the cerebrum. The sensory pathway for gustation travels along the facial and glossopharyngeal cranial nerves, which synapse with neurons of the solitary nucleus in the brain stem. Axons from the solitary nucleus then project to the ventral posterior nucleus of the thalamus. Finally, axons from the ventral posterior nucleus project to the gustatory cortex of the cerebral cortex, where taste is processed and consciously perceived. The sensory pathway for audition travels along the vestibulocochlear nerve, which synapses with neurons in the cochlear nuclei of the superior medulla. Within the brain stem, input from either ear is combined to extract location information from the auditory stimuli. Whereas the initial auditory stimuli received at the cochlea strictly represent the frequency—or pitch—of the stimuli, the locations of sounds can be determined by comparing information arriving at both ears.",0.6411773562431335,0.6006847620010376
635,Silk and cotton are examples of what kind of fiber?,3,Polyester fabric's resistance to wrinkling comes from the cross-linking of what?,"PET is used in tires, photographic film, food packaging, and clothing. Polyester fabric is used in permanent-press clothing. Its resistance to wrinkling comes from the cross-linking of the polymer strands.",0.5648491978645325,0.6002631187438965
595,"Breathing involves differences in what, measured in torr, between the inside of the lungs and the air outside?",3,The lungs are a series of ever-narrowing tubes that end in a myriad of tiny sacs called what?,"Breathing certainly is a major contribution to your health! Without breathing, we could not survive. Curiously, the act of breathing itself is little more than an application of Boyle’s law. The lungs are a series of ever-narrowing tubes that end in a myriad of tiny sacs called alveoli. It is in the alveoli that oxygen from the air transfers to the bloodstream and carbon dioxide from the bloodstream transfers to the lungs for exhalation. For air to move in and out of the lungs, the pressure inside the lungs must change, forcing the lungs to change volume—just as predicted by Boyle’s law. The pressure change is caused by the diaphragm, a muscle that covers the bottom of the lungs. When the diaphragm moves down, it expands the size of our lungs. When this happens, the air pressure inside our lungs decreases slightly. This causes new air to rush in, and we inhale. The pressure decrease is slight—only 3 torr, or about 0.4% of an atmosphere. We inhale only 0.5–1.0 L of air per normal breath. Exhaling air requires that we relax the diaphragm, which pushes against the lungs and slightly decreases the volume of the lungs. This slightly increases the pressure of the air in the lungs, and air is forced out; we exhale. Only 1–2 torr of extra pressure is needed to exhale. So with every breath, our own bodies are performing an experimental test of Boyle’s law.",0.6149504780769348,0.5999981164932251
624,What adaptation helps prey hide and predators sneak up on prey?,3,Many species use their body shape and coloration to avoid what?,"Many species use their body shape and coloration to avoid being detected by predators. The tropical walking stick is an insect with the coloration and body shape of a twig which makes it very hard to see when stationary against a background of real twigs (Figure 45.20a). In another example, the chameleon can change its color to match its surroundings (Figure 45.20b). Both of these are examples of camouflage, or avoiding detection by blending in with the background.",0.5450972318649292,0.5994254946708679
157,The bony socket that houses the eyeball and associated muscles is called?,2,The skull consists of cranial bones and what other type of bones?,"The bones of the skull support the structures of the face and protect the brain. The skull consists of cranial bones and facial bones. The cranial bones form the cranial cavity, which encloses the brain and serves as an attachment site for muscles of the head and neck. In the adult they are tightly jointed with connective tissue and adjoining bones do not move. The auditory ossicles of the middle ear transmit sounds from the air as vibrations to the fluid-filled cochlea. The auditory ossicles consist of two malleus (hammer) bones, two incus (anvil) bones, and two stapes (stirrups), one on each side. Facial bones provide cavities for the sense organs (eyes, mouth, and nose), and serve as attachment points for facial muscles. The hyoid bone lies below the mandible in the front of the neck. It acts as a movable base for the tongue and is connected to muscles of the jaw, larynx, and tongue. The mandible forms a joint with the base of the skull. The mandible controls the opening to the mouth and hence, the airway and gut.",0.641423225402832,0.5965262055397034
826,The sex of developing crocodilians is determined by what during incubation?,1,How do most reptiles produce?,"Most reptiles reproduce sexually and have internal fertilization. Males have one or two penises that pass sperm from their cloaca to the cloaca of a female. Fertilization occurs within the cloaca, and fertilized eggs leave the female’s body through the opening in the cloaca. In a minority of species, the eggs are retained inside the female’s body until they hatch. Then the offspring leave the mother’s body through the cloaca opening.",0.64952152967453,0.5935297012329102
52,Collateral ganglia controls organs in which cavity in the body?,3,What do we call the region on the lung root formed by the entrance of the nerves at the hilum?,"Nervous Innervation Dilation and constriction of the airway are achieved through nervous control by the parasympathetic and sympathetic nervous systems. The parasympathetic system causes bronchoconstriction, whereas the sympathetic nervous system stimulates bronchodilation. Reflexes such as coughing, and the ability of the lungs to regulate oxygen and carbon dioxide levels, also result from this autonomic nervous system control. Sensory nerve fibers arise from the vagus nerve, and from the second to fifth thoracic ganglia. The pulmonary plexus is a region on the lung root formed by the entrance of the nerves at the hilum. The nerves then follow the bronchi in the lungs and branch to innervate muscle fibers, glands, and blood vessels.",0.6169653534889221,0.5927162766456604
189,What unit do astronomers use to describe distances in space?,2,The distance that light can travel in a year is known as what?,"Most of the stars pictured in this view of the night sky are hundreds of light years from Earth. A light year is the distance that light can travel in a year, or about 6 trillion (6,000,000,000,000) miles. As this example shows, quantities in science may be very large. Many other quantities in science are very small. Both very large and very small numbers have many zeroes, so they are hard to read and write without making mistakes. That’s where scientific notation comes in.",0.6074041128158569,0.5922586917877197
730,"What is the name of the complex mixture that consists of water, proteins, fats, carbohydrates, and minerals?",3,What are the three types of mixtures?,"Mixtures have different properties depending on the size of their particles. Three types of mixtures based on particle size are solutions, suspensions, and colloids, all of which are described in Table below . You can watch videos about the three types of mixtures at these URLs:.",0.5311627984046936,0.5921806693077087
210,What type of eclipse happens when a full moon moves through earth's shadow?,3,About how many days does it take the moon to make one orbit around the earth?,"The Moon does not produce any light of its own. It only reflects light from the Sun. The Moon has phases because it orbits around Earth. One orbit takes about 28 days. As the moon moves around Earth, different parts of it appear to be lit up by the Sun. The Moon sometimes appears fully lit and sometimes completely dark. Sometimes it is partially lit. The different appearances of the Moon are referred to as phases of the Moon ( Figure below ).",0.5956752300262451,0.5917983055114746
699,"Oil and water do not mix, instead forming two distinct layers called what?",3,Liquids that mix with water in all proportions are usually polar substances or substances that form these?,"Liquids that mix with water in all proportions are usually polar substances or substances that form hydrogen bonds. For such liquids, the dipole-dipole attractions (or hydrogen bonding) of the solute molecules with the solvent molecules are at least as strong as those between molecules in the pure solute or in the pure solvent. Hence, the two kinds of molecules mix easily. Likewise, nonpolar liquids are miscible with each other because there is no appreciable difference in the strengths of solute-solute, solvent-solvent, and solute-solvent intermolecular attractions. The solubility of polar molecules in polar solvents and of nonpolar molecules in nonpolar solvents is, again, an illustration of the chemical axiom “like dissolves like. ” Two liquids that do not mix to an appreciable extent are called immiscible. Layers are formed when we pour immiscible liquids into the same container. Gasoline, oil (Figure 11.15), benzene, carbon tetrachloride, some paints, and many other nonpolar liquids are immiscible with water. The attraction between the molecules of such nonpolar liquids and polar water molecules is ineffectively weak. The only strong attractions in such a mixture are between the water molecules, so they effectively squeeze out the molecules of the nonpolar liquid. The distinction between immiscibility and miscibility is really one of degrees, so that miscible liquids are of infinite mutual solubility, while liquids said to be immiscible are of very low (though not zero) mutual solubility.",0.628220796585083,0.5907572507858276
673,Parasites infect the host's what?,3,Members of the genus trypanosoma are flagellate protozoa that cause what?,"Members of the genus Trypanosoma are flagellate protozoa that cause sleeping sickness , which is common in Africa. They also cause Chagas disease , which is common in South America. The parasites are spread by insect vectors. The vector for Chagas disease is shown in Figure below . Trypanosoma parasites enter a person’s blood when the vector bites. Then they spread to other tissues and organs. The diseases may be fatal without medical treatment.",0.5601685047149658,0.5902939438819885
632,Where are pressure receptors mainly found?,3,Pressure and vibration are examples of what type of stimuli?,"Functional Receptor Types A third classification of receptors is by how the receptor transduces stimuli into membrane potential changes. Stimuli are of three general types. Some stimuli are ions and macromolecules that affect transmembrane receptor proteins when these chemicals diffuse across the cell membrane. Some stimuli are physical variations in the environment that affect receptor cell membrane potentials. Other stimuli include the electromagnetic radiation from visible light. For humans, the only electromagnetic energy that is perceived by our eyes is visible light. Some other organisms have receptors that humans lack, such as the heat sensors of snakes, the ultraviolet light sensors of bees, or magnetic receptors in migratory birds. Receptor cells can be further categorized on the basis of the type of stimuli they transduce. Chemical stimuli can be interpreted by a chemoreceptor that interprets chemical stimuli, such as an object’s taste or smell. Osmoreceptors respond to solute concentrations of body fluids. Additionally, pain is primarily a chemical sense that interprets the presence of chemicals from tissue damage, or similar intense stimuli, through a nociceptor. Physical stimuli, such as pressure and vibration, as well as the sensation of sound and body position (balance), are interpreted through a mechanoreceptor. Another physical stimulus that has its own type of receptor is temperature, which is sensed through a thermoreceptor that is either sensitive to temperatures above (heat) or below (cold) normal body temperature.",0.578142523765564,0.5902521014213562
369,"Vertebrate animals have two major body cavities, the dorsal and what is the other?",2,An external opening in the what of amphibians allows wastes and gametes to exit the body?,"All amphibians have digestive, excretory, and reproductive systems. All three of these organ systems use a single body cavity, called the cloaca. Wastes enter the cloaca from the digestive and excretory systems. Gametes enter the cloaca from the reproductive system. A single external opening in the cloaca allows the wastes and gametes to exit the body. (Many other four legged vertebrates also have a cloaca. ).",0.6476478576660156,0.5899487733840942
204,Each of what paired organs is enclosed within a cavity surrounded by the pleura?,3,"Surface tension of alveolar fluid, which is mostly water, creates an inward pull of the tissue of what organ?","Intrapleural pressure is the pressure of the air within the pleural cavity, between the visceral and parietal pleurae. Similar to intra-alveolar pressure, intrapleural pressure also changes during the different phases of breathing. However, due to certain characteristics of the lungs, the intrapleural pressure is always lower than, or negative to, the intra-alveolar pressure (and therefore also to atmospheric pressure). Although it fluctuates during inspiration and expiration, intrapleural pressure remains approximately –4 mm Hg throughout the breathing cycle. Competing forces within the thorax cause the formation of the negative intrapleural pressure. One of these forces relates to the elasticity of the lungs themselves—elastic tissue pulls the lungs inward, away from the thoracic wall. Surface tension of alveolar fluid, which is mostly water, also creates an inward pull of the lung tissue. This inward tension from the lungs is countered by opposing forces from the pleural fluid and thoracic wall. Surface tension within the pleural cavity pulls the lungs outward. Too much or too little pleural fluid would hinder the creation of the negative intrapleural pressure; therefore, the level must be closely monitored by the mesothelial cells and drained by the lymphatic system. Since the parietal pleura is attached to the thoracic wall, the natural elasticity of the chest wall opposes the inward pull of the lungs. Ultimately, the outward pull is slightly greater than the inward pull, creating the –4 mm Hg intrapleural pressure relative to the intraalveolar pressure. Transpulmonary pressure is the difference between the intrapleural and intra-alveolar pressures, and it determines the size of the lungs. A higher transpulmonary pressure corresponds to a larger lung.",0.6482226252555847,0.5898722410202026
253,What must be combined with a halogen to give it a positive oxidation number?,1,Monatomic ions have an oxidation number equal to their what?,"Monatomic ions have an oxidation number equal to their charge. Li + has an oxidation state of +1, Ba 2+ has an oxidation state of +2, I - has an oxidation state of -1, and so on.",0.6495326161384583,0.5890704393386841
836,What type of cells detect stimuli?,3,Pressure and vibration are examples of what type of stimuli?,"Functional Receptor Types A third classification of receptors is by how the receptor transduces stimuli into membrane potential changes. Stimuli are of three general types. Some stimuli are ions and macromolecules that affect transmembrane receptor proteins when these chemicals diffuse across the cell membrane. Some stimuli are physical variations in the environment that affect receptor cell membrane potentials. Other stimuli include the electromagnetic radiation from visible light. For humans, the only electromagnetic energy that is perceived by our eyes is visible light. Some other organisms have receptors that humans lack, such as the heat sensors of snakes, the ultraviolet light sensors of bees, or magnetic receptors in migratory birds. Receptor cells can be further categorized on the basis of the type of stimuli they transduce. Chemical stimuli can be interpreted by a chemoreceptor that interprets chemical stimuli, such as an object’s taste or smell. Osmoreceptors respond to solute concentrations of body fluids. Additionally, pain is primarily a chemical sense that interprets the presence of chemicals from tissue damage, or similar intense stimuli, through a nociceptor. Physical stimuli, such as pressure and vibration, as well as the sensation of sound and body position (balance), are interpreted through a mechanoreceptor. Another physical stimulus that has its own type of receptor is temperature, which is sensed through a thermoreceptor that is either sensitive to temperatures above (heat) or below (cold) normal body temperature.",0.646430492401123,0.588459312915802
633,Monomers of condensation polymers must contain how many functional groups so that each monomer can link up with two other monomers?,2,What long molecules are composed of chains of units called monomers?,Polymers are long molecules composed of chains of units called monomers.,0.6023454666137695,0.588121235370636
897,A fuel cell is a galvanic cell that requires a constant external supply of what?,2,Chemical and solar cells are devices that change chemical or light energy to what?,Chemical and solar cells are devices that change chemical or light energy to electrical energy. You can read about both types of cells and how they work below.,0.5657904148101807,0.5880241990089417
818,What is most energy that is lost to the environment lost as?,3,Decay of what provides some of earth's internal heat?,Earth's internal heat does not depend on the Sun for energy. This heat comes from remnant heat when the planet formed. It also comes from the decay of radioactive elements. Radioactivity is an important source of energy.,0.6214916110038757,0.5848808288574219
583,What phase does the cell make final preparations to divide?,3,How many cycles do cells have?,"This diagram represents the cell cycle in eukaryotes. The cell cycle depicts the life of an eukaryotic cell. The cell cycle has four phases: the first growth or gap (G 1 ) phase, the synthesis (S) phase, the second growth or gap (G 2 ) phase and the mitotic (M) phase. The M phase includes mitosis and cytokinesis. The cell spends the majority of the cycle in the first three phases (G 1 , S, G 2 ) of the cycle, collectively known as interphase. After cytokinesis, two genetically identical daughter cells are formed.",0.6040500998497009,0.5836855173110962
486,What term is used to describe the development of new technology?,3,What is the term for the application of science to solve problems?,"Printers like the one that made the plastic bicycle are a new type of technology. Technology is the application of science to solve problems. Because technology finds solutions to practical problems, new technologies may have major impacts on society, science, and industry. For example, some people predict that 3-D printing will revolutionize manufacturing.",0.5869826674461365,0.5831596255302429
373,Some types of minerals form balls called what?,2,Fine-grained mud in the deep ocean comes from silts and clays brought from the land by?,"Fine-grained mud in the deep ocean comes from silts and clays brought from the land by wind. The particles are deposited on the sea surface. they slowly settle to the deep ocean floor, forming brown, greenish, or reddish clays. Volcanic ash may also settle on the seafloor.",0.5397589802742004,0.5827242732048035
253,What must be combined with a halogen to give it a positive oxidation number?,3,Halogens tend to form salts with what type of element?,"Halogens have filled valence electron configurations. Halogens tend to form salts with metals. As the free elements, halogens are monatomic. Halogens have appreciable nonmetallic character. Halogens tend to have an oxidation state of −1. Halogens are good reductants.",0.5754467844963074,0.5826578140258789
827,What are the two main types of star clusters?,3,What is the name for spherical groups of old stars held tightly together by gravity?,Globular clusters are spherical groups of old stars held tightly together by gravity.,0.6238734722137451,0.5814613103866577
854,A series of arches that support the gills of aquatic amphibians and fish are known as what?,2,What is considered to be a unique feature of echinoderms?,"A unique feature of echinoderms is their water vascular system. This is a network of canals that extends along each body part. In most echinoderms, the canals have external projections called tube feet (see Figure below ). The feet have suckers on the ends. Muscle contractions force water into the feet, causing them to extend outward. As the feet extend, they attach their suckers to new locations, farther away from their previous points of attachment. This results in a slow but powerful form of movement. The suckers are very strong. They can even be used to pry open the shells of prey.",0.577928364276886,0.5782375335693359
386,"What process is used for cell growth, repair of cuts and replacement of worn out cells?",3,"All cells undergo what during a lifetime, but when this process is out of control, cancer results?","Cell division is just one of the stages that all cells go through during their life. This includes cells that are harmful, such as cancer cells. Cancer cells divide more often than normal cells, and grow out of control. In fact, this is how cancer cells cause illness. In these concepts, you will read about how cells divide, what other stages cells go through, and what causes cancer cells to divide out of control and harm the body.",0.6202350854873657,0.577648401260376
470,"When explosion of gases creates pressure resulting in motion of a rocket, the force pushing the rocket is called what?",1,What do rocket-based systems use to propel itself into space?,"The space shuttle—and any other rocket-based system—uses chemical reactions to propel itself into space and maneuver itself when it gets into orbit. The rockets that lift the orbiter are of two different types. The three main engines are powered by reacting liquid hydrogen with liquid oxygen to generate water. Then there are the two solid rocket boosters, which use a solid fuel mixture that contains mainly ammonium perchlorate and powdered aluminum. The chemical reaction between these substances produces aluminum oxide, water, nitrogen gas, and hydrogen chloride. Although the solid rocket boosters each have a significantly lower mass than the liquid oxygen and liquid hydrogen tanks, they provide over 80% of the lift needed to put the shuttle into orbit—all because of chemical reactions.",0.5800849199295044,0.5763753652572632
382,"What anatomical structures insulate, protect and provide sensory input?",3,Hair is a component of which bodily system?,"Well maybe not yours. But some other person's. Hair is an integral part of the integumentary system. And although many people may lose some or all of the hair on top of their head, they still have hair on their arms and legs that perform important functions.",0.6151633262634277,0.5763621926307678
974,Hertz proved that what type of waves travel at the speed of light?,2,The speed of a wave is a product of its wavelength and what else?,"The speed of a wave is a product of its wavelength and frequency. Because the speed of electromagnetic waves through space is constant, the wavelength or frequency of an electromagnetic wave can be calculated if the other value is known.",0.6383525729179382,0.5762917399406433
700,Oranges and lemons are examples of fruits that contain what acid?,3,The two smallest carboxylic acids are formic acid and what else?,"The two smallest carboxylic acids are formic acid (found in the stingers of ants) and acetic acid (found in vinegar). Many organic compounds are considerably more complex than the examples described here. Many compounds, such as cholesterol discussed in the chapter-opening essay, contain more than one functional group. The formal names can also be quite complex. In http://catalog. flatworldknowledge. com/bookhub/reader/2547 - gobch12through http://catalog. flatworldknowledge. com/bookhub/reader/2547 - gob-ch15, we will examine the characteristics and chemistry of other important organic compounds and functional groups.",0.5886428952217102,0.5762660503387451
126,What type of plants does human welfare depend greatly on?,2,"Many important crops, such as corn, are planted and harvested as what?","Many important crops, such as corn, are planted and harvested as seeds. These seeds are important sources of food. For example, corn is ground into feed for chickens and cows. And corn syrup is used to sweeten beverages and candy. But most importantly, seeds are the starting point for a new plant.",0.5833109617233276,0.5761017799377441
951,How many chambers are there in a bird's heart?,3,"In birds, lightweight air-filled bones and a large four-chambered heart are examples of adaptations for what purpose?","Birds are endothermic tetrapod vertebrates. They are bipedal and have wings and feathers. Their organ systems are adapted for flight. For example, they have light-weight air-filled bones and a large four-chambered heart. Birds also have relatively large brains and a high level of intelligence.",0.4878963232040405,0.5757646560668945
584,How do multicellular organisms grow in size?,3,What is a type of plant tissue consisting of undifferentiated cells that can continue to divide and differentiate?,"Most plants continue to grow as long as they live. They grow through a combination of cell growth and cell division (mitosis). The key to plant growth is meristem, a type of plant tissue consisting of undifferentiated cells that can continue to divide and differentiate. Meristem allows plant stems and roots to grow longer (primary growth) and wider (secondary growth).",0.6033021211624146,0.5750913619995117
136,Where do mushrooms get their energy?,3,The cell walls of fungi are made of what?,"Today, fungi are no longer classified as plants. We now know that they have unique physical, chemical, and genetic traits that set them apart from plants (and other eukaryotes). For example, the cell walls of fungi are made of chitin, not cellulose. Also, fungi absorb nutrients from other organisms, whereas plants make their own food. These are just a few of the reasons fungi are now placed in their own kingdom.",0.6077938079833984,0.5724618434906006
244,All of the elements in group 9 have nine of which electrons?,3,Which type of electrons plays the most important role in chemical reactions?,"Electron Configurations and the Periodic Table As described earlier, the periodic table arranges atoms based on increasing atomic number so that elements with the same chemical properties recur periodically. When their electron configurations are added to the table (Figure 6.30), we also see a periodic recurrence of similar electron configurations in the outer shells of these elements. Because they are in the outer shells of an atom, valence electrons play the most important role in chemical reactions. The outer electrons have the highest energy of the electrons in an atom and are most easily lost or shared than the core electrons. Valence electrons are also the determining factor in some physical properties of the elements. Elements in any one group (or column) have the same number of valence electrons; the alkali metals lithium and sodium each have only one valence electron, the alkaline earth metals beryllium and magnesium each have two, and the halogens fluorine and chlorine each have seven valence electrons. The similarity in chemical properties among.",0.5899859070777893,0.5716390609741211
854,A series of arches that support the gills of aquatic amphibians and fish are known as what?,3,What makes echinoderms force water into the feet and move forward?,"A unique feature of echinoderms is their water vascular system . This is a network of canals that extend along each body part. In most echinoderms, the canals have external projections called tube feet (see Figure below ). The feet have suckers on the ends. Muscle contractions force water into the feet, causing them to extend outward. As the feet extend, they attach their suckers to new locations, farther away from their previous points of attachment. This results in a slow but powerful form of movement. The suckers are very strong. They can even be used to pry open the shells of prey.",0.5776566863059998,0.5712189674377441
448,What hormone secreted by the pineal gland controls sleep-wake cycles and several other processes?,3,The pituitary gland is called the “master gland” of what system?,The pea-sized pituitary gland is just below the hypothalamus and attached directly to it. The pituitary receives hormones from the hypothalamus. It also secretes its own hormones. Most pituitary hormones control other endocrine glands. That’s why the pituitary gland is called the “master gland” of the endocrine system. Table below lists several pituitary hormones and what they do.,0.5930678844451904,0.5710895657539368
824,The primary motor cortex is located in which lobe of the brain?,3,What is the bulb called in the frontal lobe that processes smells?,"The frontal lobe is located at the front of the brain, over the eyes. This lobe contains the olfactory bulb, which processes smells. The frontal lobe also contains the motor cortex, which is important for planning and implementing movement. Areas within the motor cortex map to different muscle groups, and there is some organization to this map, as shown in Figure 35.22. For example, the neurons that control movement of the fingers are next to the neurons that control movement of the hand. Neurons in the frontal lobe also control cognitive functions like maintaining attention, speech, and decisionmaking. Studies of humans who have damaged their frontal lobes show that parts of this area are involved in personality, socialization, and assessing risk.",0.6449406147003174,0.5703088641166687
161,What three parts is the earth divided into?,2,Which layer of the earth is molten?,"The dense, iron core forms the center of the Earth. Scientists know that the core is metal. The inner core is solid, and the outer core is molten. Here are some of the reasons they know this:.",0.6284556984901428,0.5695277452468872
620,Downhill skiiers gain little advantage from a running start because the initial kinetic energy is small compared with the gain in what other energy form?,1,Long distance runners try to maintain constant velocity with very little acceleration or deceleration to conserve what?,Long distance runners try to maintain constant velocity with very little acceleration or deceleration to conserve energy.,0.4991481900215149,0.569236159324646
143,A diagram in which the numerical values of variables are represented by the height or length of lines or rectangles of equal width is called?,3,"Bar, circle, and line are all types of what?","Descriptive statistics and graphs help organize data so patterns and trends are more apparent. Descriptive statistics include the mean and range. Types of graphs include bar, circle, and line graphs.",0.5295117497444153,0.5676687955856323
413,Haversian canals contain blood vessels and what else?,2,What kind of tissue consists of trabeculae and forms the inner layer of all bones?,"Chapter 38 1 Figure 38.19B 3 Figure 38.38 In the presence of Sarin, acetycholine is not removed from the synapse, resulting in continuous stimulation of the muscle plasma membrane. At first, muscle activity is intense and uncontrolled, but the ion gradients dissipate, so electrical signals in the T-tubules are no longer possible. The result is paralysis, leading to death by asphyxiation. 4 A 6 D 8 B 10 A 12 B 14 C 16 D 18 D 20 The female pelvis is tilted forward and is wider, lighter, and shallower than the male pelvis. It is also has a pubic angle that is broader than the male pelvis. 22 Compact bone tissue forms the hard external layer of all bones and consists of osteons. Compact bone tissue is prominent in areas of bone at which stresses are applied in only a few directions. Spongy bone tissue forms the inner layer of all bones and consists of trabeculae. Spongy bone is prominent in areas of bones that are not heavily stressed or at which stresses arrive from many directions. 24 The hip joint is flexed and the knees are extended. 26 Because ATP is required for myosin to release from actin, muscles would remain rigidly contracted until more ATP was available for the myosin cross-bridge release. This is why dead vertebrates undergo rigor mortis. 28 Neurons will not be able to release neurotransmitter without calcium. Skeletal muscles have calcium stored and don’t need any from the outside.",0.6368498206138611,0.5664117336273193
582,How frequently do high tides occur?,1,What do you call the daily changes in the level of ocean water?,Tides are daily changes in the level of ocean water. They occur all around the globe. High tides occur when the water reaches its highest level in a day. Low tides occur when the water reaches its lowest level in a day. Tides keep cycling from high to low and back again. In most places the water level rises and falls twice a day. So there are two high tides and two low tides approximately every 24 hours.,0.6307953000068665,0.5662221312522888
978,What functions in removing phosphorylated amino acids from proteins?,2,What is named after the type of enzyme they interact with in the cell?,"In eukaryotic cells, most of the intracellular proteins that are activated by a ligand binding to a receptor protein are enzymes. Receptor proteins are named after the type of enzyme that they interact with inside the cell. These enzymes include G proteins and protein kinases, likewise there are G-protein-linked receptors and tyrosine kinase receptors. A kinase is a protein involved in phosphorylation. Tyrosine kinase receptors bind many polypeptide growth factors, cytokines, and hormones. Once the ligand is bound, these receptors specifically phosphorylate tyrosine amino acids, activating the signal transduction process inside the cell.",0.5829420685768127,0.565987229347229
71,What are fast moving rivers of air that are going in opposite directions called?,3,What is the primary cause of air movement in the troposphere?,Air movement takes place in the troposphere. Air moves because of differences in heating. The differences create convection currents and winds.,0.6009408831596375,0.5618495345115662
247,"What system of the body is responsible for transmitting, processing, and responding to most of the sensory information that is created by various stimuli?",3,What can all living things sense and respond to in their environment?,"All living things can sense and respond to stimuli in their environment. Stimuli might include temperature, light, or gravity.",0.6249671578407288,0.5602372288703918
920,"In the grand canyon, the same rock layers are visible on opposite sides of the canyon and were deposited simultaneously, which is an example of what?",2,What type of rocks are laid down horizontally with the oldest at the bottom?,Sedimentary rocks are laid down horizontally with the oldest at the bottom.,0.587729811668396,0.5600108504295349
928,"The invention of the wheel is an example of what, which has the goal of solving human problems?",3,What is the term for the application of science to solve problems?,"Printers like the one that made the plastic bicycle are a new type of technology. Technology is the application of science to solve problems. Because technology finds solutions to practical problems, new technologies may have major impacts on society, science, and industry. For example, some people predict that 3-D printing will revolutionize manufacturing.",0.6136927604675293,0.5585536360740662
373,Some types of minerals form balls called what?,3,What is lava called before it reaches the surface of the earth?,Minerals form as magma or lava cools.,0.5258074998855591,0.5581585168838501
501,Which chemist developed a process to remove carbon and dust particles in smoke?,1,What is the amorphous form of carbon prepared by the incomplete combustion of natural gas?,"Atoms within a graphite layer are bonded together tightly by the σ and π bonds; however, the forces between layers are weak. London dispersion forces hold the layers together. To learn more, see the discussion of these weak forces in the chapter on liquids and solids. The weak forces between layers give graphite the soft, flaky character that makes it useful as the so-called “lead” in pencils and the slippery character that makes it useful as a lubricant. The loosely held electrons in the resonating π bonds can move throughout the solid and are responsible for the electrical conductivity of graphite. Other forms of elemental carbon include carbon black, charcoal, and coke. Carbon black is an amorphous form of carbon prepared by the incomplete combustion of natural gas, CH4. It is possible to produce charcoal and coke by heating wood and coal, respectively, at high temperatures in the absence of air. Recently, new forms of elemental carbon molecules have been identified in the soot generated by a smoky flame and in the vapor produced when graphite is heated to very high temperatures in a vacuum or in helium. One of these new forms, first isolated by Professor Richard Smalley and coworkers at Rice University, consists of icosahedral (soccerball-shaped) molecules that contain 60 carbon atoms, C60. This is buckminsterfullerene (often called bucky balls) after the architect Buckminster Fuller, who designed domed structures, which have a similar appearance (Figure 18.22).",0.4725526571273803,0.5572797060012817
195,What part of the male reproductive system is involved with the most common disorders?,3,What is the most common type of cancer in adult males?,The most common type of cancer in adult males is cancer of the prostate gland. The prostate gland is part of the male reproductive system. About one third of all cancers in men are prostate cancers.,0.6147798895835876,0.5572094321250916
624,What adaptation helps prey hide and predators sneak up on prey?,1,"When a predator kills and eats its prey, what sort of predation is this referred to as?","True predation is when a predator kills and eats its prey. Some predators of this type, such as jaguars, kill large prey. They tear it apart and chew it before eating it. Others, like bottlenose dolphins or snakes, may eat their prey whole. In some cases, the prey dies in the mouth or the digestive system of the predator. Baleen whales, for example, eat millions of plankton at once. The prey is digested afterward. True predators may hunt actively for prey, or they may sit and wait for prey to get within striking distance. Certain traits enable organisms to be effective hunters. These include camouflage, speed, and heightened senses. These traits also enable certain prey to avoid predators.",0.5943360328674316,0.5569057464599609
137,What are the hormones that cause a plant to grow?,3,"Instead of a nervous system, plant responses are generally controlled by what type of molecules, which serves as chemical messengers?","Like all organisms, plants detect and respond to stimuli in their environment. Unlike animals, plants can’t run, fly, or swim toward food or away from danger. They are usually rooted to the soil. Instead, a plant’s primary means of response is to change how it is growing. Plants also don’t have a nervous system to control their responses. Instead, their responses are generally controlled by hormones , which are chemical messenger molecules.",0.548539936542511,0.5563679933547974
144,What opens two strands of dna?,3,During which phase does dna replication occur in the cell cycle?,"9.2 | DNA Replication By the end of this section, you will be able to: • Explain the process of DNA replication • Explain the importance of telomerase to DNA replication • Describe mechanisms of DNA repair When a cell divides, it is important that each daughter cell receives an identical copy of the DNA. This is accomplished by the process of DNA replication. The replication of DNA occurs during the synthesis phase, or S phase, of the cell cycle, before the cell enters mitosis or meiosis. The elucidation of the structure of the double helix provided a hint as to how DNA is copied. Recall that adenine nucleotides pair with thymine nucleotides, and cytosine with guanine. This means that the two strands are complementary to each other. For example, a strand of DNA with a nucleotide sequence of AGTCATGA will have a complementary strand with the sequence TCAGTACT (Figure 9.8).",0.6479722857475281,0.5559020042419434
105,Anything moving has what type of energy?,2,An object with more mass has greater thermal energy than an object with less mass because it has more what?,5. Thermal energy is the energy of moving atoms of matter. All matter has thermal energy because atoms of all matter are constantly moving. An object with more mass has greater thermal energy than an object with less mass because it has more atoms.,0.59549880027771,0.555583119392395
161,What three parts is the earth divided into?,1,Which layer is the lithosphere located?,"Lithosphere and asthenosphere are layers based on physical properties. The outermost layer is the lithosphere . The lithosphere is the crust and the uppermost mantle. In terms of physical properties, this layer is rigid, solid, and brittle. It is easily cracked or broken.",0.6343634128570557,0.5548999905586243
529,"A sealed, vacuum-insulated reaction flask approximates what condition, in which neither matter nor heat can be exchanged between system and surroundings?",2,The process when heat is released is referred to as what?,"Heat involves the transfer of thermal energy between two bodies that are at different temperatures. If you held a flask containing a reaction that releases energy, you would be able to feel the heat being transferred from the reaction into your hand. A process in which heat is released is referred to as exothermic . Conversely, reactions that absorb energy will remove energy from the surroundings, causing the container to feel cold. For example, dissolving ammonium nitrate in water will significantly lower the water temperature. Processes that absorb energy from their surroundings are called endothermic .",0.6153696179389954,0.5538188219070435
553,"Recent evidence indicates some of what type of cells remain within the heart, continuing to divide and potentially replace dead cells?",2,The loss of oxygen to the heart muscle causes that part of the tissue to what?,"The image below shows the way in which a blocked coronary artery can cause a heart attack. The loss of oxygen to the heart muscle cause that part of the tissue to die. Maybe one day, stem cell therapy will allow for the replacement of the dead cells with new cardiac muscle cells.",0.6268274784088135,0.5530793070793152
94,What is the ability to see called?,3,What do structures of the human eye collect and focus?,"The structures of the human eye collect and focus light. They form a reduced, upside-down image on the retina at the back of the eye.",0.6293588280677795,0.5526375770568848
465,"Because optics fibers are thin, entering light may strike the inside surface at greater than the critical angle, requiring attention to what?",3,When does internal reflection occur?,"Total internal reflection occurs when light goes from a slow (high index of refraction) medium to a fast (low index of refraction) medium. With total internal reflection, light refracts so much it actually refracts back into the first medium. This is how fiber optic cables work: no light leaves the wire.",0.5977628827095032,0.55217444896698
117,Nerve cells that sense touch are found mainly where?,2,The visceral senses are most often below the limit of conscious perception because they are involved in this?,"the conscious perception of the how the body interacts with the environment. The visceral senses are most often below the limit of conscious perception because they are involved in homeostatic regulation through the autonomic nervous system. The sensory exam tests the somatic senses, meaning those that are consciously perceived. Testing of the senses begins with examining the regions known as dermatomes that connect to the cortical region where somatosensation is perceived in the postcentral gyrus. To test the sensory fields, a simple stimulus of the light touch of the soft end of a cotton-tipped applicator is applied at various locations on the skin. The spinal nerves, which contain sensory fibers with dendritic endings in the skin, connect with the skin in a topographically organized manner, illustrated as dermatomes (Figure 16.13). For example, the fibers of eighth cervical nerve innervate the medial surface of the forearm and extend out to the fingers. In addition to testing perception at different positions on the skin, it is necessary to test sensory perception within the dermatome from distal to proximal locations in the appendages, or lateral to medial locations in the trunk. In testing the eighth cervical nerve, the patient would be asked if the touch of the cotton to the fingers or the medial forearm was perceptible, and whether there were any differences in the sensations.",0.6255817413330078,0.5515897274017334
722,Telomerase is typically active in germ cells and adult what?,3,The ends of linear chromosomes are maintained by the action of which enzyme?,Figure 9.11 The ends of linear chromosomes are maintained by the action of the telomerase enzyme.,0.5272404551506042,0.5510971546173096
576,The skin disease impetigo is caused by spread of what type of microorganism?,3,Ringworm and athlete’s foot are common human diseases caused by types of what?,"Several common human diseases are caused by fungi. They include ringworm and athlete’s foot, both shown in Figure below . Ringworm isn’t caused by a worm. It’s a skin infection by a fungus that leads to a ring-shaped rash. The rash may occur on the head, neck, trunk, arms, or legs. Athlete’s foot is caused by the same fungus as ringworm. But in athlete’s foot, the fungus infects the skin between the toes. Athlete’s foot is the second most common skin disease in the U. S.",0.4557009935379028,0.5510724782943726
540,What action do particles of the same charge do to each other?,2,What type of charge does a neutron have?,"three building blocks of most matter. (The third is the neutron, which is neutral, carrying no charge. ) Other charge-carrying particles are observed in cosmic rays and nuclear decay, and are created in particle accelerators. All but the electron and proton survive only a short time and are quite rare by comparison.",0.5610687732696533,0.5506559610366821
876,Questioning claims based on their scientific verifiability rather than accepting claims based on faith or anecdotes is called what?,3,What method do scientists use to answer questions?,Scientists use the scientific method to answer questions. The scientific method is a series of steps. These steps help scientists (or even just people!) investigate a question.,0.5626710653305054,0.5500086545944214
