model_id,metric,treatment,control,median_treatment,mean_treatment,median_control,mean_control,wilcoxon,kendall,A12
NEB_Llama3370Instruct,bleu_1,ZeroShot,ZeroShot_WithAnswer,0.2711,0.3135,0.4635,0.4944,0.0000,0.0000,0.2788
NEB_Llama3370Instruct,bleu_1,ZeroShot,FewShot,0.2711,0.3135,0.2758,0.3430,0.0000,0.0000,0.4695
NEB_Llama3370Instruct,bleu_1,ZeroShot,FewShot_WithAnswer,0.2711,0.3135,0.4969,0.5157,0.0000,0.0000,0.2645
NEB_Llama3370Instruct,bleu_1,ZeroShot,FewShot_Reverse,0.2711,0.3135,0.2778,0.3392,0.0004,0.0000,0.4758
NEB_Llama3370Instruct,bleu_1,ZeroShot,FewShot_MostSimMiddle,0.2711,0.3135,0.2785,0.3444,0.0000,0.0000,0.4697
NEB_Llama3370Instruct,bleu_1,ZeroShot,FewShot_Reverse_WithAnswer,0.2711,0.3135,0.4946,0.5136,0.0000,0.0000,0.2672
NEB_Llama3370Instruct,bleu_1,ZeroShot,Multiturn,0.2711,0.3135,0.2857,0.3396,0.0001,0.0000,0.4736
NEB_Llama3370Instruct,bleu_1,ZeroShot,Multiturn_WithAnswer,0.2711,0.3135,0.4750,0.5076,0.0000,0.0000,0.2645
NEB_Llama3370Instruct,bleu_1,ZeroShot_WithAnswer,ZeroShot,0.4635,0.4944,0.2711,0.3135,0.0000,0.0000,0.7212
NEB_Llama3370Instruct,bleu_1,ZeroShot_WithAnswer,FewShot,0.4635,0.4944,0.2758,0.3430,0.0000,0.0000,0.6865
NEB_Llama3370Instruct,bleu_1,ZeroShot_WithAnswer,FewShot_WithAnswer,0.4635,0.4944,0.4969,0.5157,0.0020,0.0000,0.4774
NEB_Llama3370Instruct,bleu_1,ZeroShot_WithAnswer,FewShot_Reverse,0.4635,0.4944,0.2778,0.3392,0.0000,0.0000,0.6905
NEB_Llama3370Instruct,bleu_1,ZeroShot_WithAnswer,FewShot_MostSimMiddle,0.4635,0.4944,0.2785,0.3444,0.0000,0.0000,0.6847
NEB_Llama3370Instruct,bleu_1,ZeroShot_WithAnswer,FewShot_Reverse_WithAnswer,0.4635,0.4944,0.4946,0.5136,0.0066,0.0000,0.4793
NEB_Llama3370Instruct,bleu_1,ZeroShot_WithAnswer,Multiturn,0.4635,0.4944,0.2857,0.3396,0.0000,0.0000,0.6894
NEB_Llama3370Instruct,bleu_1,ZeroShot_WithAnswer,Multiturn_WithAnswer,0.4635,0.4944,0.4750,0.5076,0.0384,0.0000,0.4848
NEB_Llama3370Instruct,bleu_1,FewShot,ZeroShot,0.2758,0.3430,0.2711,0.3135,0.0000,0.0000,0.5305
NEB_Llama3370Instruct,bleu_1,FewShot,ZeroShot_WithAnswer,0.2758,0.3430,0.4635,0.4944,0.0000,0.0000,0.3135
NEB_Llama3370Instruct,bleu_1,FewShot,FewShot_WithAnswer,0.2758,0.3430,0.4969,0.5157,0.0000,0.0000,0.2976
NEB_Llama3370Instruct,bleu_1,FewShot,FewShot_Reverse,0.2758,0.3430,0.2778,0.3392,0.5360,0.0000,0.5058
NEB_Llama3370Instruct,bleu_1,FewShot,FewShot_MostSimMiddle,0.2758,0.3430,0.2785,0.3444,0.7250,0.0000,0.4996
NEB_Llama3370Instruct,bleu_1,FewShot,FewShot_Reverse_WithAnswer,0.2758,0.3430,0.4946,0.5136,0.0000,0.0000,0.3005
NEB_Llama3370Instruct,bleu_1,FewShot,Multiturn,0.2758,0.3430,0.2857,0.3396,0.5759,0.0000,0.5037
NEB_Llama3370Instruct,bleu_1,FewShot,Multiturn_WithAnswer,0.2758,0.3430,0.4750,0.5076,0.0000,0.0000,0.2991
NEB_Llama3370Instruct,bleu_1,FewShot_WithAnswer,ZeroShot,0.4969,0.5157,0.2711,0.3135,0.0000,0.0000,0.7355
NEB_Llama3370Instruct,bleu_1,FewShot_WithAnswer,ZeroShot_WithAnswer,0.4969,0.5157,0.4635,0.4944,0.0020,0.0000,0.5226
NEB_Llama3370Instruct,bleu_1,FewShot_WithAnswer,FewShot,0.4969,0.5157,0.2758,0.3430,0.0000,0.0000,0.7024
NEB_Llama3370Instruct,bleu_1,FewShot_WithAnswer,FewShot_Reverse,0.4969,0.5157,0.2778,0.3392,0.0000,0.0000,0.7057
NEB_Llama3370Instruct,bleu_1,FewShot_WithAnswer,FewShot_MostSimMiddle,0.4969,0.5157,0.2785,0.3444,0.0000,0.0000,0.7005
NEB_Llama3370Instruct,bleu_1,FewShot_WithAnswer,FewShot_Reverse_WithAnswer,0.4969,0.5157,0.4946,0.5136,0.5581,0.0000,0.5017
NEB_Llama3370Instruct,bleu_1,FewShot_WithAnswer,Multiturn,0.4969,0.5157,0.2857,0.3396,0.0000,0.0000,0.7051
NEB_Llama3370Instruct,bleu_1,FewShot_WithAnswer,Multiturn_WithAnswer,0.4969,0.5157,0.4750,0.5076,0.3032,0.0000,0.5073
NEB_Llama3370Instruct,bleu_1,FewShot_Reverse,ZeroShot,0.2778,0.3392,0.2711,0.3135,0.0004,0.0000,0.5242
NEB_Llama3370Instruct,bleu_1,FewShot_Reverse,ZeroShot_WithAnswer,0.2778,0.3392,0.4635,0.4944,0.0000,0.0000,0.3095
NEB_Llama3370Instruct,bleu_1,FewShot_Reverse,FewShot,0.2778,0.3392,0.2758,0.3430,0.5360,0.0000,0.4942
NEB_Llama3370Instruct,bleu_1,FewShot_Reverse,FewShot_WithAnswer,0.2778,0.3392,0.4969,0.5157,0.0000,0.0000,0.2943
NEB_Llama3370Instruct,bleu_1,FewShot_Reverse,FewShot_MostSimMiddle,0.2778,0.3392,0.2785,0.3444,0.5612,0.0000,0.4941
NEB_Llama3370Instruct,bleu_1,FewShot_Reverse,FewShot_Reverse_WithAnswer,0.2778,0.3392,0.4946,0.5136,0.0000,0.0000,0.2972
NEB_Llama3370Instruct,bleu_1,FewShot_Reverse,Multiturn,0.2778,0.3392,0.2857,0.3396,0.9287,0.0000,0.4980
NEB_Llama3370Instruct,bleu_1,FewShot_Reverse,Multiturn_WithAnswer,0.2778,0.3392,0.4750,0.5076,0.0000,0.0000,0.2958
NEB_Llama3370Instruct,bleu_1,FewShot_MostSimMiddle,ZeroShot,0.2785,0.3444,0.2711,0.3135,0.0000,0.0000,0.5303
NEB_Llama3370Instruct,bleu_1,FewShot_MostSimMiddle,ZeroShot_WithAnswer,0.2785,0.3444,0.4635,0.4944,0.0000,0.0000,0.3153
NEB_Llama3370Instruct,bleu_1,FewShot_MostSimMiddle,FewShot,0.2785,0.3444,0.2758,0.3430,0.7250,0.0000,0.5004
NEB_Llama3370Instruct,bleu_1,FewShot_MostSimMiddle,FewShot_WithAnswer,0.2785,0.3444,0.4969,0.5157,0.0000,0.0000,0.2995
NEB_Llama3370Instruct,bleu_1,FewShot_MostSimMiddle,FewShot_Reverse,0.2785,0.3444,0.2778,0.3392,0.5612,0.0000,0.5059
NEB_Llama3370Instruct,bleu_1,FewShot_MostSimMiddle,FewShot_Reverse_WithAnswer,0.2785,0.3444,0.4946,0.5136,0.0000,0.0000,0.3024
NEB_Llama3370Instruct,bleu_1,FewShot_MostSimMiddle,Multiturn,0.2785,0.3444,0.2857,0.3396,0.6582,0.0000,0.5040
NEB_Llama3370Instruct,bleu_1,FewShot_MostSimMiddle,Multiturn_WithAnswer,0.2785,0.3444,0.4750,0.5076,0.0000,0.0000,0.3014
NEB_Llama3370Instruct,bleu_1,FewShot_Reverse_WithAnswer,ZeroShot,0.4946,0.5136,0.2711,0.3135,0.0000,0.0000,0.7328
NEB_Llama3370Instruct,bleu_1,FewShot_Reverse_WithAnswer,ZeroShot_WithAnswer,0.4946,0.5136,0.4635,0.4944,0.0066,0.0000,0.5207
NEB_Llama3370Instruct,bleu_1,FewShot_Reverse_WithAnswer,FewShot,0.4946,0.5136,0.2758,0.3430,0.0000,0.0000,0.6995
NEB_Llama3370Instruct,bleu_1,FewShot_Reverse_WithAnswer,FewShot_WithAnswer,0.4946,0.5136,0.4969,0.5157,0.5581,0.0000,0.4983
NEB_Llama3370Instruct,bleu_1,FewShot_Reverse_WithAnswer,FewShot_Reverse,0.4946,0.5136,0.2778,0.3392,0.0000,0.0000,0.7028
NEB_Llama3370Instruct,bleu_1,FewShot_Reverse_WithAnswer,FewShot_MostSimMiddle,0.4946,0.5136,0.2785,0.3444,0.0000,0.0000,0.6976
NEB_Llama3370Instruct,bleu_1,FewShot_Reverse_WithAnswer,Multiturn,0.4946,0.5136,0.2857,0.3396,0.0000,0.0000,0.7023
NEB_Llama3370Instruct,bleu_1,FewShot_Reverse_WithAnswer,Multiturn_WithAnswer,0.4946,0.5136,0.4750,0.5076,0.4554,0.0000,0.5055
NEB_Llama3370Instruct,bleu_1,Multiturn,ZeroShot,0.2857,0.3396,0.2711,0.3135,0.0001,0.0000,0.5264
NEB_Llama3370Instruct,bleu_1,Multiturn,ZeroShot_WithAnswer,0.2857,0.3396,0.4635,0.4944,0.0000,0.0000,0.3106
NEB_Llama3370Instruct,bleu_1,Multiturn,FewShot,0.2857,0.3396,0.2758,0.3430,0.5759,0.0000,0.4963
NEB_Llama3370Instruct,bleu_1,Multiturn,FewShot_WithAnswer,0.2857,0.3396,0.4969,0.5157,0.0000,0.0000,0.2949
NEB_Llama3370Instruct,bleu_1,Multiturn,FewShot_Reverse,0.2857,0.3396,0.2778,0.3392,0.9287,0.0000,0.5020
NEB_Llama3370Instruct,bleu_1,Multiturn,FewShot_MostSimMiddle,0.2857,0.3396,0.2785,0.3444,0.6582,0.0000,0.4960
NEB_Llama3370Instruct,bleu_1,Multiturn,FewShot_Reverse_WithAnswer,0.2857,0.3396,0.4946,0.5136,0.0000,0.0000,0.2977
NEB_Llama3370Instruct,bleu_1,Multiturn,Multiturn_WithAnswer,0.2857,0.3396,0.4750,0.5076,0.0000,0.0000,0.2962
NEB_Llama3370Instruct,bleu_1,Multiturn_WithAnswer,ZeroShot,0.4750,0.5076,0.2711,0.3135,0.0000,0.0000,0.7355
NEB_Llama3370Instruct,bleu_1,Multiturn_WithAnswer,ZeroShot_WithAnswer,0.4750,0.5076,0.4635,0.4944,0.0384,0.0000,0.5152
NEB_Llama3370Instruct,bleu_1,Multiturn_WithAnswer,FewShot,0.4750,0.5076,0.2758,0.3430,0.0000,0.0000,0.7009
NEB_Llama3370Instruct,bleu_1,Multiturn_WithAnswer,FewShot_WithAnswer,0.4750,0.5076,0.4969,0.5157,0.3032,0.0000,0.4927
NEB_Llama3370Instruct,bleu_1,Multiturn_WithAnswer,FewShot_Reverse,0.4750,0.5076,0.2778,0.3392,0.0000,0.0000,0.7042
NEB_Llama3370Instruct,bleu_1,Multiturn_WithAnswer,FewShot_MostSimMiddle,0.4750,0.5076,0.2785,0.3444,0.0000,0.0000,0.6986
NEB_Llama3370Instruct,bleu_1,Multiturn_WithAnswer,FewShot_Reverse_WithAnswer,0.4750,0.5076,0.4946,0.5136,0.4554,0.0000,0.4945
NEB_Llama3370Instruct,bleu_1,Multiturn_WithAnswer,Multiturn,0.4750,0.5076,0.2857,0.3396,0.0000,0.0000,0.7038
NEB_Llama3370Instruct,bleu_2,ZeroShot,ZeroShot_WithAnswer,0.1608,0.2234,0.3607,0.4101,0.0000,0.0000,0.2713
NEB_Llama3370Instruct,bleu_2,ZeroShot,FewShot,0.1608,0.2234,0.1751,0.2553,0.0000,0.0000,0.4686
NEB_Llama3370Instruct,bleu_2,ZeroShot,FewShot_WithAnswer,0.1608,0.2234,0.3865,0.4337,0.0000,0.0000,0.2569
NEB_Llama3370Instruct,bleu_2,ZeroShot,FewShot_Reverse,0.1608,0.2234,0.1757,0.2526,0.0002,0.0000,0.4731
NEB_Llama3370Instruct,bleu_2,ZeroShot,FewShot_MostSimMiddle,0.1608,0.2234,0.1745,0.2580,0.0000,0.0000,0.4665
NEB_Llama3370Instruct,bleu_2,ZeroShot,FewShot_Reverse_WithAnswer,0.1608,0.2234,0.3789,0.4311,0.0000,0.0000,0.2620
NEB_Llama3370Instruct,bleu_2,ZeroShot,Multiturn,0.1608,0.2234,0.1732,0.2517,0.0001,0.0000,0.4746
NEB_Llama3370Instruct,bleu_2,ZeroShot,Multiturn_WithAnswer,0.1608,0.2234,0.3808,0.4228,0.0000,0.0000,0.2604
NEB_Llama3370Instruct,bleu_2,ZeroShot_WithAnswer,ZeroShot,0.3607,0.4101,0.1608,0.2234,0.0000,0.0000,0.7287
NEB_Llama3370Instruct,bleu_2,ZeroShot_WithAnswer,FewShot,0.3607,0.4101,0.1751,0.2553,0.0000,0.0000,0.6922
NEB_Llama3370Instruct,bleu_2,ZeroShot_WithAnswer,FewShot_WithAnswer,0.3607,0.4101,0.3865,0.4337,0.0008,0.0000,0.4773
NEB_Llama3370Instruct,bleu_2,ZeroShot_WithAnswer,FewShot_Reverse,0.3607,0.4101,0.1757,0.2526,0.0000,0.0000,0.6952
NEB_Llama3370Instruct,bleu_2,ZeroShot_WithAnswer,FewShot_MostSimMiddle,0.3607,0.4101,0.1745,0.2580,0.0000,0.0000,0.6890
NEB_Llama3370Instruct,bleu_2,ZeroShot_WithAnswer,FewShot_Reverse_WithAnswer,0.3607,0.4101,0.3789,0.4311,0.0049,0.0000,0.4809
NEB_Llama3370Instruct,bleu_2,ZeroShot_WithAnswer,Multiturn,0.3607,0.4101,0.1732,0.2517,0.0000,0.0000,0.6964
NEB_Llama3370Instruct,bleu_2,ZeroShot_WithAnswer,Multiturn_WithAnswer,0.3607,0.4101,0.3808,0.4228,0.0591,0.0000,0.4872
NEB_Llama3370Instruct,bleu_2,FewShot,ZeroShot,0.1751,0.2553,0.1608,0.2234,0.0000,0.0000,0.5314
NEB_Llama3370Instruct,bleu_2,FewShot,ZeroShot_WithAnswer,0.1751,0.2553,0.3607,0.4101,0.0000,0.0000,0.3078
NEB_Llama3370Instruct,bleu_2,FewShot,FewShot_WithAnswer,0.1751,0.2553,0.3865,0.4337,0.0000,0.0000,0.2923
NEB_Llama3370Instruct,bleu_2,FewShot,FewShot_Reverse,0.1751,0.2553,0.1757,0.2526,0.5934,0.0000,0.5042
NEB_Llama3370Instruct,bleu_2,FewShot,FewShot_MostSimMiddle,0.1751,0.2553,0.1745,0.2580,0.9238,0.0000,0.4979
NEB_Llama3370Instruct,bleu_2,FewShot,FewShot_Reverse_WithAnswer,0.1751,0.2553,0.3789,0.4311,0.0000,0.0000,0.2973
NEB_Llama3370Instruct,bleu_2,FewShot,Multiturn,0.1751,0.2553,0.1732,0.2517,0.5772,0.0000,0.5058
NEB_Llama3370Instruct,bleu_2,FewShot,Multiturn_WithAnswer,0.1751,0.2553,0.3808,0.4228,0.0000,0.0000,0.2972
NEB_Llama3370Instruct,bleu_2,FewShot_WithAnswer,ZeroShot,0.3865,0.4337,0.1608,0.2234,0.0000,0.0000,0.7431
NEB_Llama3370Instruct,bleu_2,FewShot_WithAnswer,ZeroShot_WithAnswer,0.3865,0.4337,0.3607,0.4101,0.0008,0.0000,0.5227
NEB_Llama3370Instruct,bleu_2,FewShot_WithAnswer,FewShot,0.3865,0.4337,0.1751,0.2553,0.0000,0.0000,0.7077
NEB_Llama3370Instruct,bleu_2,FewShot_WithAnswer,FewShot_Reverse,0.3865,0.4337,0.1757,0.2526,0.0000,0.0000,0.7107
NEB_Llama3370Instruct,bleu_2,FewShot_WithAnswer,FewShot_MostSimMiddle,0.3865,0.4337,0.1745,0.2580,0.0000,0.0000,0.7048
NEB_Llama3370Instruct,bleu_2,FewShot_WithAnswer,FewShot_Reverse_WithAnswer,0.3865,0.4337,0.3789,0.4311,0.5872,0.0000,0.5034
NEB_Llama3370Instruct,bleu_2,FewShot_WithAnswer,Multiturn,0.3865,0.4337,0.1732,0.2517,0.0000,0.0000,0.7119
NEB_Llama3370Instruct,bleu_2,FewShot_WithAnswer,Multiturn_WithAnswer,0.3865,0.4337,0.3808,0.4228,0.1956,0.0000,0.5099
NEB_Llama3370Instruct,bleu_2,FewShot_Reverse,ZeroShot,0.1757,0.2526,0.1608,0.2234,0.0002,0.0000,0.5269
NEB_Llama3370Instruct,bleu_2,FewShot_Reverse,ZeroShot_WithAnswer,0.1757,0.2526,0.3607,0.4101,0.0000,0.0000,0.3048
NEB_Llama3370Instruct,bleu_2,FewShot_Reverse,FewShot,0.1757,0.2526,0.1751,0.2553,0.5934,0.0000,0.4958
NEB_Llama3370Instruct,bleu_2,FewShot_Reverse,FewShot_WithAnswer,0.1757,0.2526,0.3865,0.4337,0.0000,0.0000,0.2893
NEB_Llama3370Instruct,bleu_2,FewShot_Reverse,FewShot_MostSimMiddle,0.1757,0.2526,0.1745,0.2580,0.3686,0.0000,0.4939
NEB_Llama3370Instruct,bleu_2,FewShot_Reverse,FewShot_Reverse_WithAnswer,0.1757,0.2526,0.3789,0.4311,0.0000,0.0000,0.2943
NEB_Llama3370Instruct,bleu_2,FewShot_Reverse,Multiturn,0.1757,0.2526,0.1732,0.2517,0.9608,0.0000,0.5016
NEB_Llama3370Instruct,bleu_2,FewShot_Reverse,Multiturn_WithAnswer,0.1757,0.2526,0.3808,0.4228,0.0000,0.0000,0.2941
NEB_Llama3370Instruct,bleu_2,FewShot_MostSimMiddle,ZeroShot,0.1745,0.2580,0.1608,0.2234,0.0000,0.0000,0.5335
NEB_Llama3370Instruct,bleu_2,FewShot_MostSimMiddle,ZeroShot_WithAnswer,0.1745,0.2580,0.3607,0.4101,0.0000,0.0000,0.3110
NEB_Llama3370Instruct,bleu_2,FewShot_MostSimMiddle,FewShot,0.1745,0.2580,0.1751,0.2553,0.9238,0.0000,0.5021
NEB_Llama3370Instruct,bleu_2,FewShot_MostSimMiddle,FewShot_WithAnswer,0.1745,0.2580,0.3865,0.4337,0.0000,0.0000,0.2952
NEB_Llama3370Instruct,bleu_2,FewShot_MostSimMiddle,FewShot_Reverse,0.1745,0.2580,0.1757,0.2526,0.3686,0.0000,0.5061
NEB_Llama3370Instruct,bleu_2,FewShot_MostSimMiddle,FewShot_Reverse_WithAnswer,0.1745,0.2580,0.3789,0.4311,0.0000,0.0000,0.3000
NEB_Llama3370Instruct,bleu_2,FewShot_MostSimMiddle,Multiturn,0.1745,0.2580,0.1732,0.2517,0.3411,0.0000,0.5078
NEB_Llama3370Instruct,bleu_2,FewShot_MostSimMiddle,Multiturn_WithAnswer,0.1745,0.2580,0.3808,0.4228,0.0000,0.0000,0.2999
NEB_Llama3370Instruct,bleu_2,FewShot_Reverse_WithAnswer,ZeroShot,0.3789,0.4311,0.1608,0.2234,0.0000,0.0000,0.7380
NEB_Llama3370Instruct,bleu_2,FewShot_Reverse_WithAnswer,ZeroShot_WithAnswer,0.3789,0.4311,0.3607,0.4101,0.0049,0.0000,0.5191
NEB_Llama3370Instruct,bleu_2,FewShot_Reverse_WithAnswer,FewShot,0.3789,0.4311,0.1751,0.2553,0.0000,0.0000,0.7027
NEB_Llama3370Instruct,bleu_2,FewShot_Reverse_WithAnswer,FewShot_WithAnswer,0.3789,0.4311,0.3865,0.4337,0.5872,0.0000,0.4966
NEB_Llama3370Instruct,bleu_2,FewShot_Reverse_WithAnswer,FewShot_Reverse,0.3789,0.4311,0.1757,0.2526,0.0000,0.0000,0.7057
NEB_Llama3370Instruct,bleu_2,FewShot_Reverse_WithAnswer,FewShot_MostSimMiddle,0.3789,0.4311,0.1745,0.2580,0.0000,0.0000,0.7000
NEB_Llama3370Instruct,bleu_2,FewShot_Reverse_WithAnswer,Multiturn,0.3789,0.4311,0.1732,0.2517,0.0000,0.0000,0.7072
NEB_Llama3370Instruct,bleu_2,FewShot_Reverse_WithAnswer,Multiturn_WithAnswer,0.3789,0.4311,0.3808,0.4228,0.3312,0.0000,0.5064
NEB_Llama3370Instruct,bleu_2,Multiturn,ZeroShot,0.1732,0.2517,0.1608,0.2234,0.0001,0.0000,0.5254
NEB_Llama3370Instruct,bleu_2,Multiturn,ZeroShot_WithAnswer,0.1732,0.2517,0.3607,0.4101,0.0000,0.0000,0.3036
NEB_Llama3370Instruct,bleu_2,Multiturn,FewShot,0.1732,0.2517,0.1751,0.2553,0.5772,0.0000,0.4942
NEB_Llama3370Instruct,bleu_2,Multiturn,FewShot_WithAnswer,0.1732,0.2517,0.3865,0.4337,0.0000,0.0000,0.2881
NEB_Llama3370Instruct,bleu_2,Multiturn,FewShot_Reverse,0.1732,0.2517,0.1757,0.2526,0.9608,0.0000,0.4984
NEB_Llama3370Instruct,bleu_2,Multiturn,FewShot_MostSimMiddle,0.1732,0.2517,0.1745,0.2580,0.3411,0.0000,0.4922
NEB_Llama3370Instruct,bleu_2,Multiturn,FewShot_Reverse_WithAnswer,0.1732,0.2517,0.3789,0.4311,0.0000,0.0000,0.2928
NEB_Llama3370Instruct,bleu_2,Multiturn,Multiturn_WithAnswer,0.1732,0.2517,0.3808,0.4228,0.0000,0.0000,0.2926
NEB_Llama3370Instruct,bleu_2,Multiturn_WithAnswer,ZeroShot,0.3808,0.4228,0.1608,0.2234,0.0000,0.0000,0.7396
NEB_Llama3370Instruct,bleu_2,Multiturn_WithAnswer,ZeroShot_WithAnswer,0.3808,0.4228,0.3607,0.4101,0.0591,0.0000,0.5128
NEB_Llama3370Instruct,bleu_2,Multiturn_WithAnswer,FewShot,0.3808,0.4228,0.1751,0.2553,0.0000,0.0000,0.7028
NEB_Llama3370Instruct,bleu_2,Multiturn_WithAnswer,FewShot_WithAnswer,0.3808,0.4228,0.3865,0.4337,0.1956,0.0000,0.4901
NEB_Llama3370Instruct,bleu_2,Multiturn_WithAnswer,FewShot_Reverse,0.3808,0.4228,0.1757,0.2526,0.0000,0.0000,0.7059
NEB_Llama3370Instruct,bleu_2,Multiturn_WithAnswer,FewShot_MostSimMiddle,0.3808,0.4228,0.1745,0.2580,0.0000,0.0000,0.7001
NEB_Llama3370Instruct,bleu_2,Multiturn_WithAnswer,FewShot_Reverse_WithAnswer,0.3808,0.4228,0.3789,0.4311,0.3312,0.0000,0.4936
NEB_Llama3370Instruct,bleu_2,Multiturn_WithAnswer,Multiturn,0.3808,0.4228,0.1732,0.2517,0.0000,0.0000,0.7074
NEB_Llama3370Instruct,bleu_3,ZeroShot,ZeroShot_WithAnswer,0.1254,0.1839,0.3067,0.3628,0.0000,0.0000,0.2739
NEB_Llama3370Instruct,bleu_3,ZeroShot,FewShot,0.1254,0.1839,0.1353,0.2166,0.0000,0.0000,0.4662
NEB_Llama3370Instruct,bleu_3,ZeroShot,FewShot_WithAnswer,0.1254,0.1839,0.3269,0.3859,0.0000,0.0000,0.2601
NEB_Llama3370Instruct,bleu_3,ZeroShot,FewShot_Reverse,0.1254,0.1839,0.1351,0.2137,0.0002,0.0000,0.4711
NEB_Llama3370Instruct,bleu_3,ZeroShot,FewShot_MostSimMiddle,0.1254,0.1839,0.1350,0.2187,0.0000,0.0000,0.4661
NEB_Llama3370Instruct,bleu_3,ZeroShot,FewShot_Reverse_WithAnswer,0.1254,0.1839,0.3240,0.3840,0.0000,0.0000,0.2639
NEB_Llama3370Instruct,bleu_3,ZeroShot,Multiturn,0.1254,0.1839,0.1347,0.2137,0.0000,0.0000,0.4691
NEB_Llama3370Instruct,bleu_3,ZeroShot,Multiturn_WithAnswer,0.1254,0.1839,0.3148,0.3752,0.0000,0.0000,0.2640
NEB_Llama3370Instruct,bleu_3,ZeroShot_WithAnswer,ZeroShot,0.3067,0.3628,0.1254,0.1839,0.0000,0.0000,0.7261
NEB_Llama3370Instruct,bleu_3,ZeroShot_WithAnswer,FewShot,0.3067,0.3628,0.1353,0.2166,0.0000,0.0000,0.6879
NEB_Llama3370Instruct,bleu_3,ZeroShot_WithAnswer,FewShot_WithAnswer,0.3067,0.3628,0.3269,0.3859,0.0009,0.0000,0.4786
NEB_Llama3370Instruct,bleu_3,ZeroShot_WithAnswer,FewShot_Reverse,0.3067,0.3628,0.1351,0.2137,0.0000,0.0000,0.6915
NEB_Llama3370Instruct,bleu_3,ZeroShot_WithAnswer,FewShot_MostSimMiddle,0.3067,0.3628,0.1350,0.2187,0.0000,0.0000,0.6862
NEB_Llama3370Instruct,bleu_3,ZeroShot_WithAnswer,FewShot_Reverse_WithAnswer,0.3067,0.3628,0.3240,0.3840,0.0039,0.0000,0.4815
NEB_Llama3370Instruct,bleu_3,ZeroShot_WithAnswer,Multiturn,0.3067,0.3628,0.1347,0.2137,0.0000,0.0000,0.6911
NEB_Llama3370Instruct,bleu_3,ZeroShot_WithAnswer,Multiturn_WithAnswer,0.3067,0.3628,0.3148,0.3752,0.0738,0.0000,0.4882
NEB_Llama3370Instruct,bleu_3,FewShot,ZeroShot,0.1353,0.2166,0.1254,0.1839,0.0000,0.0000,0.5338
NEB_Llama3370Instruct,bleu_3,FewShot,ZeroShot_WithAnswer,0.1353,0.2166,0.3067,0.3628,0.0000,0.0000,0.3121
NEB_Llama3370Instruct,bleu_3,FewShot,FewShot_WithAnswer,0.1353,0.2166,0.3269,0.3859,0.0000,0.0000,0.2972
NEB_Llama3370Instruct,bleu_3,FewShot,FewShot_Reverse,0.1353,0.2166,0.1351,0.2137,0.3540,0.0000,0.5046
NEB_Llama3370Instruct,bleu_3,FewShot,FewShot_MostSimMiddle,0.1353,0.2166,0.1350,0.2187,0.8362,0.0000,0.4997
NEB_Llama3370Instruct,bleu_3,FewShot,FewShot_Reverse_WithAnswer,0.1353,0.2166,0.3240,0.3840,0.0000,0.0000,0.3010
NEB_Llama3370Instruct,bleu_3,FewShot,Multiturn,0.1353,0.2166,0.1347,0.2137,0.7093,0.0000,0.5028
NEB_Llama3370Instruct,bleu_3,FewShot,Multiturn_WithAnswer,0.1353,0.2166,0.3148,0.3752,0.0000,0.0000,0.3021
NEB_Llama3370Instruct,bleu_3,FewShot_WithAnswer,ZeroShot,0.3269,0.3859,0.1254,0.1839,0.0000,0.0000,0.7399
NEB_Llama3370Instruct,bleu_3,FewShot_WithAnswer,ZeroShot_WithAnswer,0.3269,0.3859,0.3067,0.3628,0.0009,0.0000,0.5214
NEB_Llama3370Instruct,bleu_3,FewShot_WithAnswer,FewShot,0.3269,0.3859,0.1353,0.2166,0.0000,0.0000,0.7028
NEB_Llama3370Instruct,bleu_3,FewShot_WithAnswer,FewShot_Reverse,0.3269,0.3859,0.1351,0.2137,0.0000,0.0000,0.7064
NEB_Llama3370Instruct,bleu_3,FewShot_WithAnswer,FewShot_MostSimMiddle,0.3269,0.3859,0.1350,0.2187,0.0000,0.0000,0.7012
NEB_Llama3370Instruct,bleu_3,FewShot_WithAnswer,FewShot_Reverse_WithAnswer,0.3269,0.3859,0.3240,0.3840,0.7964,0.0000,0.5026
NEB_Llama3370Instruct,bleu_3,FewShot_WithAnswer,Multiturn,0.3269,0.3859,0.1347,0.2137,0.0000,0.0000,0.7061
NEB_Llama3370Instruct,bleu_3,FewShot_WithAnswer,Multiturn_WithAnswer,0.3269,0.3859,0.3148,0.3752,0.1780,0.0000,0.5095
NEB_Llama3370Instruct,bleu_3,FewShot_Reverse,ZeroShot,0.1351,0.2137,0.1254,0.1839,0.0002,0.0000,0.5289
NEB_Llama3370Instruct,bleu_3,FewShot_Reverse,ZeroShot_WithAnswer,0.1351,0.2137,0.3067,0.3628,0.0000,0.0000,0.3085
NEB_Llama3370Instruct,bleu_3,FewShot_Reverse,FewShot,0.1351,0.2137,0.1353,0.2166,0.3540,0.0000,0.4954
NEB_Llama3370Instruct,bleu_3,FewShot_Reverse,FewShot_WithAnswer,0.1351,0.2137,0.3269,0.3859,0.0000,0.0000,0.2936
NEB_Llama3370Instruct,bleu_3,FewShot_Reverse,FewShot_MostSimMiddle,0.1351,0.2137,0.1350,0.2187,0.3657,0.0000,0.4950
NEB_Llama3370Instruct,bleu_3,FewShot_Reverse,FewShot_Reverse_WithAnswer,0.1351,0.2137,0.3240,0.3840,0.0000,0.0000,0.2975
NEB_Llama3370Instruct,bleu_3,FewShot_Reverse,Multiturn,0.1351,0.2137,0.1347,0.2137,0.7722,0.0000,0.4984
NEB_Llama3370Instruct,bleu_3,FewShot_Reverse,Multiturn_WithAnswer,0.1351,0.2137,0.3148,0.3752,0.0000,0.0000,0.2986
NEB_Llama3370Instruct,bleu_3,FewShot_MostSimMiddle,ZeroShot,0.1350,0.2187,0.1254,0.1839,0.0000,0.0000,0.5339
NEB_Llama3370Instruct,bleu_3,FewShot_MostSimMiddle,ZeroShot_WithAnswer,0.1350,0.2187,0.3067,0.3628,0.0000,0.0000,0.3138
NEB_Llama3370Instruct,bleu_3,FewShot_MostSimMiddle,FewShot,0.1350,0.2187,0.1353,0.2166,0.8362,0.0000,0.5003
NEB_Llama3370Instruct,bleu_3,FewShot_MostSimMiddle,FewShot_WithAnswer,0.1350,0.2187,0.3269,0.3859,0.0000,0.0000,0.2988
NEB_Llama3370Instruct,bleu_3,FewShot_MostSimMiddle,FewShot_Reverse,0.1350,0.2187,0.1351,0.2137,0.3657,0.0000,0.5050
NEB_Llama3370Instruct,bleu_3,FewShot_MostSimMiddle,FewShot_Reverse_WithAnswer,0.1350,0.2187,0.3240,0.3840,0.0000,0.0000,0.3025
NEB_Llama3370Instruct,bleu_3,FewShot_MostSimMiddle,Multiturn,0.1350,0.2187,0.1347,0.2137,0.4989,0.0000,0.5033
NEB_Llama3370Instruct,bleu_3,FewShot_MostSimMiddle,Multiturn_WithAnswer,0.1350,0.2187,0.3148,0.3752,0.0000,0.0000,0.3038
NEB_Llama3370Instruct,bleu_3,FewShot_Reverse_WithAnswer,ZeroShot,0.3240,0.3840,0.1254,0.1839,0.0000,0.0000,0.7361
NEB_Llama3370Instruct,bleu_3,FewShot_Reverse_WithAnswer,ZeroShot_WithAnswer,0.3240,0.3840,0.3067,0.3628,0.0039,0.0000,0.5185
NEB_Llama3370Instruct,bleu_3,FewShot_Reverse_WithAnswer,FewShot,0.3240,0.3840,0.1353,0.2166,0.0000,0.0000,0.6990
NEB_Llama3370Instruct,bleu_3,FewShot_Reverse_WithAnswer,FewShot_WithAnswer,0.3240,0.3840,0.3269,0.3859,0.7964,0.0000,0.4974
NEB_Llama3370Instruct,bleu_3,FewShot_Reverse_WithAnswer,FewShot_Reverse,0.3240,0.3840,0.1351,0.2137,0.0000,0.0000,0.7025
NEB_Llama3370Instruct,bleu_3,FewShot_Reverse_WithAnswer,FewShot_MostSimMiddle,0.3240,0.3840,0.1350,0.2187,0.0000,0.0000,0.6975
NEB_Llama3370Instruct,bleu_3,FewShot_Reverse_WithAnswer,Multiturn,0.3240,0.3840,0.1347,0.2137,0.0000,0.0000,0.7023
NEB_Llama3370Instruct,bleu_3,FewShot_Reverse_WithAnswer,Multiturn_WithAnswer,0.3240,0.3840,0.3148,0.3752,0.2244,0.0000,0.5067
NEB_Llama3370Instruct,bleu_3,Multiturn,ZeroShot,0.1347,0.2137,0.1254,0.1839,0.0000,0.0000,0.5309
NEB_Llama3370Instruct,bleu_3,Multiturn,ZeroShot_WithAnswer,0.1347,0.2137,0.3067,0.3628,0.0000,0.0000,0.3089
NEB_Llama3370Instruct,bleu_3,Multiturn,FewShot,0.1347,0.2137,0.1353,0.2166,0.7093,0.0000,0.4972
NEB_Llama3370Instruct,bleu_3,Multiturn,FewShot_WithAnswer,0.1347,0.2137,0.3269,0.3859,0.0000,0.0000,0.2939
NEB_Llama3370Instruct,bleu_3,Multiturn,FewShot_Reverse,0.1347,0.2137,0.1351,0.2137,0.7722,0.0000,0.5016
NEB_Llama3370Instruct,bleu_3,Multiturn,FewShot_MostSimMiddle,0.1347,0.2137,0.1350,0.2187,0.4989,0.0000,0.4967
NEB_Llama3370Instruct,bleu_3,Multiturn,FewShot_Reverse_WithAnswer,0.1347,0.2137,0.3240,0.3840,0.0000,0.0000,0.2977
NEB_Llama3370Instruct,bleu_3,Multiturn,Multiturn_WithAnswer,0.1347,0.2137,0.3148,0.3752,0.0000,0.0000,0.2990
NEB_Llama3370Instruct,bleu_3,Multiturn_WithAnswer,ZeroShot,0.3148,0.3752,0.1254,0.1839,0.0000,0.0000,0.7360
NEB_Llama3370Instruct,bleu_3,Multiturn_WithAnswer,ZeroShot_WithAnswer,0.3148,0.3752,0.3067,0.3628,0.0738,0.0000,0.5118
NEB_Llama3370Instruct,bleu_3,Multiturn_WithAnswer,FewShot,0.3148,0.3752,0.1353,0.2166,0.0000,0.0000,0.6979
NEB_Llama3370Instruct,bleu_3,Multiturn_WithAnswer,FewShot_WithAnswer,0.3148,0.3752,0.3269,0.3859,0.1780,0.0000,0.4905
NEB_Llama3370Instruct,bleu_3,Multiturn_WithAnswer,FewShot_Reverse,0.3148,0.3752,0.1351,0.2137,0.0000,0.0000,0.7014
NEB_Llama3370Instruct,bleu_3,Multiturn_WithAnswer,FewShot_MostSimMiddle,0.3148,0.3752,0.1350,0.2187,0.0000,0.0000,0.6962
NEB_Llama3370Instruct,bleu_3,Multiturn_WithAnswer,FewShot_Reverse_WithAnswer,0.3148,0.3752,0.3240,0.3840,0.2244,0.0000,0.4933
NEB_Llama3370Instruct,bleu_3,Multiturn_WithAnswer,Multiturn,0.3148,0.3752,0.1347,0.2137,0.0000,0.0000,0.7010
NEB_Llama3370Instruct,bleu_4,ZeroShot,ZeroShot_WithAnswer,0.1119,0.1620,0.2488,0.3304,0.0000,0.0000,0.2805
NEB_Llama3370Instruct,bleu_4,ZeroShot,FewShot,0.1119,0.1620,0.1174,0.1941,0.0000,0.0000,0.4673
NEB_Llama3370Instruct,bleu_4,ZeroShot,FewShot_WithAnswer,0.1119,0.1620,0.2714,0.3530,0.0000,0.0000,0.2657
NEB_Llama3370Instruct,bleu_4,ZeroShot,FewShot_Reverse,0.1119,0.1620,0.1175,0.1914,0.0001,0.0000,0.4711
NEB_Llama3370Instruct,bleu_4,ZeroShot,FewShot_MostSimMiddle,0.1119,0.1620,0.1173,0.1963,0.0000,0.0000,0.4675
NEB_Llama3370Instruct,bleu_4,ZeroShot,FewShot_Reverse_WithAnswer,0.1119,0.1620,0.2645,0.3512,0.0000,0.0000,0.2694
NEB_Llama3370Instruct,bleu_4,ZeroShot,Multiturn,0.1119,0.1620,0.1186,0.1918,0.0000,0.0000,0.4649
NEB_Llama3370Instruct,bleu_4,ZeroShot,Multiturn_WithAnswer,0.1119,0.1620,0.2541,0.3428,0.0000,0.0000,0.2697
NEB_Llama3370Instruct,bleu_4,ZeroShot_WithAnswer,ZeroShot,0.2488,0.3304,0.1119,0.1620,0.0000,0.0000,0.7195
NEB_Llama3370Instruct,bleu_4,ZeroShot_WithAnswer,FewShot,0.2488,0.3304,0.1174,0.1941,0.0000,0.0000,0.6817
NEB_Llama3370Instruct,bleu_4,ZeroShot_WithAnswer,FewShot_WithAnswer,0.2488,0.3304,0.2714,0.3530,0.0005,0.0000,0.4787
NEB_Llama3370Instruct,bleu_4,ZeroShot_WithAnswer,FewShot_Reverse,0.2488,0.3304,0.1175,0.1914,0.0000,0.0000,0.6847
NEB_Llama3370Instruct,bleu_4,ZeroShot_WithAnswer,FewShot_MostSimMiddle,0.2488,0.3304,0.1173,0.1963,0.0000,0.0000,0.6804
NEB_Llama3370Instruct,bleu_4,ZeroShot_WithAnswer,FewShot_Reverse_WithAnswer,0.2488,0.3304,0.2645,0.3512,0.0030,0.0000,0.4815
NEB_Llama3370Instruct,bleu_4,ZeroShot_WithAnswer,Multiturn,0.2488,0.3304,0.1186,0.1918,0.0000,0.0000,0.6824
NEB_Llama3370Instruct,bleu_4,ZeroShot_WithAnswer,Multiturn_WithAnswer,0.2488,0.3304,0.2541,0.3428,0.0587,0.0000,0.4881
NEB_Llama3370Instruct,bleu_4,FewShot,ZeroShot,0.1174,0.1941,0.1119,0.1620,0.0000,0.0000,0.5327
NEB_Llama3370Instruct,bleu_4,FewShot,ZeroShot_WithAnswer,0.1174,0.1941,0.2488,0.3304,0.0000,0.0000,0.3183
NEB_Llama3370Instruct,bleu_4,FewShot,FewShot_WithAnswer,0.1174,0.1941,0.2714,0.3530,0.0000,0.0000,0.3026
NEB_Llama3370Instruct,bleu_4,FewShot,FewShot_Reverse,0.1174,0.1941,0.1175,0.1914,0.3643,0.0000,0.5034
NEB_Llama3370Instruct,bleu_4,FewShot,FewShot_MostSimMiddle,0.1174,0.1941,0.1173,0.1963,0.6886,0.0000,0.4997
NEB_Llama3370Instruct,bleu_4,FewShot,FewShot_Reverse_WithAnswer,0.1174,0.1941,0.2645,0.3512,0.0000,0.0000,0.3060
NEB_Llama3370Instruct,bleu_4,FewShot,Multiturn,0.1174,0.1941,0.1186,0.1918,0.9266,0.0000,0.4979
NEB_Llama3370Instruct,bleu_4,FewShot,Multiturn_WithAnswer,0.1174,0.1941,0.2541,0.3428,0.0000,0.0000,0.3071
NEB_Llama3370Instruct,bleu_4,FewShot_WithAnswer,ZeroShot,0.2714,0.3530,0.1119,0.1620,0.0000,0.0000,0.7343
NEB_Llama3370Instruct,bleu_4,FewShot_WithAnswer,ZeroShot_WithAnswer,0.2714,0.3530,0.2488,0.3304,0.0005,0.0000,0.5213
NEB_Llama3370Instruct,bleu_4,FewShot_WithAnswer,FewShot,0.2714,0.3530,0.1174,0.1941,0.0000,0.0000,0.6974
NEB_Llama3370Instruct,bleu_4,FewShot_WithAnswer,FewShot_Reverse,0.2714,0.3530,0.1175,0.1914,0.0000,0.0000,0.7005
NEB_Llama3370Instruct,bleu_4,FewShot_WithAnswer,FewShot_MostSimMiddle,0.2714,0.3530,0.1173,0.1963,0.0000,0.0000,0.6961
NEB_Llama3370Instruct,bleu_4,FewShot_WithAnswer,FewShot_Reverse_WithAnswer,0.2714,0.3530,0.2645,0.3512,0.8140,0.0000,0.5025
NEB_Llama3370Instruct,bleu_4,FewShot_WithAnswer,Multiturn,0.2714,0.3530,0.1186,0.1918,0.0000,0.0000,0.6985
NEB_Llama3370Instruct,bleu_4,FewShot_WithAnswer,Multiturn_WithAnswer,0.2714,0.3530,0.2541,0.3428,0.2107,0.0000,0.5091
NEB_Llama3370Instruct,bleu_4,FewShot_Reverse,ZeroShot,0.1175,0.1914,0.1119,0.1620,0.0001,0.0000,0.5289
NEB_Llama3370Instruct,bleu_4,FewShot_Reverse,ZeroShot_WithAnswer,0.1175,0.1914,0.2488,0.3304,0.0000,0.0000,0.3153
NEB_Llama3370Instruct,bleu_4,FewShot_Reverse,FewShot,0.1175,0.1914,0.1174,0.1941,0.3643,0.0000,0.4966
NEB_Llama3370Instruct,bleu_4,FewShot_Reverse,FewShot_WithAnswer,0.1175,0.1914,0.2714,0.3530,0.0000,0.0000,0.2995
NEB_Llama3370Instruct,bleu_4,FewShot_Reverse,FewShot_MostSimMiddle,0.1175,0.1914,0.1173,0.1963,0.3677,0.0000,0.4964
NEB_Llama3370Instruct,bleu_4,FewShot_Reverse,FewShot_Reverse_WithAnswer,0.1175,0.1914,0.2645,0.3512,0.0000,0.0000,0.3029
NEB_Llama3370Instruct,bleu_4,FewShot_Reverse,Multiturn,0.1175,0.1914,0.1186,0.1918,0.5828,0.0000,0.4943
NEB_Llama3370Instruct,bleu_4,FewShot_Reverse,Multiturn_WithAnswer,0.1175,0.1914,0.2541,0.3428,0.0000,0.0000,0.3043
NEB_Llama3370Instruct,bleu_4,FewShot_MostSimMiddle,ZeroShot,0.1173,0.1963,0.1119,0.1620,0.0000,0.0000,0.5325
NEB_Llama3370Instruct,bleu_4,FewShot_MostSimMiddle,ZeroShot_WithAnswer,0.1173,0.1963,0.2488,0.3304,0.0000,0.0000,0.3196
NEB_Llama3370Instruct,bleu_4,FewShot_MostSimMiddle,FewShot,0.1173,0.1963,0.1174,0.1941,0.6886,0.0000,0.5003
NEB_Llama3370Instruct,bleu_4,FewShot_MostSimMiddle,FewShot_WithAnswer,0.1173,0.1963,0.2714,0.3530,0.0000,0.0000,0.3039
NEB_Llama3370Instruct,bleu_4,FewShot_MostSimMiddle,FewShot_Reverse,0.1173,0.1963,0.1175,0.1914,0.3677,0.0000,0.5036
NEB_Llama3370Instruct,bleu_4,FewShot_MostSimMiddle,FewShot_Reverse_WithAnswer,0.1173,0.1963,0.2645,0.3512,0.0000,0.0000,0.3074
NEB_Llama3370Instruct,bleu_4,FewShot_MostSimMiddle,Multiturn,0.1173,0.1963,0.1186,0.1918,0.6638,0.0000,0.4980
NEB_Llama3370Instruct,bleu_4,FewShot_MostSimMiddle,Multiturn_WithAnswer,0.1173,0.1963,0.2541,0.3428,0.0000,0.0000,0.3090
NEB_Llama3370Instruct,bleu_4,FewShot_Reverse_WithAnswer,ZeroShot,0.2645,0.3512,0.1119,0.1620,0.0000,0.0000,0.7306
NEB_Llama3370Instruct,bleu_4,FewShot_Reverse_WithAnswer,ZeroShot_WithAnswer,0.2645,0.3512,0.2488,0.3304,0.0030,0.0000,0.5185
NEB_Llama3370Instruct,bleu_4,FewShot_Reverse_WithAnswer,FewShot,0.2645,0.3512,0.1174,0.1941,0.0000,0.0000,0.6940
NEB_Llama3370Instruct,bleu_4,FewShot_Reverse_WithAnswer,FewShot_WithAnswer,0.2645,0.3512,0.2714,0.3530,0.8140,0.0000,0.4975
NEB_Llama3370Instruct,bleu_4,FewShot_Reverse_WithAnswer,FewShot_Reverse,0.2645,0.3512,0.1175,0.1914,0.0000,0.0000,0.6971
NEB_Llama3370Instruct,bleu_4,FewShot_Reverse_WithAnswer,FewShot_MostSimMiddle,0.2645,0.3512,0.1173,0.1963,0.0000,0.0000,0.6926
NEB_Llama3370Instruct,bleu_4,FewShot_Reverse_WithAnswer,Multiturn,0.2645,0.3512,0.1186,0.1918,0.0000,0.0000,0.6951
NEB_Llama3370Instruct,bleu_4,FewShot_Reverse_WithAnswer,Multiturn_WithAnswer,0.2645,0.3512,0.2541,0.3428,0.2567,0.0000,0.5063
NEB_Llama3370Instruct,bleu_4,Multiturn,ZeroShot,0.1186,0.1918,0.1119,0.1620,0.0000,0.0000,0.5351
NEB_Llama3370Instruct,bleu_4,Multiturn,ZeroShot_WithAnswer,0.1186,0.1918,0.2488,0.3304,0.0000,0.0000,0.3176
NEB_Llama3370Instruct,bleu_4,Multiturn,FewShot,0.1186,0.1918,0.1174,0.1941,0.9266,0.0000,0.5021
NEB_Llama3370Instruct,bleu_4,Multiturn,FewShot_WithAnswer,0.1186,0.1918,0.2714,0.3530,0.0000,0.0000,0.3015
NEB_Llama3370Instruct,bleu_4,Multiturn,FewShot_Reverse,0.1186,0.1918,0.1175,0.1914,0.5828,0.0000,0.5057
NEB_Llama3370Instruct,bleu_4,Multiturn,FewShot_MostSimMiddle,0.1186,0.1918,0.1173,0.1963,0.6638,0.0000,0.5020
NEB_Llama3370Instruct,bleu_4,Multiturn,FewShot_Reverse_WithAnswer,0.1186,0.1918,0.2645,0.3512,0.0000,0.0000,0.3049
NEB_Llama3370Instruct,bleu_4,Multiturn,Multiturn_WithAnswer,0.1186,0.1918,0.2541,0.3428,0.0000,0.0000,0.3064
NEB_Llama3370Instruct,bleu_4,Multiturn_WithAnswer,ZeroShot,0.2541,0.3428,0.1119,0.1620,0.0000,0.0000,0.7303
NEB_Llama3370Instruct,bleu_4,Multiturn_WithAnswer,ZeroShot_WithAnswer,0.2541,0.3428,0.2488,0.3304,0.0587,0.0000,0.5119
NEB_Llama3370Instruct,bleu_4,Multiturn_WithAnswer,FewShot,0.2541,0.3428,0.1174,0.1941,0.0000,0.0000,0.6929
NEB_Llama3370Instruct,bleu_4,Multiturn_WithAnswer,FewShot_WithAnswer,0.2541,0.3428,0.2714,0.3530,0.2107,0.0000,0.4909
NEB_Llama3370Instruct,bleu_4,Multiturn_WithAnswer,FewShot_Reverse,0.2541,0.3428,0.1175,0.1914,0.0000,0.0000,0.6957
NEB_Llama3370Instruct,bleu_4,Multiturn_WithAnswer,FewShot_MostSimMiddle,0.2541,0.3428,0.1173,0.1963,0.0000,0.0000,0.6910
NEB_Llama3370Instruct,bleu_4,Multiturn_WithAnswer,FewShot_Reverse_WithAnswer,0.2541,0.3428,0.2645,0.3512,0.2567,0.0000,0.4937
NEB_Llama3370Instruct,bleu_4,Multiturn_WithAnswer,Multiturn,0.2541,0.3428,0.1186,0.1918,0.0000,0.0000,0.6936
NEB_Llama3370Instruct,f1,ZeroShot,ZeroShot_WithAnswer,0.3158,0.3533,0.5714,0.5779,0.0000,0.0000,0.2422
NEB_Llama3370Instruct,f1,ZeroShot,FewShot,0.3158,0.3533,0.3333,0.3928,0.0000,0.0000,0.4582
NEB_Llama3370Instruct,f1,ZeroShot,FewShot_WithAnswer,0.3158,0.3533,0.6000,0.5964,0.0000,0.0000,0.2338
NEB_Llama3370Instruct,f1,ZeroShot,FewShot_Reverse,0.3158,0.3533,0.3333,0.3887,0.0000,0.0000,0.4645
NEB_Llama3370Instruct,f1,ZeroShot,FewShot_MostSimMiddle,0.3158,0.3533,0.3333,0.3964,0.0000,0.0000,0.4562
NEB_Llama3370Instruct,f1,ZeroShot,FewShot_Reverse_WithAnswer,0.3158,0.3533,0.6000,0.5946,0.0000,0.0000,0.2358
NEB_Llama3370Instruct,f1,ZeroShot,Multiturn,0.3158,0.3533,0.3333,0.3905,0.0000,0.0000,0.4604
NEB_Llama3370Instruct,f1,ZeroShot,Multiturn_WithAnswer,0.3158,0.3533,0.5882,0.5922,0.0000,0.0000,0.2320
NEB_Llama3370Instruct,f1,ZeroShot_WithAnswer,ZeroShot,0.5714,0.5779,0.3158,0.3533,0.0000,0.0000,0.7578
NEB_Llama3370Instruct,f1,ZeroShot_WithAnswer,FewShot,0.5714,0.5779,0.3333,0.3928,0.0000,0.0000,0.7114
NEB_Llama3370Instruct,f1,ZeroShot_WithAnswer,FewShot_WithAnswer,0.5714,0.5779,0.6000,0.5964,0.0007,0.0000,0.4778
NEB_Llama3370Instruct,f1,ZeroShot_WithAnswer,FewShot_Reverse,0.5714,0.5779,0.3333,0.3887,0.0000,0.0000,0.7155
NEB_Llama3370Instruct,f1,ZeroShot_WithAnswer,FewShot_MostSimMiddle,0.5714,0.5779,0.3333,0.3964,0.0000,0.0000,0.7063
NEB_Llama3370Instruct,f1,ZeroShot_WithAnswer,FewShot_Reverse_WithAnswer,0.5714,0.5779,0.6000,0.5946,0.0066,0.0000,0.4789
NEB_Llama3370Instruct,f1,ZeroShot_WithAnswer,Multiturn,0.5714,0.5779,0.3333,0.3905,0.0000,0.0000,0.7148
NEB_Llama3370Instruct,f1,ZeroShot_WithAnswer,Multiturn_WithAnswer,0.5714,0.5779,0.5882,0.5922,0.0062,0.0000,0.4831
NEB_Llama3370Instruct,f1,FewShot,ZeroShot,0.3333,0.3928,0.3158,0.3533,0.0000,0.0000,0.5418
NEB_Llama3370Instruct,f1,FewShot,ZeroShot_WithAnswer,0.3333,0.3928,0.5714,0.5779,0.0000,0.0000,0.2886
NEB_Llama3370Instruct,f1,FewShot,FewShot_WithAnswer,0.3333,0.3928,0.6000,0.5964,0.0000,0.0000,0.2779
NEB_Llama3370Instruct,f1,FewShot,FewShot_Reverse,0.3333,0.3928,0.3333,0.3887,0.8982,0.0000,0.5057
NEB_Llama3370Instruct,f1,FewShot,FewShot_MostSimMiddle,0.3333,0.3928,0.3333,0.3964,0.2537,0.0000,0.4974
NEB_Llama3370Instruct,f1,FewShot,FewShot_Reverse_WithAnswer,0.3333,0.3928,0.6000,0.5946,0.0000,0.0000,0.2797
NEB_Llama3370Instruct,f1,FewShot,Multiturn,0.3333,0.3928,0.3333,0.3905,0.9302,0.0000,0.5018
NEB_Llama3370Instruct,f1,FewShot,Multiturn_WithAnswer,0.3333,0.3928,0.5882,0.5922,0.0000,0.0000,0.2773
NEB_Llama3370Instruct,f1,FewShot_WithAnswer,ZeroShot,0.6000,0.5964,0.3158,0.3533,0.0000,0.0000,0.7662
NEB_Llama3370Instruct,f1,FewShot_WithAnswer,ZeroShot_WithAnswer,0.6000,0.5964,0.5714,0.5779,0.0007,0.0000,0.5222
NEB_Llama3370Instruct,f1,FewShot_WithAnswer,FewShot,0.6000,0.5964,0.3333,0.3928,0.0000,0.0000,0.7221
NEB_Llama3370Instruct,f1,FewShot_WithAnswer,FewShot_Reverse,0.6000,0.5964,0.3333,0.3887,0.0000,0.0000,0.7260
NEB_Llama3370Instruct,f1,FewShot_WithAnswer,FewShot_MostSimMiddle,0.6000,0.5964,0.3333,0.3964,0.0000,0.0000,0.7173
NEB_Llama3370Instruct,f1,FewShot_WithAnswer,FewShot_Reverse_WithAnswer,0.6000,0.5964,0.6000,0.5946,0.3829,0.0000,0.5015
NEB_Llama3370Instruct,f1,FewShot_WithAnswer,Multiturn,0.6000,0.5964,0.3333,0.3905,0.0000,0.0000,0.7252
NEB_Llama3370Instruct,f1,FewShot_WithAnswer,Multiturn_WithAnswer,0.6000,0.5964,0.5882,0.5922,0.3583,0.0000,0.5060
NEB_Llama3370Instruct,f1,FewShot_Reverse,ZeroShot,0.3333,0.3887,0.3158,0.3533,0.0000,0.0000,0.5355
NEB_Llama3370Instruct,f1,FewShot_Reverse,ZeroShot_WithAnswer,0.3333,0.3887,0.5714,0.5779,0.0000,0.0000,0.2845
NEB_Llama3370Instruct,f1,FewShot_Reverse,FewShot,0.3333,0.3887,0.3333,0.3928,0.8982,0.0000,0.4943
NEB_Llama3370Instruct,f1,FewShot_Reverse,FewShot_WithAnswer,0.3333,0.3887,0.6000,0.5964,0.0000,0.0000,0.2740
NEB_Llama3370Instruct,f1,FewShot_Reverse,FewShot_MostSimMiddle,0.3333,0.3887,0.3333,0.3964,0.3076,0.0000,0.4919
NEB_Llama3370Instruct,f1,FewShot_Reverse,FewShot_Reverse_WithAnswer,0.3333,0.3887,0.6000,0.5946,0.0000,0.0000,0.2758
NEB_Llama3370Instruct,f1,FewShot_Reverse,Multiturn,0.3333,0.3887,0.3333,0.3905,0.6530,0.0000,0.4965
NEB_Llama3370Instruct,f1,FewShot_Reverse,Multiturn_WithAnswer,0.3333,0.3887,0.5882,0.5922,0.0000,0.0000,0.2735
NEB_Llama3370Instruct,f1,FewShot_MostSimMiddle,ZeroShot,0.3333,0.3964,0.3158,0.3533,0.0000,0.0000,0.5438
NEB_Llama3370Instruct,f1,FewShot_MostSimMiddle,ZeroShot_WithAnswer,0.3333,0.3964,0.5714,0.5779,0.0000,0.0000,0.2937
NEB_Llama3370Instruct,f1,FewShot_MostSimMiddle,FewShot,0.3333,0.3964,0.3333,0.3928,0.2537,0.0000,0.5026
NEB_Llama3370Instruct,f1,FewShot_MostSimMiddle,FewShot_WithAnswer,0.3333,0.3964,0.6000,0.5964,0.0000,0.0000,0.2827
NEB_Llama3370Instruct,f1,FewShot_MostSimMiddle,FewShot_Reverse,0.3333,0.3964,0.3333,0.3887,0.3076,0.0000,0.5081
NEB_Llama3370Instruct,f1,FewShot_MostSimMiddle,FewShot_Reverse_WithAnswer,0.3333,0.3964,0.6000,0.5946,0.0000,0.0000,0.2845
NEB_Llama3370Instruct,f1,FewShot_MostSimMiddle,Multiturn,0.3333,0.3964,0.3333,0.3905,0.5727,0.0000,0.5042
NEB_Llama3370Instruct,f1,FewShot_MostSimMiddle,Multiturn_WithAnswer,0.3333,0.3964,0.5882,0.5922,0.0000,0.0000,0.2823
NEB_Llama3370Instruct,f1,FewShot_Reverse_WithAnswer,ZeroShot,0.6000,0.5946,0.3158,0.3533,0.0000,0.0000,0.7642
NEB_Llama3370Instruct,f1,FewShot_Reverse_WithAnswer,ZeroShot_WithAnswer,0.6000,0.5946,0.5714,0.5779,0.0066,0.0000,0.5211
NEB_Llama3370Instruct,f1,FewShot_Reverse_WithAnswer,FewShot,0.6000,0.5946,0.3333,0.3928,0.0000,0.0000,0.7203
NEB_Llama3370Instruct,f1,FewShot_Reverse_WithAnswer,FewShot_WithAnswer,0.6000,0.5946,0.6000,0.5964,0.3829,0.0000,0.4985
NEB_Llama3370Instruct,f1,FewShot_Reverse_WithAnswer,FewShot_Reverse,0.6000,0.5946,0.3333,0.3887,0.0000,0.0000,0.7242
NEB_Llama3370Instruct,f1,FewShot_Reverse_WithAnswer,FewShot_MostSimMiddle,0.6000,0.5946,0.3333,0.3964,0.0000,0.0000,0.7155
NEB_Llama3370Instruct,f1,FewShot_Reverse_WithAnswer,Multiturn,0.6000,0.5946,0.3333,0.3905,0.0000,0.0000,0.7233
NEB_Llama3370Instruct,f1,FewShot_Reverse_WithAnswer,Multiturn_WithAnswer,0.6000,0.5946,0.5882,0.5922,0.9435,0.0000,0.5043
NEB_Llama3370Instruct,f1,Multiturn,ZeroShot,0.3333,0.3905,0.3158,0.3533,0.0000,0.0000,0.5396
NEB_Llama3370Instruct,f1,Multiturn,ZeroShot_WithAnswer,0.3333,0.3905,0.5714,0.5779,0.0000,0.0000,0.2852
NEB_Llama3370Instruct,f1,Multiturn,FewShot,0.3333,0.3905,0.3333,0.3928,0.9302,0.0000,0.4982
NEB_Llama3370Instruct,f1,Multiturn,FewShot_WithAnswer,0.3333,0.3905,0.6000,0.5964,0.0000,0.0000,0.2748
NEB_Llama3370Instruct,f1,Multiturn,FewShot_Reverse,0.3333,0.3905,0.3333,0.3887,0.6530,0.0000,0.5035
NEB_Llama3370Instruct,f1,Multiturn,FewShot_MostSimMiddle,0.3333,0.3905,0.3333,0.3964,0.5727,0.0000,0.4958
NEB_Llama3370Instruct,f1,Multiturn,FewShot_Reverse_WithAnswer,0.3333,0.3905,0.6000,0.5946,0.0000,0.0000,0.2767
NEB_Llama3370Instruct,f1,Multiturn,Multiturn_WithAnswer,0.3333,0.3905,0.5882,0.5922,0.0000,0.0000,0.2739
NEB_Llama3370Instruct,f1,Multiturn_WithAnswer,ZeroShot,0.5882,0.5922,0.3158,0.3533,0.0000,0.0000,0.7680
NEB_Llama3370Instruct,f1,Multiturn_WithAnswer,ZeroShot_WithAnswer,0.5882,0.5922,0.5714,0.5779,0.0062,0.0000,0.5169
NEB_Llama3370Instruct,f1,Multiturn_WithAnswer,FewShot,0.5882,0.5922,0.3333,0.3928,0.0000,0.0000,0.7227
NEB_Llama3370Instruct,f1,Multiturn_WithAnswer,FewShot_WithAnswer,0.5882,0.5922,0.6000,0.5964,0.3583,0.0000,0.4940
NEB_Llama3370Instruct,f1,Multiturn_WithAnswer,FewShot_Reverse,0.5882,0.5922,0.3333,0.3887,0.0000,0.0000,0.7265
NEB_Llama3370Instruct,f1,Multiturn_WithAnswer,FewShot_MostSimMiddle,0.5882,0.5922,0.3333,0.3964,0.0000,0.0000,0.7177
NEB_Llama3370Instruct,f1,Multiturn_WithAnswer,FewShot_Reverse_WithAnswer,0.5882,0.5922,0.6000,0.5946,0.9435,0.0000,0.4957
NEB_Llama3370Instruct,f1,Multiturn_WithAnswer,Multiturn,0.5882,0.5922,0.3333,0.3905,0.0000,0.0000,0.7261
NEB_Llama3370Instruct,ppl_scores,ZeroShot,ZeroShot_WithAnswer,3.5858,6.0315,4.6785,8.2879,0.0000,0.0000,0.3938
NEB_Llama3370Instruct,ppl_scores,ZeroShot,FewShot,3.5858,6.0315,3.9239,6.8505,0.0000,0.0000,0.4559
NEB_Llama3370Instruct,ppl_scores,ZeroShot,FewShot_WithAnswer,3.5858,6.0315,4.8962,14.5367,0.0000,0.0000,0.3732
NEB_Llama3370Instruct,ppl_scores,ZeroShot,FewShot_Reverse,3.5858,6.0315,3.9758,7.1682,0.0000,0.0000,0.4564
NEB_Llama3370Instruct,ppl_scores,ZeroShot,FewShot_MostSimMiddle,3.5858,6.0315,4.1797,6.9140,0.0000,0.0000,0.4435
NEB_Llama3370Instruct,ppl_scores,ZeroShot,FewShot_Reverse_WithAnswer,3.5858,6.0315,4.7985,10.6693,0.0000,0.0000,0.3857
NEB_Llama3370Instruct,ppl_scores,ZeroShot,Multiturn,3.5858,6.0315,3.9623,6.6206,0.0001,0.0000,0.4662
NEB_Llama3370Instruct,ppl_scores,ZeroShot,Multiturn_WithAnswer,3.5858,6.0315,4.7616,9.1274,0.0000,0.0000,0.3871
NEB_Llama3370Instruct,ppl_scores,ZeroShot_WithAnswer,ZeroShot,4.6785,8.2879,3.5858,6.0315,0.0000,0.0000,0.6062
NEB_Llama3370Instruct,ppl_scores,ZeroShot_WithAnswer,FewShot,4.6785,8.2879,3.9239,6.8505,0.0000,0.0000,0.5610
NEB_Llama3370Instruct,ppl_scores,ZeroShot_WithAnswer,FewShot_WithAnswer,4.6785,8.2879,4.8962,14.5367,0.0057,0.0000,0.4789
NEB_Llama3370Instruct,ppl_scores,ZeroShot_WithAnswer,FewShot_Reverse,4.6785,8.2879,3.9758,7.1682,0.0000,0.0000,0.5618
NEB_Llama3370Instruct,ppl_scores,ZeroShot_WithAnswer,FewShot_MostSimMiddle,4.6785,8.2879,4.1797,6.9140,0.0001,0.0000,0.5496
NEB_Llama3370Instruct,ppl_scores,ZeroShot_WithAnswer,FewShot_Reverse_WithAnswer,4.6785,8.2879,4.7985,10.6693,0.6334,0.0000,0.4927
NEB_Llama3370Instruct,ppl_scores,ZeroShot_WithAnswer,Multiturn,4.6785,8.2879,3.9623,6.6206,0.0000,0.0000,0.5713
NEB_Llama3370Instruct,ppl_scores,ZeroShot_WithAnswer,Multiturn_WithAnswer,4.6785,8.2879,4.7616,9.1274,0.1753,0.0000,0.4925
NEB_Llama3370Instruct,ppl_scores,FewShot,ZeroShot,3.9239,6.8505,3.5858,6.0315,0.0000,0.0000,0.5441
NEB_Llama3370Instruct,ppl_scores,FewShot,ZeroShot_WithAnswer,3.9239,6.8505,4.6785,8.2879,0.0000,0.0000,0.4390
NEB_Llama3370Instruct,ppl_scores,FewShot,FewShot_WithAnswer,3.9239,6.8505,4.8962,14.5367,0.0000,0.0000,0.4179
NEB_Llama3370Instruct,ppl_scores,FewShot,FewShot_Reverse,3.9239,6.8505,3.9758,7.1682,0.7370,0.0000,0.5008
NEB_Llama3370Instruct,ppl_scores,FewShot,FewShot_MostSimMiddle,3.9239,6.8505,4.1797,6.9140,0.4257,0.0000,0.4883
NEB_Llama3370Instruct,ppl_scores,FewShot,FewShot_Reverse_WithAnswer,3.9239,6.8505,4.7985,10.6693,0.0000,0.0000,0.4313
NEB_Llama3370Instruct,ppl_scores,FewShot,Multiturn,3.9239,6.8505,3.9623,6.6206,0.1744,0.0000,0.5102
NEB_Llama3370Instruct,ppl_scores,FewShot,Multiturn_WithAnswer,3.9239,6.8505,4.7616,9.1274,0.0000,0.0000,0.4319
NEB_Llama3370Instruct,ppl_scores,FewShot_WithAnswer,ZeroShot,4.8962,14.5367,3.5858,6.0315,0.0000,0.0000,0.6268
NEB_Llama3370Instruct,ppl_scores,FewShot_WithAnswer,ZeroShot_WithAnswer,4.8962,14.5367,4.6785,8.2879,0.0057,0.0000,0.5211
NEB_Llama3370Instruct,ppl_scores,FewShot_WithAnswer,FewShot,4.8962,14.5367,3.9239,6.8505,0.0000,0.0000,0.5821
NEB_Llama3370Instruct,ppl_scores,FewShot_WithAnswer,FewShot_Reverse,4.8962,14.5367,3.9758,7.1682,0.0000,0.0000,0.5824
NEB_Llama3370Instruct,ppl_scores,FewShot_WithAnswer,FewShot_MostSimMiddle,4.8962,14.5367,4.1797,6.9140,0.0000,0.0000,0.5705
NEB_Llama3370Instruct,ppl_scores,FewShot_WithAnswer,FewShot_Reverse_WithAnswer,4.8962,14.5367,4.7985,10.6693,0.0163,0.0000,0.5143
NEB_Llama3370Instruct,ppl_scores,FewShot_WithAnswer,Multiturn,4.8962,14.5367,3.9623,6.6206,0.0000,0.0000,0.5918
NEB_Llama3370Instruct,ppl_scores,FewShot_WithAnswer,Multiturn_WithAnswer,4.8962,14.5367,4.7616,9.1274,0.0852,0.0000,0.5131
NEB_Llama3370Instruct,ppl_scores,FewShot_Reverse,ZeroShot,3.9758,7.1682,3.5858,6.0315,0.0000,0.0000,0.5436
NEB_Llama3370Instruct,ppl_scores,FewShot_Reverse,ZeroShot_WithAnswer,3.9758,7.1682,4.6785,8.2879,0.0000,0.0000,0.4382
NEB_Llama3370Instruct,ppl_scores,FewShot_Reverse,FewShot,3.9758,7.1682,3.9239,6.8505,0.7370,0.0000,0.4992
NEB_Llama3370Instruct,ppl_scores,FewShot_Reverse,FewShot_WithAnswer,3.9758,7.1682,4.8962,14.5367,0.0000,0.0000,0.4176
NEB_Llama3370Instruct,ppl_scores,FewShot_Reverse,FewShot_MostSimMiddle,3.9758,7.1682,4.1797,6.9140,0.2320,0.0000,0.4879
NEB_Llama3370Instruct,ppl_scores,FewShot_Reverse,FewShot_Reverse_WithAnswer,3.9758,7.1682,4.7985,10.6693,0.0000,0.0000,0.4304
NEB_Llama3370Instruct,ppl_scores,FewShot_Reverse,Multiturn,3.9758,7.1682,3.9623,6.6206,0.2286,0.0000,0.5093
NEB_Llama3370Instruct,ppl_scores,FewShot_Reverse,Multiturn_WithAnswer,3.9758,7.1682,4.7616,9.1274,0.0000,0.0000,0.4308
NEB_Llama3370Instruct,ppl_scores,FewShot_MostSimMiddle,ZeroShot,4.1797,6.9140,3.5858,6.0315,0.0000,0.0000,0.5565
NEB_Llama3370Instruct,ppl_scores,FewShot_MostSimMiddle,ZeroShot_WithAnswer,4.1797,6.9140,4.6785,8.2879,0.0001,0.0000,0.4504
NEB_Llama3370Instruct,ppl_scores,FewShot_MostSimMiddle,FewShot,4.1797,6.9140,3.9239,6.8505,0.4257,0.0000,0.5117
NEB_Llama3370Instruct,ppl_scores,FewShot_MostSimMiddle,FewShot_WithAnswer,4.1797,6.9140,4.8962,14.5367,0.0000,0.0000,0.4295
NEB_Llama3370Instruct,ppl_scores,FewShot_MostSimMiddle,FewShot_Reverse,4.1797,6.9140,3.9758,7.1682,0.2320,0.0000,0.5121
NEB_Llama3370Instruct,ppl_scores,FewShot_MostSimMiddle,FewShot_Reverse_WithAnswer,4.1797,6.9140,4.7985,10.6693,0.0000,0.0000,0.4426
NEB_Llama3370Instruct,ppl_scores,FewShot_MostSimMiddle,Multiturn,4.1797,6.9140,3.9623,6.6206,0.0521,0.0000,0.5217
NEB_Llama3370Instruct,ppl_scores,FewShot_MostSimMiddle,Multiturn_WithAnswer,4.1797,6.9140,4.7616,9.1274,0.0000,0.0000,0.4429
NEB_Llama3370Instruct,ppl_scores,FewShot_Reverse_WithAnswer,ZeroShot,4.7985,10.6693,3.5858,6.0315,0.0000,0.0000,0.6143
NEB_Llama3370Instruct,ppl_scores,FewShot_Reverse_WithAnswer,ZeroShot_WithAnswer,4.7985,10.6693,4.6785,8.2879,0.6334,0.0000,0.5073
NEB_Llama3370Instruct,ppl_scores,FewShot_Reverse_WithAnswer,FewShot,4.7985,10.6693,3.9239,6.8505,0.0000,0.0000,0.5687
NEB_Llama3370Instruct,ppl_scores,FewShot_Reverse_WithAnswer,FewShot_WithAnswer,4.7985,10.6693,4.8962,14.5367,0.0163,0.0000,0.4857
NEB_Llama3370Instruct,ppl_scores,FewShot_Reverse_WithAnswer,FewShot_Reverse,4.7985,10.6693,3.9758,7.1682,0.0000,0.0000,0.5696
NEB_Llama3370Instruct,ppl_scores,FewShot_Reverse_WithAnswer,FewShot_MostSimMiddle,4.7985,10.6693,4.1797,6.9140,0.0000,0.0000,0.5574
NEB_Llama3370Instruct,ppl_scores,FewShot_Reverse_WithAnswer,Multiturn,4.7985,10.6693,3.9623,6.6206,0.0000,0.0000,0.5788
NEB_Llama3370Instruct,ppl_scores,FewShot_Reverse_WithAnswer,Multiturn_WithAnswer,4.7985,10.6693,4.7616,9.1274,0.3874,0.0000,0.4993
NEB_Llama3370Instruct,ppl_scores,Multiturn,ZeroShot,3.9623,6.6206,3.5858,6.0315,0.0001,0.0000,0.5338
NEB_Llama3370Instruct,ppl_scores,Multiturn,ZeroShot_WithAnswer,3.9623,6.6206,4.6785,8.2879,0.0000,0.0000,0.4287
NEB_Llama3370Instruct,ppl_scores,Multiturn,FewShot,3.9623,6.6206,3.9239,6.8505,0.1744,0.0000,0.4898
NEB_Llama3370Instruct,ppl_scores,Multiturn,FewShot_WithAnswer,3.9623,6.6206,4.8962,14.5367,0.0000,0.0000,0.4082
NEB_Llama3370Instruct,ppl_scores,Multiturn,FewShot_Reverse,3.9623,6.6206,3.9758,7.1682,0.2286,0.0000,0.4907
NEB_Llama3370Instruct,ppl_scores,Multiturn,FewShot_MostSimMiddle,3.9623,6.6206,4.1797,6.9140,0.0521,0.0000,0.4783
NEB_Llama3370Instruct,ppl_scores,Multiturn,FewShot_Reverse_WithAnswer,3.9623,6.6206,4.7985,10.6693,0.0000,0.0000,0.4212
NEB_Llama3370Instruct,ppl_scores,Multiturn,Multiturn_WithAnswer,3.9623,6.6206,4.7616,9.1274,0.0000,0.0000,0.4218
NEB_Llama3370Instruct,ppl_scores,Multiturn_WithAnswer,ZeroShot,4.7616,9.1274,3.5858,6.0315,0.0000,0.0000,0.6129
NEB_Llama3370Instruct,ppl_scores,Multiturn_WithAnswer,ZeroShot_WithAnswer,4.7616,9.1274,4.6785,8.2879,0.1753,0.0000,0.5075
NEB_Llama3370Instruct,ppl_scores,Multiturn_WithAnswer,FewShot,4.7616,9.1274,3.9239,6.8505,0.0000,0.0000,0.5681
NEB_Llama3370Instruct,ppl_scores,Multiturn_WithAnswer,FewShot_WithAnswer,4.7616,9.1274,4.8962,14.5367,0.0852,0.0000,0.4869
NEB_Llama3370Instruct,ppl_scores,Multiturn_WithAnswer,FewShot_Reverse,4.7616,9.1274,3.9758,7.1682,0.0000,0.0000,0.5692
NEB_Llama3370Instruct,ppl_scores,Multiturn_WithAnswer,FewShot_MostSimMiddle,4.7616,9.1274,4.1797,6.9140,0.0000,0.0000,0.5571
NEB_Llama3370Instruct,ppl_scores,Multiturn_WithAnswer,FewShot_Reverse_WithAnswer,4.7616,9.1274,4.7985,10.6693,0.3874,0.0000,0.5007
NEB_Llama3370Instruct,ppl_scores,Multiturn_WithAnswer,Multiturn,4.7616,9.1274,3.9623,6.6206,0.0000,0.0000,0.5782
NEB_Llama3370Instruct,divs,ZeroShot,ZeroShot_WithAnswer,0.8462,0.8318,0.8571,0.8414,0.0000,0.0000,0.4355
NEB_Llama3370Instruct,divs,ZeroShot,FewShot,0.8462,0.8318,0.8462,0.8290,0.2972,0.0000,0.5023
NEB_Llama3370Instruct,divs,ZeroShot,FewShot_WithAnswer,0.8462,0.8318,0.8516,0.8396,0.0001,0.0000,0.4436
NEB_Llama3370Instruct,divs,ZeroShot,FewShot_Reverse,0.8462,0.8318,0.8462,0.8310,0.6754,0.0000,0.5001
NEB_Llama3370Instruct,divs,ZeroShot,FewShot_MostSimMiddle,0.8462,0.8318,0.8462,0.8301,0.5064,0.0000,0.4993
NEB_Llama3370Instruct,divs,ZeroShot,FewShot_Reverse_WithAnswer,0.8462,0.8318,0.8462,0.8388,0.0004,0.0000,0.4503
NEB_Llama3370Instruct,divs,ZeroShot,Multiturn,0.8462,0.8318,0.8333,0.8187,0.0000,0.0000,0.5577
NEB_Llama3370Instruct,divs,ZeroShot,Multiturn_WithAnswer,0.8462,0.8318,0.8462,0.8373,0.0113,0.0000,0.4582
NEB_Llama3370Instruct,divs,ZeroShot_WithAnswer,ZeroShot,0.8571,0.8414,0.8462,0.8318,0.0000,0.0000,0.5645
NEB_Llama3370Instruct,divs,ZeroShot_WithAnswer,FewShot,0.8571,0.8414,0.8462,0.8290,0.0000,0.0000,0.5634
NEB_Llama3370Instruct,divs,ZeroShot_WithAnswer,FewShot_WithAnswer,0.8571,0.8414,0.8516,0.8396,0.1414,0.0000,0.5060
NEB_Llama3370Instruct,divs,ZeroShot_WithAnswer,FewShot_Reverse,0.8571,0.8414,0.8462,0.8310,0.0000,0.0000,0.5595
NEB_Llama3370Instruct,divs,ZeroShot_WithAnswer,FewShot_MostSimMiddle,0.8571,0.8414,0.8462,0.8301,0.0000,0.0000,0.5585
NEB_Llama3370Instruct,divs,ZeroShot_WithAnswer,FewShot_Reverse_WithAnswer,0.8571,0.8414,0.8462,0.8388,0.0908,0.0000,0.5129
NEB_Llama3370Instruct,divs,ZeroShot_WithAnswer,Multiturn,0.8571,0.8414,0.8333,0.8187,0.0000,0.0000,0.6120
NEB_Llama3370Instruct,divs,ZeroShot_WithAnswer,Multiturn_WithAnswer,0.8571,0.8414,0.8462,0.8373,0.0038,0.0000,0.5215
NEB_Llama3370Instruct,divs,FewShot,ZeroShot,0.8462,0.8290,0.8462,0.8318,0.2972,0.0000,0.4977
NEB_Llama3370Instruct,divs,FewShot,ZeroShot_WithAnswer,0.8462,0.8290,0.8571,0.8414,0.0000,0.0000,0.4366
NEB_Llama3370Instruct,divs,FewShot,FewShot_WithAnswer,0.8462,0.8290,0.8516,0.8396,0.0000,0.0000,0.4442
NEB_Llama3370Instruct,divs,FewShot,FewShot_Reverse,0.8462,0.8290,0.8462,0.8310,0.5309,0.0000,0.4975
NEB_Llama3370Instruct,divs,FewShot,FewShot_MostSimMiddle,0.8462,0.8290,0.8462,0.8301,0.6955,0.0000,0.4971
NEB_Llama3370Instruct,divs,FewShot,FewShot_Reverse_WithAnswer,0.8462,0.8290,0.8462,0.8388,0.0000,0.0000,0.4505
NEB_Llama3370Instruct,divs,FewShot,Multiturn,0.8462,0.8290,0.8333,0.8187,0.0000,0.0000,0.5528
NEB_Llama3370Instruct,divs,FewShot,Multiturn_WithAnswer,0.8462,0.8290,0.8462,0.8373,0.0005,0.0000,0.4583
NEB_Llama3370Instruct,divs,FewShot_WithAnswer,ZeroShot,0.8516,0.8396,0.8462,0.8318,0.0001,0.0000,0.5564
NEB_Llama3370Instruct,divs,FewShot_WithAnswer,ZeroShot_WithAnswer,0.8516,0.8396,0.8571,0.8414,0.1414,0.0000,0.4940
NEB_Llama3370Instruct,divs,FewShot_WithAnswer,FewShot,0.8516,0.8396,0.8462,0.8290,0.0000,0.0000,0.5558
NEB_Llama3370Instruct,divs,FewShot_WithAnswer,FewShot_Reverse,0.8516,0.8396,0.8462,0.8310,0.0000,0.0000,0.5521
NEB_Llama3370Instruct,divs,FewShot_WithAnswer,FewShot_MostSimMiddle,0.8516,0.8396,0.8462,0.8301,0.0000,0.0000,0.5513
NEB_Llama3370Instruct,divs,FewShot_WithAnswer,FewShot_Reverse_WithAnswer,0.8516,0.8396,0.8462,0.8388,0.9129,0.0000,0.5069
NEB_Llama3370Instruct,divs,FewShot_WithAnswer,Multiturn,0.8516,0.8396,0.8333,0.8187,0.0000,0.0000,0.6042
NEB_Llama3370Instruct,divs,FewShot_WithAnswer,Multiturn_WithAnswer,0.8516,0.8396,0.8462,0.8373,0.1759,0.0000,0.5152
NEB_Llama3370Instruct,divs,FewShot_Reverse,ZeroShot,0.8462,0.8310,0.8462,0.8318,0.6754,0.0000,0.4999
NEB_Llama3370Instruct,divs,FewShot_Reverse,ZeroShot_WithAnswer,0.8462,0.8310,0.8571,0.8414,0.0000,0.0000,0.4405
NEB_Llama3370Instruct,divs,FewShot_Reverse,FewShot,0.8462,0.8310,0.8462,0.8290,0.5309,0.0000,0.5025
NEB_Llama3370Instruct,divs,FewShot_Reverse,FewShot_WithAnswer,0.8462,0.8310,0.8516,0.8396,0.0000,0.0000,0.4479
NEB_Llama3370Instruct,divs,FewShot_Reverse,FewShot_MostSimMiddle,0.8462,0.8310,0.8462,0.8301,0.7323,0.0000,0.4998
NEB_Llama3370Instruct,divs,FewShot_Reverse,FewShot_Reverse_WithAnswer,0.8462,0.8310,0.8462,0.8388,0.0001,0.0000,0.4541
NEB_Llama3370Instruct,divs,FewShot_Reverse,Multiturn,0.8462,0.8310,0.8333,0.8187,0.0000,0.0000,0.5548
NEB_Llama3370Instruct,divs,FewShot_Reverse,Multiturn_WithAnswer,0.8462,0.8310,0.8462,0.8373,0.0020,0.0000,0.4619
NEB_Llama3370Instruct,divs,FewShot_MostSimMiddle,ZeroShot,0.8462,0.8301,0.8462,0.8318,0.5064,0.0000,0.5007
NEB_Llama3370Instruct,divs,FewShot_MostSimMiddle,ZeroShot_WithAnswer,0.8462,0.8301,0.8571,0.8414,0.0000,0.0000,0.4415
NEB_Llama3370Instruct,divs,FewShot_MostSimMiddle,FewShot,0.8462,0.8301,0.8462,0.8290,0.6955,0.0000,0.5029
NEB_Llama3370Instruct,divs,FewShot_MostSimMiddle,FewShot_WithAnswer,0.8462,0.8301,0.8516,0.8396,0.0000,0.0000,0.4487
NEB_Llama3370Instruct,divs,FewShot_MostSimMiddle,FewShot_Reverse,0.8462,0.8301,0.8462,0.8310,0.7323,0.0000,0.5002
NEB_Llama3370Instruct,divs,FewShot_MostSimMiddle,FewShot_Reverse_WithAnswer,0.8462,0.8301,0.8462,0.8388,0.0001,0.0000,0.4548
NEB_Llama3370Instruct,divs,FewShot_MostSimMiddle,Multiturn,0.8462,0.8301,0.8333,0.8187,0.0000,0.0000,0.5544
NEB_Llama3370Instruct,divs,FewShot_MostSimMiddle,Multiturn_WithAnswer,0.8462,0.8301,0.8462,0.8373,0.0020,0.0000,0.4626
NEB_Llama3370Instruct,divs,FewShot_Reverse_WithAnswer,ZeroShot,0.8462,0.8388,0.8462,0.8318,0.0004,0.0000,0.5497
NEB_Llama3370Instruct,divs,FewShot_Reverse_WithAnswer,ZeroShot_WithAnswer,0.8462,0.8388,0.8571,0.8414,0.0908,0.0000,0.4871
NEB_Llama3370Instruct,divs,FewShot_Reverse_WithAnswer,FewShot,0.8462,0.8388,0.8462,0.8290,0.0000,0.0000,0.5495
NEB_Llama3370Instruct,divs,FewShot_Reverse_WithAnswer,FewShot_WithAnswer,0.8462,0.8388,0.8516,0.8396,0.9129,0.0000,0.4931
NEB_Llama3370Instruct,divs,FewShot_Reverse_WithAnswer,FewShot_Reverse,0.8462,0.8388,0.8462,0.8310,0.0001,0.0000,0.5459
NEB_Llama3370Instruct,divs,FewShot_Reverse_WithAnswer,FewShot_MostSimMiddle,0.8462,0.8388,0.8462,0.8301,0.0001,0.0000,0.5452
NEB_Llama3370Instruct,divs,FewShot_Reverse_WithAnswer,Multiturn,0.8462,0.8388,0.8333,0.8187,0.0000,0.0000,0.5989
NEB_Llama3370Instruct,divs,FewShot_Reverse_WithAnswer,Multiturn_WithAnswer,0.8462,0.8388,0.8462,0.8373,0.2910,0.0000,0.5085
NEB_Llama3370Instruct,divs,Multiturn,ZeroShot,0.8333,0.8187,0.8462,0.8318,0.0000,0.0000,0.4423
NEB_Llama3370Instruct,divs,Multiturn,ZeroShot_WithAnswer,0.8333,0.8187,0.8571,0.8414,0.0000,0.0000,0.3880
NEB_Llama3370Instruct,divs,Multiturn,FewShot,0.8333,0.8187,0.8462,0.8290,0.0000,0.0000,0.4472
NEB_Llama3370Instruct,divs,Multiturn,FewShot_WithAnswer,0.8333,0.8187,0.8516,0.8396,0.0000,0.0000,0.3958
NEB_Llama3370Instruct,divs,Multiturn,FewShot_Reverse,0.8333,0.8187,0.8462,0.8310,0.0000,0.0000,0.4452
NEB_Llama3370Instruct,divs,Multiturn,FewShot_MostSimMiddle,0.8333,0.8187,0.8462,0.8301,0.0000,0.0000,0.4456
NEB_Llama3370Instruct,divs,Multiturn,FewShot_Reverse_WithAnswer,0.8333,0.8187,0.8462,0.8388,0.0000,0.0000,0.4011
NEB_Llama3370Instruct,divs,Multiturn,Multiturn_WithAnswer,0.8333,0.8187,0.8462,0.8373,0.0000,0.0000,0.4083
NEB_Llama3370Instruct,divs,Multiturn_WithAnswer,ZeroShot,0.8462,0.8373,0.8462,0.8318,0.0113,0.0000,0.5418
NEB_Llama3370Instruct,divs,Multiturn_WithAnswer,ZeroShot_WithAnswer,0.8462,0.8373,0.8571,0.8414,0.0038,0.0000,0.4785
NEB_Llama3370Instruct,divs,Multiturn_WithAnswer,FewShot,0.8462,0.8373,0.8462,0.8290,0.0005,0.0000,0.5417
NEB_Llama3370Instruct,divs,Multiturn_WithAnswer,FewShot_WithAnswer,0.8462,0.8373,0.8516,0.8396,0.1759,0.0000,0.4848
NEB_Llama3370Instruct,divs,Multiturn_WithAnswer,FewShot_Reverse,0.8462,0.8373,0.8462,0.8310,0.0020,0.0000,0.5381
NEB_Llama3370Instruct,divs,Multiturn_WithAnswer,FewShot_MostSimMiddle,0.8462,0.8373,0.8462,0.8301,0.0020,0.0000,0.5374
NEB_Llama3370Instruct,divs,Multiturn_WithAnswer,FewShot_Reverse_WithAnswer,0.8462,0.8373,0.8462,0.8388,0.2910,0.0000,0.4915
NEB_Llama3370Instruct,divs,Multiturn_WithAnswer,Multiturn,0.8462,0.8373,0.8333,0.8187,0.0000,0.0000,0.5917
NEB_Llama3370Instruct,bert_score,ZeroShot,ZeroShot_WithAnswer,0.5965,0.6160,0.7391,0.7378,0.0000,0.0000,0.2506
NEB_Llama3370Instruct,bert_score,ZeroShot,FewShot,0.5965,0.6160,0.6111,0.6385,0.0000,0.0000,0.4537
NEB_Llama3370Instruct,bert_score,ZeroShot,FewShot_WithAnswer,0.5965,0.6160,0.7460,0.7463,0.0000,0.0000,0.2418
NEB_Llama3370Instruct,bert_score,ZeroShot,FewShot_Reverse,0.5965,0.6160,0.6099,0.6367,0.0000,0.0000,0.4579
NEB_Llama3370Instruct,bert_score,ZeroShot,FewShot_MostSimMiddle,0.5965,0.6160,0.6177,0.6385,0.0000,0.0000,0.4554
NEB_Llama3370Instruct,bert_score,ZeroShot,FewShot_Reverse_WithAnswer,0.5965,0.6160,0.7466,0.7457,0.0000,0.0000,0.2429
NEB_Llama3370Instruct,bert_score,ZeroShot,Multiturn,0.5965,0.6160,0.6122,0.6376,0.0000,0.0000,0.4557
NEB_Llama3370Instruct,bert_score,ZeroShot,Multiturn_WithAnswer,0.5965,0.6160,0.7445,0.7446,0.0000,0.0000,0.2388
NEB_Llama3370Instruct,bert_score,ZeroShot_WithAnswer,ZeroShot,0.7391,0.7378,0.5965,0.6160,0.0000,0.0000,0.7494
NEB_Llama3370Instruct,bert_score,ZeroShot_WithAnswer,FewShot,0.7391,0.7378,0.6111,0.6385,0.0000,0.0000,0.7036
NEB_Llama3370Instruct,bert_score,ZeroShot_WithAnswer,FewShot_WithAnswer,0.7391,0.7378,0.7460,0.7463,0.0043,0.0000,0.4842
NEB_Llama3370Instruct,bert_score,ZeroShot_WithAnswer,FewShot_Reverse,0.7391,0.7378,0.6099,0.6367,0.0000,0.0000,0.7068
NEB_Llama3370Instruct,bert_score,ZeroShot_WithAnswer,FewShot_MostSimMiddle,0.7391,0.7378,0.6177,0.6385,0.0000,0.0000,0.7027
NEB_Llama3370Instruct,bert_score,ZeroShot_WithAnswer,FewShot_Reverse_WithAnswer,0.7391,0.7378,0.7466,0.7457,0.0306,0.0000,0.4849
NEB_Llama3370Instruct,bert_score,ZeroShot_WithAnswer,Multiturn,0.7391,0.7378,0.6122,0.6376,0.0000,0.0000,0.7054
NEB_Llama3370Instruct,bert_score,ZeroShot_WithAnswer,Multiturn_WithAnswer,0.7391,0.7378,0.7445,0.7446,0.0039,0.0000,0.4882
NEB_Llama3370Instruct,bert_score,FewShot,ZeroShot,0.6111,0.6385,0.5965,0.6160,0.0000,0.0000,0.5463
NEB_Llama3370Instruct,bert_score,FewShot,ZeroShot_WithAnswer,0.6111,0.6385,0.7391,0.7378,0.0000,0.0000,0.2964
NEB_Llama3370Instruct,bert_score,FewShot,FewShot_WithAnswer,0.6111,0.6385,0.7460,0.7463,0.0000,0.0000,0.2862
NEB_Llama3370Instruct,bert_score,FewShot,FewShot_Reverse,0.6111,0.6385,0.6099,0.6367,0.9688,0.0000,0.5042
NEB_Llama3370Instruct,bert_score,FewShot,FewShot_MostSimMiddle,0.6111,0.6385,0.6177,0.6385,0.9825,0.0000,0.5014
NEB_Llama3370Instruct,bert_score,FewShot,FewShot_Reverse_WithAnswer,0.6111,0.6385,0.7466,0.7457,0.0000,0.0000,0.2875
NEB_Llama3370Instruct,bert_score,FewShot,Multiturn,0.6111,0.6385,0.6122,0.6376,0.9329,0.0000,0.5021
NEB_Llama3370Instruct,bert_score,FewShot,Multiturn_WithAnswer,0.6111,0.6385,0.7445,0.7446,0.0000,0.0000,0.2844
NEB_Llama3370Instruct,bert_score,FewShot_WithAnswer,ZeroShot,0.7460,0.7463,0.5965,0.6160,0.0000,0.0000,0.7582
NEB_Llama3370Instruct,bert_score,FewShot_WithAnswer,ZeroShot_WithAnswer,0.7460,0.7463,0.7391,0.7378,0.0043,0.0000,0.5158
NEB_Llama3370Instruct,bert_score,FewShot_WithAnswer,FewShot,0.7460,0.7463,0.6111,0.6385,0.0000,0.0000,0.7138
NEB_Llama3370Instruct,bert_score,FewShot_WithAnswer,FewShot_Reverse,0.7460,0.7463,0.6099,0.6367,0.0000,0.0000,0.7168
NEB_Llama3370Instruct,bert_score,FewShot_WithAnswer,FewShot_MostSimMiddle,0.7460,0.7463,0.6177,0.6385,0.0000,0.0000,0.7128
NEB_Llama3370Instruct,bert_score,FewShot_WithAnswer,FewShot_Reverse_WithAnswer,0.7460,0.7463,0.7466,0.7457,0.6025,0.0000,0.5009
NEB_Llama3370Instruct,bert_score,FewShot_WithAnswer,Multiturn,0.7460,0.7463,0.6122,0.6376,0.0000,0.0000,0.7155
NEB_Llama3370Instruct,bert_score,FewShot_WithAnswer,Multiturn_WithAnswer,0.7460,0.7463,0.7445,0.7446,0.8511,0.0000,0.5037
NEB_Llama3370Instruct,bert_score,FewShot_Reverse,ZeroShot,0.6099,0.6367,0.5965,0.6160,0.0000,0.0000,0.5421
NEB_Llama3370Instruct,bert_score,FewShot_Reverse,ZeroShot_WithAnswer,0.6099,0.6367,0.7391,0.7378,0.0000,0.0000,0.2932
NEB_Llama3370Instruct,bert_score,FewShot_Reverse,FewShot,0.6099,0.6367,0.6111,0.6385,0.9688,0.0000,0.4958
NEB_Llama3370Instruct,bert_score,FewShot_Reverse,FewShot_WithAnswer,0.6099,0.6367,0.7460,0.7463,0.0000,0.0000,0.2832
NEB_Llama3370Instruct,bert_score,FewShot_Reverse,FewShot_MostSimMiddle,0.6099,0.6367,0.6177,0.6385,0.8931,0.0000,0.4978
NEB_Llama3370Instruct,bert_score,FewShot_Reverse,FewShot_Reverse_WithAnswer,0.6099,0.6367,0.7466,0.7457,0.0000,0.0000,0.2847
NEB_Llama3370Instruct,bert_score,FewShot_Reverse,Multiturn,0.6099,0.6367,0.6122,0.6376,0.9759,0.0000,0.4978
NEB_Llama3370Instruct,bert_score,FewShot_Reverse,Multiturn_WithAnswer,0.6099,0.6367,0.7445,0.7446,0.0000,0.0000,0.2811
NEB_Llama3370Instruct,bert_score,FewShot_MostSimMiddle,ZeroShot,0.6177,0.6385,0.5965,0.6160,0.0000,0.0000,0.5446
NEB_Llama3370Instruct,bert_score,FewShot_MostSimMiddle,ZeroShot_WithAnswer,0.6177,0.6385,0.7391,0.7378,0.0000,0.0000,0.2973
NEB_Llama3370Instruct,bert_score,FewShot_MostSimMiddle,FewShot,0.6177,0.6385,0.6111,0.6385,0.9825,0.0000,0.4986
NEB_Llama3370Instruct,bert_score,FewShot_MostSimMiddle,FewShot_WithAnswer,0.6177,0.6385,0.7460,0.7463,0.0000,0.0000,0.2872
NEB_Llama3370Instruct,bert_score,FewShot_MostSimMiddle,FewShot_Reverse,0.6177,0.6385,0.6099,0.6367,0.8931,0.0000,0.5022
NEB_Llama3370Instruct,bert_score,FewShot_MostSimMiddle,FewShot_Reverse_WithAnswer,0.6177,0.6385,0.7466,0.7457,0.0000,0.0000,0.2886
NEB_Llama3370Instruct,bert_score,FewShot_MostSimMiddle,Multiturn,0.6177,0.6385,0.6122,0.6376,0.8427,0.0000,0.5003
NEB_Llama3370Instruct,bert_score,FewShot_MostSimMiddle,Multiturn_WithAnswer,0.6177,0.6385,0.7445,0.7446,0.0000,0.0000,0.2855
NEB_Llama3370Instruct,bert_score,FewShot_Reverse_WithAnswer,ZeroShot,0.7466,0.7457,0.5965,0.6160,0.0000,0.0000,0.7571
NEB_Llama3370Instruct,bert_score,FewShot_Reverse_WithAnswer,ZeroShot_WithAnswer,0.7466,0.7457,0.7391,0.7378,0.0306,0.0000,0.5151
NEB_Llama3370Instruct,bert_score,FewShot_Reverse_WithAnswer,FewShot,0.7466,0.7457,0.6111,0.6385,0.0000,0.0000,0.7125
NEB_Llama3370Instruct,bert_score,FewShot_Reverse_WithAnswer,FewShot_WithAnswer,0.7466,0.7457,0.7460,0.7463,0.6025,0.0000,0.4991
NEB_Llama3370Instruct,bert_score,FewShot_Reverse_WithAnswer,FewShot_Reverse,0.7466,0.7457,0.6099,0.6367,0.0000,0.0000,0.7153
NEB_Llama3370Instruct,bert_score,FewShot_Reverse_WithAnswer,FewShot_MostSimMiddle,0.7466,0.7457,0.6177,0.6385,0.0000,0.0000,0.7114
NEB_Llama3370Instruct,bert_score,FewShot_Reverse_WithAnswer,Multiturn,0.7466,0.7457,0.6122,0.6376,0.0000,0.0000,0.7143
NEB_Llama3370Instruct,bert_score,FewShot_Reverse_WithAnswer,Multiturn_WithAnswer,0.7466,0.7457,0.7445,0.7446,0.8405,0.0000,0.5027
NEB_Llama3370Instruct,bert_score,Multiturn,ZeroShot,0.6122,0.6376,0.5965,0.6160,0.0000,0.0000,0.5443
NEB_Llama3370Instruct,bert_score,Multiturn,ZeroShot_WithAnswer,0.6122,0.6376,0.7391,0.7378,0.0000,0.0000,0.2946
NEB_Llama3370Instruct,bert_score,Multiturn,FewShot,0.6122,0.6376,0.6111,0.6385,0.9329,0.0000,0.4979
NEB_Llama3370Instruct,bert_score,Multiturn,FewShot_WithAnswer,0.6122,0.6376,0.7460,0.7463,0.0000,0.0000,0.2845
NEB_Llama3370Instruct,bert_score,Multiturn,FewShot_Reverse,0.6122,0.6376,0.6099,0.6367,0.9759,0.0000,0.5022
NEB_Llama3370Instruct,bert_score,Multiturn,FewShot_MostSimMiddle,0.6122,0.6376,0.6177,0.6385,0.8427,0.0000,0.4997
NEB_Llama3370Instruct,bert_score,Multiturn,FewShot_Reverse_WithAnswer,0.6122,0.6376,0.7466,0.7457,0.0000,0.0000,0.2857
NEB_Llama3370Instruct,bert_score,Multiturn,Multiturn_WithAnswer,0.6122,0.6376,0.7445,0.7446,0.0000,0.0000,0.2828
NEB_Llama3370Instruct,bert_score,Multiturn_WithAnswer,ZeroShot,0.7445,0.7446,0.5965,0.6160,0.0000,0.0000,0.7612
NEB_Llama3370Instruct,bert_score,Multiturn_WithAnswer,ZeroShot_WithAnswer,0.7445,0.7446,0.7391,0.7378,0.0039,0.0000,0.5118
NEB_Llama3370Instruct,bert_score,Multiturn_WithAnswer,FewShot,0.7445,0.7446,0.6111,0.6385,0.0000,0.0000,0.7156
NEB_Llama3370Instruct,bert_score,Multiturn_WithAnswer,FewShot_WithAnswer,0.7445,0.7446,0.7460,0.7463,0.8511,0.0000,0.4963
NEB_Llama3370Instruct,bert_score,Multiturn_WithAnswer,FewShot_Reverse,0.7445,0.7446,0.6099,0.6367,0.0000,0.0000,0.7189
NEB_Llama3370Instruct,bert_score,Multiturn_WithAnswer,FewShot_MostSimMiddle,0.7445,0.7446,0.6177,0.6385,0.0000,0.0000,0.7145
NEB_Llama3370Instruct,bert_score,Multiturn_WithAnswer,FewShot_Reverse_WithAnswer,0.7445,0.7446,0.7466,0.7457,0.8405,0.0000,0.4973
NEB_Llama3370Instruct,bert_score,Multiturn_WithAnswer,Multiturn,0.7445,0.7446,0.6122,0.6376,0.0000,0.0000,0.7172
NEB_Qwen3235BInstruct,bleu_1,ZeroShot,ZeroShot_WithAnswer,0.1739,0.1915,0.2857,0.3104,0.0000,0.0000,0.2528
NEB_Qwen3235BInstruct,bleu_1,ZeroShot,FewShot,0.1739,0.1915,0.2046,0.2408,0.0000,0.0000,0.4050
NEB_Qwen3235BInstruct,bleu_1,ZeroShot,FewShot_WithAnswer,0.1739,0.1915,0.3449,0.3798,0.0000,0.0000,0.1955
NEB_Qwen3235BInstruct,bleu_1,ZeroShot,FewShot_Reverse,0.1739,0.1915,0.2082,0.2418,0.0000,0.0000,0.4003
NEB_Qwen3235BInstruct,bleu_1,ZeroShot,FewShot_MostSimMiddle,0.1739,0.1915,0.2132,0.2464,0.0000,0.0000,0.3916
NEB_Qwen3235BInstruct,bleu_1,ZeroShot,FewShot_Reverse_WithAnswer,0.1739,0.1915,0.3478,0.3849,0.0000,0.0000,0.1869
NEB_Qwen3235BInstruct,bleu_1,ZeroShot,Multiturn,0.1739,0.1917,0.1852,0.2048,0.0000,0.0000,0.4686
NEB_Qwen3235BInstruct,bleu_1,ZeroShot,Multiturn_WithAnswer,0.1739,0.1915,0.2953,0.3281,0.0000,0.0000,0.2358
NEB_Qwen3235BInstruct,bleu_1,ZeroShot_WithAnswer,ZeroShot,0.2857,0.3104,0.1739,0.1915,0.0000,0.0000,0.7472
NEB_Qwen3235BInstruct,bleu_1,ZeroShot_WithAnswer,FewShot,0.2857,0.3104,0.2046,0.2408,0.0000,0.0000,0.6528
NEB_Qwen3235BInstruct,bleu_1,ZeroShot_WithAnswer,FewShot_WithAnswer,0.2857,0.3104,0.3449,0.3798,0.0000,0.0000,0.4053
NEB_Qwen3235BInstruct,bleu_1,ZeroShot_WithAnswer,FewShot_Reverse,0.2857,0.3104,0.2082,0.2418,0.0000,0.0000,0.6497
NEB_Qwen3235BInstruct,bleu_1,ZeroShot_WithAnswer,FewShot_MostSimMiddle,0.2857,0.3104,0.2132,0.2464,0.0000,0.0000,0.6386
NEB_Qwen3235BInstruct,bleu_1,ZeroShot_WithAnswer,FewShot_Reverse_WithAnswer,0.2857,0.3104,0.3478,0.3849,0.0000,0.0000,0.3961
NEB_Qwen3235BInstruct,bleu_1,ZeroShot_WithAnswer,Multiturn,0.2857,0.3104,0.1852,0.2048,0.0000,0.0000,0.7203
NEB_Qwen3235BInstruct,bleu_1,ZeroShot_WithAnswer,Multiturn_WithAnswer,0.2857,0.3104,0.2953,0.3281,0.0001,0.0000,0.4774
NEB_Qwen3235BInstruct,bleu_1,FewShot,ZeroShot,0.2046,0.2408,0.1739,0.1915,0.0000,0.0000,0.5950
NEB_Qwen3235BInstruct,bleu_1,FewShot,ZeroShot_WithAnswer,0.2046,0.2408,0.2857,0.3104,0.0000,0.0000,0.3472
NEB_Qwen3235BInstruct,bleu_1,FewShot,FewShot_WithAnswer,0.2046,0.2408,0.3449,0.3798,0.0000,0.0000,0.2776
NEB_Qwen3235BInstruct,bleu_1,FewShot,FewShot_Reverse,0.2046,0.2408,0.2082,0.2418,0.7242,0.0000,0.4956
NEB_Qwen3235BInstruct,bleu_1,FewShot,FewShot_MostSimMiddle,0.2046,0.2408,0.2132,0.2464,0.2088,0.0000,0.4867
NEB_Qwen3235BInstruct,bleu_1,FewShot,FewShot_Reverse_WithAnswer,0.2046,0.2408,0.3478,0.3849,0.0000,0.0000,0.2684
NEB_Qwen3235BInstruct,bleu_1,FewShot,Multiturn,0.2046,0.2410,0.1852,0.2048,0.0000,0.0000,0.5653
NEB_Qwen3235BInstruct,bleu_1,FewShot,Multiturn_WithAnswer,0.2046,0.2408,0.2953,0.3281,0.0000,0.0000,0.3286
NEB_Qwen3235BInstruct,bleu_1,FewShot_WithAnswer,ZeroShot,0.3449,0.3798,0.1739,0.1915,0.0000,0.0000,0.8045
NEB_Qwen3235BInstruct,bleu_1,FewShot_WithAnswer,ZeroShot_WithAnswer,0.3449,0.3798,0.2857,0.3104,0.0000,0.0000,0.5947
NEB_Qwen3235BInstruct,bleu_1,FewShot_WithAnswer,FewShot,0.3449,0.3798,0.2046,0.2408,0.0000,0.0000,0.7224
NEB_Qwen3235BInstruct,bleu_1,FewShot_WithAnswer,FewShot_Reverse,0.3449,0.3798,0.2082,0.2418,0.0000,0.0000,0.7205
NEB_Qwen3235BInstruct,bleu_1,FewShot_WithAnswer,FewShot_MostSimMiddle,0.3449,0.3798,0.2132,0.2464,0.0000,0.0000,0.7113
NEB_Qwen3235BInstruct,bleu_1,FewShot_WithAnswer,FewShot_Reverse_WithAnswer,0.3449,0.3798,0.3478,0.3849,0.0664,0.0000,0.4915
NEB_Qwen3235BInstruct,bleu_1,FewShot_WithAnswer,Multiturn,0.3450,0.3798,0.1852,0.2048,0.0000,0.0000,0.7819
NEB_Qwen3235BInstruct,bleu_1,FewShot_WithAnswer,Multiturn_WithAnswer,0.3449,0.3798,0.2953,0.3281,0.0000,0.0000,0.5721
NEB_Qwen3235BInstruct,bleu_1,FewShot_Reverse,ZeroShot,0.2082,0.2418,0.1739,0.1915,0.0000,0.0000,0.5997
NEB_Qwen3235BInstruct,bleu_1,FewShot_Reverse,ZeroShot_WithAnswer,0.2082,0.2418,0.2857,0.3104,0.0000,0.0000,0.3503
NEB_Qwen3235BInstruct,bleu_1,FewShot_Reverse,FewShot,0.2082,0.2418,0.2046,0.2408,0.7242,0.0000,0.5044
NEB_Qwen3235BInstruct,bleu_1,FewShot_Reverse,FewShot_WithAnswer,0.2082,0.2418,0.3449,0.3798,0.0000,0.0000,0.2795
NEB_Qwen3235BInstruct,bleu_1,FewShot_Reverse,FewShot_MostSimMiddle,0.2082,0.2418,0.2132,0.2464,0.1469,0.0000,0.4904
NEB_Qwen3235BInstruct,bleu_1,FewShot_Reverse,FewShot_Reverse_WithAnswer,0.2082,0.2418,0.3478,0.3849,0.0000,0.0000,0.2704
NEB_Qwen3235BInstruct,bleu_1,FewShot_Reverse,Multiturn,0.2083,0.2420,0.1852,0.2048,0.0000,0.0000,0.5697
NEB_Qwen3235BInstruct,bleu_1,FewShot_Reverse,Multiturn_WithAnswer,0.2082,0.2418,0.2953,0.3281,0.0000,0.0000,0.3316
NEB_Qwen3235BInstruct,bleu_1,FewShot_MostSimMiddle,ZeroShot,0.2132,0.2464,0.1739,0.1915,0.0000,0.0000,0.6084
NEB_Qwen3235BInstruct,bleu_1,FewShot_MostSimMiddle,ZeroShot_WithAnswer,0.2132,0.2464,0.2857,0.3104,0.0000,0.0000,0.3614
NEB_Qwen3235BInstruct,bleu_1,FewShot_MostSimMiddle,FewShot,0.2132,0.2464,0.2046,0.2408,0.2088,0.0000,0.5133
NEB_Qwen3235BInstruct,bleu_1,FewShot_MostSimMiddle,FewShot_WithAnswer,0.2132,0.2464,0.3449,0.3798,0.0000,0.0000,0.2887
NEB_Qwen3235BInstruct,bleu_1,FewShot_MostSimMiddle,FewShot_Reverse,0.2132,0.2464,0.2082,0.2418,0.1469,0.0000,0.5096
NEB_Qwen3235BInstruct,bleu_1,FewShot_MostSimMiddle,FewShot_Reverse_WithAnswer,0.2132,0.2464,0.3478,0.3849,0.0000,0.0000,0.2797
NEB_Qwen3235BInstruct,bleu_1,FewShot_MostSimMiddle,Multiturn,0.2143,0.2467,0.1852,0.2048,0.0000,0.0000,0.5789
NEB_Qwen3235BInstruct,bleu_1,FewShot_MostSimMiddle,Multiturn_WithAnswer,0.2132,0.2464,0.2953,0.3281,0.0000,0.0000,0.3421
NEB_Qwen3235BInstruct,bleu_1,FewShot_Reverse_WithAnswer,ZeroShot,0.3478,0.3849,0.1739,0.1915,0.0000,0.0000,0.8131
NEB_Qwen3235BInstruct,bleu_1,FewShot_Reverse_WithAnswer,ZeroShot_WithAnswer,0.3478,0.3849,0.2857,0.3104,0.0000,0.0000,0.6039
NEB_Qwen3235BInstruct,bleu_1,FewShot_Reverse_WithAnswer,FewShot,0.3478,0.3849,0.2046,0.2408,0.0000,0.0000,0.7316
NEB_Qwen3235BInstruct,bleu_1,FewShot_Reverse_WithAnswer,FewShot_WithAnswer,0.3478,0.3849,0.3449,0.3798,0.0664,0.0000,0.5085
NEB_Qwen3235BInstruct,bleu_1,FewShot_Reverse_WithAnswer,FewShot_Reverse,0.3478,0.3849,0.2082,0.2418,0.0000,0.0000,0.7296
NEB_Qwen3235BInstruct,bleu_1,FewShot_Reverse_WithAnswer,FewShot_MostSimMiddle,0.3478,0.3849,0.2132,0.2464,0.0000,0.0000,0.7203
NEB_Qwen3235BInstruct,bleu_1,FewShot_Reverse_WithAnswer,Multiturn,0.3478,0.3849,0.1852,0.2048,0.0000,0.0000,0.7905
NEB_Qwen3235BInstruct,bleu_1,FewShot_Reverse_WithAnswer,Multiturn_WithAnswer,0.3478,0.3849,0.2953,0.3281,0.0000,0.0000,0.5814
NEB_Qwen3235BInstruct,bleu_1,Multiturn,ZeroShot,0.1852,0.2048,0.1739,0.1917,0.0000,0.0000,0.5314
NEB_Qwen3235BInstruct,bleu_1,Multiturn,ZeroShot_WithAnswer,0.1852,0.2048,0.2857,0.3104,0.0000,0.0000,0.2797
NEB_Qwen3235BInstruct,bleu_1,Multiturn,FewShot,0.1852,0.2048,0.2046,0.2410,0.0000,0.0000,0.4347
NEB_Qwen3235BInstruct,bleu_1,Multiturn,FewShot_WithAnswer,0.1852,0.2048,0.3450,0.3798,0.0000,0.0000,0.2181
NEB_Qwen3235BInstruct,bleu_1,Multiturn,FewShot_Reverse,0.1852,0.2048,0.2083,0.2420,0.0000,0.0000,0.4303
NEB_Qwen3235BInstruct,bleu_1,Multiturn,FewShot_MostSimMiddle,0.1852,0.2048,0.2143,0.2467,0.0000,0.0000,0.4211
NEB_Qwen3235BInstruct,bleu_1,Multiturn,FewShot_Reverse_WithAnswer,0.1852,0.2048,0.3478,0.3849,0.0000,0.0000,0.2095
NEB_Qwen3235BInstruct,bleu_1,Multiturn,Multiturn_WithAnswer,0.1852,0.2048,0.2963,0.3283,0.0000,0.0000,0.2617
NEB_Qwen3235BInstruct,bleu_1,Multiturn_WithAnswer,ZeroShot,0.2953,0.3281,0.1739,0.1915,0.0000,0.0000,0.7642
NEB_Qwen3235BInstruct,bleu_1,Multiturn_WithAnswer,ZeroShot_WithAnswer,0.2953,0.3281,0.2857,0.3104,0.0001,0.0000,0.5226
NEB_Qwen3235BInstruct,bleu_1,Multiturn_WithAnswer,FewShot,0.2953,0.3281,0.2046,0.2408,0.0000,0.0000,0.6714
NEB_Qwen3235BInstruct,bleu_1,Multiturn_WithAnswer,FewShot_WithAnswer,0.2953,0.3281,0.3449,0.3798,0.0000,0.0000,0.4279
NEB_Qwen3235BInstruct,bleu_1,Multiturn_WithAnswer,FewShot_Reverse,0.2953,0.3281,0.2082,0.2418,0.0000,0.0000,0.6684
NEB_Qwen3235BInstruct,bleu_1,Multiturn_WithAnswer,FewShot_MostSimMiddle,0.2953,0.3281,0.2132,0.2464,0.0000,0.0000,0.6579
NEB_Qwen3235BInstruct,bleu_1,Multiturn_WithAnswer,FewShot_Reverse_WithAnswer,0.2953,0.3281,0.3478,0.3849,0.0000,0.0000,0.4186
NEB_Qwen3235BInstruct,bleu_1,Multiturn_WithAnswer,Multiturn,0.2963,0.3283,0.1852,0.2048,0.0000,0.0000,0.7383
NEB_Qwen3235BInstruct,bleu_2,ZeroShot,ZeroShot_WithAnswer,0.0943,0.1184,0.1944,0.2283,0.0000,0.0000,0.2334
NEB_Qwen3235BInstruct,bleu_2,ZeroShot,FewShot,0.0943,0.1184,0.1155,0.1611,0.0000,0.0000,0.3901
NEB_Qwen3235BInstruct,bleu_2,ZeroShot,FewShot_WithAnswer,0.0943,0.1184,0.2571,0.2970,0.0000,0.0000,0.1823
NEB_Qwen3235BInstruct,bleu_2,ZeroShot,FewShot_Reverse,0.0943,0.1184,0.1174,0.1605,0.0000,0.0000,0.3912
NEB_Qwen3235BInstruct,bleu_2,ZeroShot,FewShot_MostSimMiddle,0.0943,0.1184,0.1194,0.1663,0.0000,0.0000,0.3756
NEB_Qwen3235BInstruct,bleu_2,ZeroShot,FewShot_Reverse_WithAnswer,0.0943,0.1184,0.2600,0.3027,0.0000,0.0000,0.1736
NEB_Qwen3235BInstruct,bleu_2,ZeroShot,Multiturn,0.0943,0.1185,0.1000,0.1295,0.0000,0.0000,0.4640
NEB_Qwen3235BInstruct,bleu_2,ZeroShot,Multiturn_WithAnswer,0.0943,0.1184,0.2038,0.2451,0.0000,0.0000,0.2181
NEB_Qwen3235BInstruct,bleu_2,ZeroShot_WithAnswer,ZeroShot,0.1944,0.2283,0.0943,0.1184,0.0000,0.0000,0.7666
NEB_Qwen3235BInstruct,bleu_2,ZeroShot_WithAnswer,FewShot,0.1944,0.2283,0.1155,0.1611,0.0000,0.0000,0.6710
NEB_Qwen3235BInstruct,bleu_2,ZeroShot_WithAnswer,FewShot_WithAnswer,0.1944,0.2283,0.2571,0.2970,0.0000,0.0000,0.4066
NEB_Qwen3235BInstruct,bleu_2,ZeroShot_WithAnswer,FewShot_Reverse,0.1944,0.2283,0.1174,0.1605,0.0000,0.0000,0.6718
NEB_Qwen3235BInstruct,bleu_2,ZeroShot_WithAnswer,FewShot_MostSimMiddle,0.1944,0.2283,0.1194,0.1663,0.0000,0.0000,0.6559
NEB_Qwen3235BInstruct,bleu_2,ZeroShot_WithAnswer,FewShot_Reverse_WithAnswer,0.1944,0.2283,0.2600,0.3027,0.0000,0.0000,0.3965
NEB_Qwen3235BInstruct,bleu_2,ZeroShot_WithAnswer,Multiturn,0.1944,0.2283,0.1000,0.1295,0.0000,0.0000,0.7389
NEB_Qwen3235BInstruct,bleu_2,ZeroShot_WithAnswer,Multiturn_WithAnswer,0.1944,0.2283,0.2038,0.2451,0.0001,0.0000,0.4785
NEB_Qwen3235BInstruct,bleu_2,FewShot,ZeroShot,0.1155,0.1611,0.0943,0.1184,0.0000,0.0000,0.6099
NEB_Qwen3235BInstruct,bleu_2,FewShot,ZeroShot_WithAnswer,0.1155,0.1611,0.1944,0.2283,0.0000,0.0000,0.3290
NEB_Qwen3235BInstruct,bleu_2,FewShot,FewShot_WithAnswer,0.1155,0.1611,0.2571,0.2970,0.0000,0.0000,0.2647
NEB_Qwen3235BInstruct,bleu_2,FewShot,FewShot_Reverse,0.1155,0.1611,0.1174,0.1605,0.6440,0.0000,0.5003
NEB_Qwen3235BInstruct,bleu_2,FewShot,FewShot_MostSimMiddle,0.1155,0.1611,0.1194,0.1663,0.0806,0.0000,0.4844
NEB_Qwen3235BInstruct,bleu_2,FewShot,FewShot_Reverse_WithAnswer,0.1155,0.1611,0.2600,0.3027,0.0000,0.0000,0.2549
NEB_Qwen3235BInstruct,bleu_2,FewShot,Multiturn,0.1155,0.1612,0.1000,0.1295,0.0000,0.0000,0.5753
NEB_Qwen3235BInstruct,bleu_2,FewShot,Multiturn_WithAnswer,0.1155,0.1611,0.2038,0.2451,0.0000,0.0000,0.3121
NEB_Qwen3235BInstruct,bleu_2,FewShot_WithAnswer,ZeroShot,0.2571,0.2970,0.0943,0.1184,0.0000,0.0000,0.8177
NEB_Qwen3235BInstruct,bleu_2,FewShot_WithAnswer,ZeroShot_WithAnswer,0.2571,0.2970,0.1944,0.2283,0.0000,0.0000,0.5934
NEB_Qwen3235BInstruct,bleu_2,FewShot_WithAnswer,FewShot,0.2571,0.2970,0.1155,0.1611,0.0000,0.0000,0.7353
NEB_Qwen3235BInstruct,bleu_2,FewShot_WithAnswer,FewShot_Reverse,0.2571,0.2970,0.1174,0.1605,0.0000,0.0000,0.7367
NEB_Qwen3235BInstruct,bleu_2,FewShot_WithAnswer,FewShot_MostSimMiddle,0.2571,0.2970,0.1194,0.1663,0.0000,0.0000,0.7233
NEB_Qwen3235BInstruct,bleu_2,FewShot_WithAnswer,FewShot_Reverse_WithAnswer,0.2571,0.2970,0.2600,0.3027,0.0432,0.0000,0.4907
NEB_Qwen3235BInstruct,bleu_2,FewShot_WithAnswer,Multiturn,0.2571,0.2971,0.1000,0.1295,0.0000,0.0000,0.7944
NEB_Qwen3235BInstruct,bleu_2,FewShot_WithAnswer,Multiturn_WithAnswer,0.2571,0.2970,0.2038,0.2451,0.0000,0.0000,0.5721
NEB_Qwen3235BInstruct,bleu_2,FewShot_Reverse,ZeroShot,0.1174,0.1605,0.0943,0.1184,0.0000,0.0000,0.6088
NEB_Qwen3235BInstruct,bleu_2,FewShot_Reverse,ZeroShot_WithAnswer,0.1174,0.1605,0.1944,0.2283,0.0000,0.0000,0.3282
NEB_Qwen3235BInstruct,bleu_2,FewShot_Reverse,FewShot,0.1174,0.1605,0.1155,0.1611,0.6440,0.0000,0.4997
NEB_Qwen3235BInstruct,bleu_2,FewShot_Reverse,FewShot_WithAnswer,0.1174,0.1605,0.2571,0.2970,0.0000,0.0000,0.2633
NEB_Qwen3235BInstruct,bleu_2,FewShot_Reverse,FewShot_MostSimMiddle,0.1174,0.1605,0.1194,0.1663,0.0340,0.0000,0.4839
NEB_Qwen3235BInstruct,bleu_2,FewShot_Reverse,FewShot_Reverse_WithAnswer,0.1174,0.1605,0.2600,0.3027,0.0000,0.0000,0.2536
NEB_Qwen3235BInstruct,bleu_2,FewShot_Reverse,Multiturn,0.1174,0.1606,0.1000,0.1295,0.0000,0.0000,0.5746
NEB_Qwen3235BInstruct,bleu_2,FewShot_Reverse,Multiturn_WithAnswer,0.1174,0.1605,0.2038,0.2451,0.0000,0.0000,0.3111
NEB_Qwen3235BInstruct,bleu_2,FewShot_MostSimMiddle,ZeroShot,0.1194,0.1663,0.0943,0.1184,0.0000,0.0000,0.6244
NEB_Qwen3235BInstruct,bleu_2,FewShot_MostSimMiddle,ZeroShot_WithAnswer,0.1194,0.1663,0.1944,0.2283,0.0000,0.0000,0.3441
NEB_Qwen3235BInstruct,bleu_2,FewShot_MostSimMiddle,FewShot,0.1194,0.1663,0.1155,0.1611,0.0806,0.0000,0.5156
NEB_Qwen3235BInstruct,bleu_2,FewShot_MostSimMiddle,FewShot_WithAnswer,0.1194,0.1663,0.2571,0.2970,0.0000,0.0000,0.2767
NEB_Qwen3235BInstruct,bleu_2,FewShot_MostSimMiddle,FewShot_Reverse,0.1194,0.1663,0.1174,0.1605,0.0340,0.0000,0.5161
NEB_Qwen3235BInstruct,bleu_2,FewShot_MostSimMiddle,FewShot_Reverse_WithAnswer,0.1194,0.1663,0.2600,0.3027,0.0000,0.0000,0.2669
NEB_Qwen3235BInstruct,bleu_2,FewShot_MostSimMiddle,Multiturn,0.1195,0.1665,0.1000,0.1295,0.0000,0.0000,0.5904
NEB_Qwen3235BInstruct,bleu_2,FewShot_MostSimMiddle,Multiturn_WithAnswer,0.1194,0.1663,0.2038,0.2451,0.0000,0.0000,0.3265
NEB_Qwen3235BInstruct,bleu_2,FewShot_Reverse_WithAnswer,ZeroShot,0.2600,0.3027,0.0943,0.1184,0.0000,0.0000,0.8264
NEB_Qwen3235BInstruct,bleu_2,FewShot_Reverse_WithAnswer,ZeroShot_WithAnswer,0.2600,0.3027,0.1944,0.2283,0.0000,0.0000,0.6035
NEB_Qwen3235BInstruct,bleu_2,FewShot_Reverse_WithAnswer,FewShot,0.2600,0.3027,0.1155,0.1611,0.0000,0.0000,0.7451
NEB_Qwen3235BInstruct,bleu_2,FewShot_Reverse_WithAnswer,FewShot_WithAnswer,0.2600,0.3027,0.2571,0.2970,0.0432,0.0000,0.5093
NEB_Qwen3235BInstruct,bleu_2,FewShot_Reverse_WithAnswer,FewShot_Reverse,0.2600,0.3027,0.1174,0.1605,0.0000,0.0000,0.7464
NEB_Qwen3235BInstruct,bleu_2,FewShot_Reverse_WithAnswer,FewShot_MostSimMiddle,0.2600,0.3027,0.1194,0.1663,0.0000,0.0000,0.7331
NEB_Qwen3235BInstruct,bleu_2,FewShot_Reverse_WithAnswer,Multiturn,0.2609,0.3028,0.1000,0.1295,0.0000,0.0000,0.8038
NEB_Qwen3235BInstruct,bleu_2,FewShot_Reverse_WithAnswer,Multiturn_WithAnswer,0.2600,0.3027,0.2038,0.2451,0.0000,0.0000,0.5823
NEB_Qwen3235BInstruct,bleu_2,Multiturn,ZeroShot,0.1000,0.1295,0.0943,0.1185,0.0000,0.0000,0.5360
NEB_Qwen3235BInstruct,bleu_2,Multiturn,ZeroShot_WithAnswer,0.1000,0.1295,0.1944,0.2283,0.0000,0.0000,0.2611
NEB_Qwen3235BInstruct,bleu_2,Multiturn,FewShot,0.1000,0.1295,0.1155,0.1612,0.0000,0.0000,0.4247
NEB_Qwen3235BInstruct,bleu_2,Multiturn,FewShot_WithAnswer,0.1000,0.1295,0.2571,0.2971,0.0000,0.0000,0.2056
NEB_Qwen3235BInstruct,bleu_2,Multiturn,FewShot_Reverse,0.1000,0.1295,0.1174,0.1606,0.0000,0.0000,0.4254
NEB_Qwen3235BInstruct,bleu_2,Multiturn,FewShot_MostSimMiddle,0.1000,0.1295,0.1195,0.1665,0.0000,0.0000,0.4096
NEB_Qwen3235BInstruct,bleu_2,Multiturn,FewShot_Reverse_WithAnswer,0.1000,0.1295,0.2609,0.3028,0.0000,0.0000,0.1962
NEB_Qwen3235BInstruct,bleu_2,Multiturn,Multiturn_WithAnswer,0.1000,0.1295,0.2038,0.2453,0.0000,0.0000,0.2445
NEB_Qwen3235BInstruct,bleu_2,Multiturn_WithAnswer,ZeroShot,0.2038,0.2451,0.0943,0.1184,0.0000,0.0000,0.7819
NEB_Qwen3235BInstruct,bleu_2,Multiturn_WithAnswer,ZeroShot_WithAnswer,0.2038,0.2451,0.1944,0.2283,0.0001,0.0000,0.5215
NEB_Qwen3235BInstruct,bleu_2,Multiturn_WithAnswer,FewShot,0.2038,0.2451,0.1155,0.1611,0.0000,0.0000,0.6879
NEB_Qwen3235BInstruct,bleu_2,Multiturn_WithAnswer,FewShot_WithAnswer,0.2038,0.2451,0.2571,0.2970,0.0000,0.0000,0.4279
NEB_Qwen3235BInstruct,bleu_2,Multiturn_WithAnswer,FewShot_Reverse,0.2038,0.2451,0.1174,0.1605,0.0000,0.0000,0.6889
NEB_Qwen3235BInstruct,bleu_2,Multiturn_WithAnswer,FewShot_MostSimMiddle,0.2038,0.2451,0.1194,0.1663,0.0000,0.0000,0.6735
NEB_Qwen3235BInstruct,bleu_2,Multiturn_WithAnswer,FewShot_Reverse_WithAnswer,0.2038,0.2451,0.2600,0.3027,0.0000,0.0000,0.4177
NEB_Qwen3235BInstruct,bleu_2,Multiturn_WithAnswer,Multiturn,0.2038,0.2453,0.1000,0.1295,0.0000,0.0000,0.7555
NEB_Qwen3235BInstruct,bleu_3,ZeroShot,ZeroShot_WithAnswer,0.0725,0.0916,0.1450,0.1839,0.0000,0.0000,0.2440
NEB_Qwen3235BInstruct,bleu_3,ZeroShot,FewShot,0.0725,0.0916,0.0888,0.1292,0.0000,0.0000,0.3707
NEB_Qwen3235BInstruct,bleu_3,ZeroShot,FewShot_WithAnswer,0.0725,0.0916,0.1990,0.2505,0.0000,0.0000,0.1855
NEB_Qwen3235BInstruct,bleu_3,ZeroShot,FewShot_Reverse,0.0725,0.0916,0.0913,0.1286,0.0000,0.0000,0.3723
NEB_Qwen3235BInstruct,bleu_3,ZeroShot,FewShot_MostSimMiddle,0.0725,0.0916,0.0926,0.1333,0.0000,0.0000,0.3549
NEB_Qwen3235BInstruct,bleu_3,ZeroShot,FewShot_Reverse_WithAnswer,0.0725,0.0916,0.2046,0.2561,0.0000,0.0000,0.1760
NEB_Qwen3235BInstruct,bleu_3,ZeroShot,Multiturn,0.0726,0.0916,0.0773,0.1008,0.0000,0.0000,0.4601
NEB_Qwen3235BInstruct,bleu_3,ZeroShot,Multiturn_WithAnswer,0.0725,0.0916,0.1504,0.1999,0.0000,0.0000,0.2257
NEB_Qwen3235BInstruct,bleu_3,ZeroShot_WithAnswer,ZeroShot,0.1450,0.1839,0.0725,0.0916,0.0000,0.0000,0.7560
NEB_Qwen3235BInstruct,bleu_3,ZeroShot_WithAnswer,FewShot,0.1450,0.1839,0.0888,0.1292,0.0000,0.0000,0.6522
NEB_Qwen3235BInstruct,bleu_3,ZeroShot_WithAnswer,FewShot_WithAnswer,0.1450,0.1839,0.1990,0.2505,0.0000,0.0000,0.4059
NEB_Qwen3235BInstruct,bleu_3,ZeroShot_WithAnswer,FewShot_Reverse,0.1450,0.1839,0.0913,0.1286,0.0000,0.0000,0.6527
NEB_Qwen3235BInstruct,bleu_3,ZeroShot_WithAnswer,FewShot_MostSimMiddle,0.1450,0.1839,0.0926,0.1333,0.0000,0.0000,0.6371
NEB_Qwen3235BInstruct,bleu_3,ZeroShot_WithAnswer,FewShot_Reverse_WithAnswer,0.1450,0.1839,0.2046,0.2561,0.0000,0.0000,0.3949
NEB_Qwen3235BInstruct,bleu_3,ZeroShot_WithAnswer,Multiturn,0.1447,0.1840,0.0773,0.1008,0.0000,0.0000,0.7273
NEB_Qwen3235BInstruct,bleu_3,ZeroShot_WithAnswer,Multiturn_WithAnswer,0.1450,0.1839,0.1504,0.1999,0.0001,0.0000,0.4781
NEB_Qwen3235BInstruct,bleu_3,FewShot,ZeroShot,0.0888,0.1292,0.0725,0.0916,0.0000,0.0000,0.6293
NEB_Qwen3235BInstruct,bleu_3,FewShot,ZeroShot_WithAnswer,0.0888,0.1292,0.1450,0.1839,0.0000,0.0000,0.3478
NEB_Qwen3235BInstruct,bleu_3,FewShot,FewShot_WithAnswer,0.0888,0.1292,0.1990,0.2505,0.0000,0.0000,0.2749
NEB_Qwen3235BInstruct,bleu_3,FewShot,FewShot_Reverse,0.0888,0.1292,0.0913,0.1286,0.6387,0.0000,0.4995
NEB_Qwen3235BInstruct,bleu_3,FewShot,FewShot_MostSimMiddle,0.0888,0.1292,0.0926,0.1333,0.0686,0.0000,0.4826
NEB_Qwen3235BInstruct,bleu_3,FewShot,FewShot_Reverse_WithAnswer,0.0888,0.1292,0.2046,0.2561,0.0000,0.0000,0.2636
NEB_Qwen3235BInstruct,bleu_3,FewShot,Multiturn,0.0890,0.1293,0.0773,0.1008,0.0000,0.0000,0.5921
NEB_Qwen3235BInstruct,bleu_3,FewShot,Multiturn_WithAnswer,0.0888,0.1292,0.1504,0.1999,0.0000,0.0000,0.3277
NEB_Qwen3235BInstruct,bleu_3,FewShot_WithAnswer,ZeroShot,0.1990,0.2505,0.0725,0.0916,0.0000,0.0000,0.8145
NEB_Qwen3235BInstruct,bleu_3,FewShot_WithAnswer,ZeroShot_WithAnswer,0.1990,0.2505,0.1450,0.1839,0.0000,0.0000,0.5941
NEB_Qwen3235BInstruct,bleu_3,FewShot_WithAnswer,FewShot,0.1990,0.2505,0.0888,0.1292,0.0000,0.0000,0.7251
NEB_Qwen3235BInstruct,bleu_3,FewShot_WithAnswer,FewShot_Reverse,0.1990,0.2505,0.0913,0.1286,0.0000,0.0000,0.7260
NEB_Qwen3235BInstruct,bleu_3,FewShot_WithAnswer,FewShot_MostSimMiddle,0.1990,0.2505,0.0926,0.1333,0.0000,0.0000,0.7128
NEB_Qwen3235BInstruct,bleu_3,FewShot_WithAnswer,FewShot_Reverse_WithAnswer,0.1990,0.2505,0.2046,0.2561,0.0520,0.0000,0.4898
NEB_Qwen3235BInstruct,bleu_3,FewShot_WithAnswer,Multiturn,0.1991,0.2506,0.0773,0.1008,0.0000,0.0000,0.7903
NEB_Qwen3235BInstruct,bleu_3,FewShot_WithAnswer,Multiturn_WithAnswer,0.1990,0.2505,0.1504,0.1999,0.0000,0.0000,0.5725
NEB_Qwen3235BInstruct,bleu_3,FewShot_Reverse,ZeroShot,0.0913,0.1286,0.0725,0.0916,0.0000,0.0000,0.6277
NEB_Qwen3235BInstruct,bleu_3,FewShot_Reverse,ZeroShot_WithAnswer,0.0913,0.1286,0.1450,0.1839,0.0000,0.0000,0.3473
NEB_Qwen3235BInstruct,bleu_3,FewShot_Reverse,FewShot,0.0913,0.1286,0.0888,0.1292,0.6387,0.0000,0.5005
NEB_Qwen3235BInstruct,bleu_3,FewShot_Reverse,FewShot_WithAnswer,0.0913,0.1286,0.1990,0.2505,0.0000,0.0000,0.2740
NEB_Qwen3235BInstruct,bleu_3,FewShot_Reverse,FewShot_MostSimMiddle,0.0913,0.1286,0.0926,0.1333,0.0219,0.0000,0.4828
NEB_Qwen3235BInstruct,bleu_3,FewShot_Reverse,FewShot_Reverse_WithAnswer,0.0913,0.1286,0.2046,0.2561,0.0000,0.0000,0.2628
NEB_Qwen3235BInstruct,bleu_3,FewShot_Reverse,Multiturn,0.0914,0.1287,0.0773,0.1008,0.0000,0.0000,0.5911
NEB_Qwen3235BInstruct,bleu_3,FewShot_Reverse,Multiturn_WithAnswer,0.0913,0.1286,0.1504,0.1999,0.0000,0.0000,0.3268
NEB_Qwen3235BInstruct,bleu_3,FewShot_MostSimMiddle,ZeroShot,0.0926,0.1333,0.0725,0.0916,0.0000,0.0000,0.6451
NEB_Qwen3235BInstruct,bleu_3,FewShot_MostSimMiddle,ZeroShot_WithAnswer,0.0926,0.1333,0.1450,0.1839,0.0000,0.0000,0.3629
NEB_Qwen3235BInstruct,bleu_3,FewShot_MostSimMiddle,FewShot,0.0926,0.1333,0.0888,0.1292,0.0686,0.0000,0.5174
NEB_Qwen3235BInstruct,bleu_3,FewShot_MostSimMiddle,FewShot_WithAnswer,0.0926,0.1333,0.1990,0.2505,0.0000,0.0000,0.2872
NEB_Qwen3235BInstruct,bleu_3,FewShot_MostSimMiddle,FewShot_Reverse,0.0926,0.1333,0.0913,0.1286,0.0219,0.0000,0.5172
NEB_Qwen3235BInstruct,bleu_3,FewShot_MostSimMiddle,FewShot_Reverse_WithAnswer,0.0926,0.1333,0.2046,0.2561,0.0000,0.0000,0.2760
NEB_Qwen3235BInstruct,bleu_3,FewShot_MostSimMiddle,Multiturn,0.0928,0.1334,0.0773,0.1008,0.0000,0.0000,0.6080
NEB_Qwen3235BInstruct,bleu_3,FewShot_MostSimMiddle,Multiturn_WithAnswer,0.0926,0.1333,0.1504,0.1999,0.0000,0.0000,0.3420
NEB_Qwen3235BInstruct,bleu_3,FewShot_Reverse_WithAnswer,ZeroShot,0.2046,0.2561,0.0725,0.0916,0.0000,0.0000,0.8240
NEB_Qwen3235BInstruct,bleu_3,FewShot_Reverse_WithAnswer,ZeroShot_WithAnswer,0.2046,0.2561,0.1450,0.1839,0.0000,0.0000,0.6051
NEB_Qwen3235BInstruct,bleu_3,FewShot_Reverse_WithAnswer,FewShot,0.2046,0.2561,0.0888,0.1292,0.0000,0.0000,0.7364
NEB_Qwen3235BInstruct,bleu_3,FewShot_Reverse_WithAnswer,FewShot_WithAnswer,0.2046,0.2561,0.1990,0.2505,0.0520,0.0000,0.5102
NEB_Qwen3235BInstruct,bleu_3,FewShot_Reverse_WithAnswer,FewShot_Reverse,0.2046,0.2561,0.0913,0.1286,0.0000,0.0000,0.7372
NEB_Qwen3235BInstruct,bleu_3,FewShot_Reverse_WithAnswer,FewShot_MostSimMiddle,0.2046,0.2561,0.0926,0.1333,0.0000,0.0000,0.7240
NEB_Qwen3235BInstruct,bleu_3,FewShot_Reverse_WithAnswer,Multiturn,0.2049,0.2562,0.0773,0.1008,0.0000,0.0000,0.8004
NEB_Qwen3235BInstruct,bleu_3,FewShot_Reverse_WithAnswer,Multiturn_WithAnswer,0.2046,0.2561,0.1504,0.1999,0.0000,0.0000,0.5838
NEB_Qwen3235BInstruct,bleu_3,Multiturn,ZeroShot,0.0773,0.1008,0.0726,0.0916,0.0000,0.0000,0.5399
NEB_Qwen3235BInstruct,bleu_3,Multiturn,ZeroShot_WithAnswer,0.0773,0.1008,0.1447,0.1840,0.0000,0.0000,0.2727
NEB_Qwen3235BInstruct,bleu_3,Multiturn,FewShot,0.0773,0.1008,0.0890,0.1293,0.0000,0.0000,0.4079
NEB_Qwen3235BInstruct,bleu_3,Multiturn,FewShot_WithAnswer,0.0773,0.1008,0.1991,0.2506,0.0000,0.0000,0.2097
NEB_Qwen3235BInstruct,bleu_3,Multiturn,FewShot_Reverse,0.0773,0.1008,0.0914,0.1287,0.0000,0.0000,0.4089
NEB_Qwen3235BInstruct,bleu_3,Multiturn,FewShot_MostSimMiddle,0.0773,0.1008,0.0928,0.1334,0.0000,0.0000,0.3920
NEB_Qwen3235BInstruct,bleu_3,Multiturn,FewShot_Reverse_WithAnswer,0.0773,0.1008,0.2049,0.2562,0.0000,0.0000,0.1996
NEB_Qwen3235BInstruct,bleu_3,Multiturn,Multiturn_WithAnswer,0.0773,0.1008,0.1504,0.2001,0.0000,0.0000,0.2533
NEB_Qwen3235BInstruct,bleu_3,Multiturn_WithAnswer,ZeroShot,0.1504,0.1999,0.0725,0.0916,0.0000,0.0000,0.7743
NEB_Qwen3235BInstruct,bleu_3,Multiturn_WithAnswer,ZeroShot_WithAnswer,0.1504,0.1999,0.1450,0.1839,0.0001,0.0000,0.5219
NEB_Qwen3235BInstruct,bleu_3,Multiturn_WithAnswer,FewShot,0.1504,0.1999,0.0888,0.1292,0.0000,0.0000,0.6723
NEB_Qwen3235BInstruct,bleu_3,Multiturn_WithAnswer,FewShot_WithAnswer,0.1504,0.1999,0.1990,0.2505,0.0000,0.0000,0.4275
NEB_Qwen3235BInstruct,bleu_3,Multiturn_WithAnswer,FewShot_Reverse,0.1504,0.1999,0.0913,0.1286,0.0000,0.0000,0.6732
NEB_Qwen3235BInstruct,bleu_3,Multiturn_WithAnswer,FewShot_MostSimMiddle,0.1504,0.1999,0.0926,0.1333,0.0000,0.0000,0.6580
NEB_Qwen3235BInstruct,bleu_3,Multiturn_WithAnswer,FewShot_Reverse_WithAnswer,0.1504,0.1999,0.2046,0.2561,0.0000,0.0000,0.4162
NEB_Qwen3235BInstruct,bleu_3,Multiturn_WithAnswer,Multiturn,0.1504,0.2001,0.0773,0.1008,0.0000,0.0000,0.7467
NEB_Qwen3235BInstruct,bleu_4,ZeroShot,ZeroShot_WithAnswer,0.0644,0.0784,0.1116,0.1552,0.0000,0.0000,0.2601
NEB_Qwen3235BInstruct,bleu_4,ZeroShot,FewShot,0.0644,0.0784,0.0800,0.1120,0.0000,0.0000,0.3580
NEB_Qwen3235BInstruct,bleu_4,ZeroShot,FewShot_WithAnswer,0.0644,0.0784,0.1534,0.2190,0.0000,0.0000,0.1915
NEB_Qwen3235BInstruct,bleu_4,ZeroShot,FewShot_Reverse,0.0644,0.0784,0.0805,0.1116,0.0000,0.0000,0.3593
NEB_Qwen3235BInstruct,bleu_4,ZeroShot,FewShot_MostSimMiddle,0.0644,0.0784,0.0829,0.1153,0.0000,0.0000,0.3413
NEB_Qwen3235BInstruct,bleu_4,ZeroShot,FewShot_Reverse_WithAnswer,0.0644,0.0784,0.1604,0.2240,0.0000,0.0000,0.1822
NEB_Qwen3235BInstruct,bleu_4,ZeroShot,Multiturn,0.0644,0.0785,0.0678,0.0866,0.0000,0.0000,0.4575
NEB_Qwen3235BInstruct,bleu_4,ZeroShot,Multiturn_WithAnswer,0.0644,0.0784,0.1177,0.1707,0.0000,0.0000,0.2383
NEB_Qwen3235BInstruct,bleu_4,ZeroShot_WithAnswer,ZeroShot,0.1116,0.1552,0.0644,0.0784,0.0000,0.0000,0.7399
NEB_Qwen3235BInstruct,bleu_4,ZeroShot_WithAnswer,FewShot,0.1116,0.1552,0.0800,0.1120,0.0000,0.0000,0.6265
NEB_Qwen3235BInstruct,bleu_4,ZeroShot_WithAnswer,FewShot_WithAnswer,0.1116,0.1552,0.1534,0.2190,0.0000,0.0000,0.4029
NEB_Qwen3235BInstruct,bleu_4,ZeroShot_WithAnswer,FewShot_Reverse,0.1116,0.1552,0.0805,0.1116,0.0000,0.0000,0.6270
NEB_Qwen3235BInstruct,bleu_4,ZeroShot_WithAnswer,FewShot_MostSimMiddle,0.1116,0.1552,0.0829,0.1153,0.0000,0.0000,0.6117
NEB_Qwen3235BInstruct,bleu_4,ZeroShot_WithAnswer,FewShot_Reverse_WithAnswer,0.1116,0.1552,0.1604,0.2240,0.0000,0.0000,0.3926
NEB_Qwen3235BInstruct,bleu_4,ZeroShot_WithAnswer,Multiturn,0.1110,0.1552,0.0678,0.0866,0.0000,0.0000,0.7084
NEB_Qwen3235BInstruct,bleu_4,ZeroShot_WithAnswer,Multiturn_WithAnswer,0.1116,0.1552,0.1177,0.1707,0.0002,0.0000,0.4769
NEB_Qwen3235BInstruct,bleu_4,FewShot,ZeroShot,0.0800,0.1120,0.0644,0.0784,0.0000,0.0000,0.6420
NEB_Qwen3235BInstruct,bleu_4,FewShot,ZeroShot_WithAnswer,0.0800,0.1120,0.1116,0.1552,0.0000,0.0000,0.3735
NEB_Qwen3235BInstruct,bleu_4,FewShot,FewShot_WithAnswer,0.0800,0.1120,0.1534,0.2190,0.0000,0.0000,0.2878
NEB_Qwen3235BInstruct,bleu_4,FewShot,FewShot_Reverse,0.0800,0.1120,0.0805,0.1116,0.5156,0.0000,0.5000
NEB_Qwen3235BInstruct,bleu_4,FewShot,FewShot_MostSimMiddle,0.0800,0.1120,0.0829,0.1153,0.0632,0.0000,0.4822
NEB_Qwen3235BInstruct,bleu_4,FewShot,FewShot_Reverse_WithAnswer,0.0800,0.1120,0.1604,0.2240,0.0000,0.0000,0.2771
NEB_Qwen3235BInstruct,bleu_4,FewShot,Multiturn,0.0800,0.1121,0.0678,0.0866,0.0000,0.0000,0.6020
NEB_Qwen3235BInstruct,bleu_4,FewShot,Multiturn_WithAnswer,0.0800,0.1120,0.1177,0.1707,0.0000,0.0000,0.3498
NEB_Qwen3235BInstruct,bleu_4,FewShot_WithAnswer,ZeroShot,0.1534,0.2190,0.0644,0.0784,0.0000,0.0000,0.8085
NEB_Qwen3235BInstruct,bleu_4,FewShot_WithAnswer,ZeroShot_WithAnswer,0.1534,0.2190,0.1116,0.1552,0.0000,0.0000,0.5971
NEB_Qwen3235BInstruct,bleu_4,FewShot_WithAnswer,FewShot,0.1534,0.2190,0.0800,0.1120,0.0000,0.0000,0.7122
NEB_Qwen3235BInstruct,bleu_4,FewShot_WithAnswer,FewShot_Reverse,0.1534,0.2190,0.0805,0.1116,0.0000,0.0000,0.7124
NEB_Qwen3235BInstruct,bleu_4,FewShot_WithAnswer,FewShot_MostSimMiddle,0.1534,0.2190,0.0829,0.1153,0.0000,0.0000,0.6993
NEB_Qwen3235BInstruct,bleu_4,FewShot_WithAnswer,FewShot_Reverse_WithAnswer,0.1534,0.2190,0.1604,0.2240,0.0656,0.0000,0.4903
NEB_Qwen3235BInstruct,bleu_4,FewShot_WithAnswer,Multiturn,0.1545,0.2192,0.0678,0.0866,0.0000,0.0000,0.7823
NEB_Qwen3235BInstruct,bleu_4,FewShot_WithAnswer,Multiturn_WithAnswer,0.1534,0.2190,0.1177,0.1707,0.0000,0.0000,0.5749
NEB_Qwen3235BInstruct,bleu_4,FewShot_Reverse,ZeroShot,0.0805,0.1116,0.0644,0.0784,0.0000,0.0000,0.6407
NEB_Qwen3235BInstruct,bleu_4,FewShot_Reverse,ZeroShot_WithAnswer,0.0805,0.1116,0.1116,0.1552,0.0000,0.0000,0.3730
NEB_Qwen3235BInstruct,bleu_4,FewShot_Reverse,FewShot,0.0805,0.1116,0.0800,0.1120,0.5156,0.0000,0.5000
NEB_Qwen3235BInstruct,bleu_4,FewShot_Reverse,FewShot_WithAnswer,0.0805,0.1116,0.1534,0.2190,0.0000,0.0000,0.2876
NEB_Qwen3235BInstruct,bleu_4,FewShot_Reverse,FewShot_MostSimMiddle,0.0805,0.1116,0.0829,0.1153,0.0095,0.0000,0.4826
NEB_Qwen3235BInstruct,bleu_4,FewShot_Reverse,FewShot_Reverse_WithAnswer,0.0805,0.1116,0.1604,0.2240,0.0000,0.0000,0.2768
NEB_Qwen3235BInstruct,bleu_4,FewShot_Reverse,Multiturn,0.0806,0.1116,0.0678,0.0866,0.0000,0.0000,0.6010
NEB_Qwen3235BInstruct,bleu_4,FewShot_Reverse,Multiturn_WithAnswer,0.0805,0.1116,0.1177,0.1707,0.0000,0.0000,0.3493
NEB_Qwen3235BInstruct,bleu_4,FewShot_MostSimMiddle,ZeroShot,0.0829,0.1153,0.0644,0.0784,0.0000,0.0000,0.6587
NEB_Qwen3235BInstruct,bleu_4,FewShot_MostSimMiddle,ZeroShot_WithAnswer,0.0829,0.1153,0.1116,0.1552,0.0000,0.0000,0.3883
NEB_Qwen3235BInstruct,bleu_4,FewShot_MostSimMiddle,FewShot,0.0829,0.1153,0.0800,0.1120,0.0632,0.0000,0.5178
NEB_Qwen3235BInstruct,bleu_4,FewShot_MostSimMiddle,FewShot_WithAnswer,0.0829,0.1153,0.1534,0.2190,0.0000,0.0000,0.3007
NEB_Qwen3235BInstruct,bleu_4,FewShot_MostSimMiddle,FewShot_Reverse,0.0829,0.1153,0.0805,0.1116,0.0095,0.0000,0.5174
NEB_Qwen3235BInstruct,bleu_4,FewShot_MostSimMiddle,FewShot_Reverse_WithAnswer,0.0829,0.1153,0.1604,0.2240,0.0000,0.0000,0.2899
NEB_Qwen3235BInstruct,bleu_4,FewShot_MostSimMiddle,Multiturn,0.0829,0.1153,0.0678,0.0866,0.0000,0.0000,0.6194
NEB_Qwen3235BInstruct,bleu_4,FewShot_MostSimMiddle,Multiturn_WithAnswer,0.0829,0.1153,0.1177,0.1707,0.0000,0.0000,0.3641
NEB_Qwen3235BInstruct,bleu_4,FewShot_Reverse_WithAnswer,ZeroShot,0.1604,0.2240,0.0644,0.0784,0.0000,0.0000,0.8178
NEB_Qwen3235BInstruct,bleu_4,FewShot_Reverse_WithAnswer,ZeroShot_WithAnswer,0.1604,0.2240,0.1116,0.1552,0.0000,0.0000,0.6074
NEB_Qwen3235BInstruct,bleu_4,FewShot_Reverse_WithAnswer,FewShot,0.1604,0.2240,0.0800,0.1120,0.0000,0.0000,0.7229
NEB_Qwen3235BInstruct,bleu_4,FewShot_Reverse_WithAnswer,FewShot_WithAnswer,0.1604,0.2240,0.1534,0.2190,0.0656,0.0000,0.5097
NEB_Qwen3235BInstruct,bleu_4,FewShot_Reverse_WithAnswer,FewShot_Reverse,0.1604,0.2240,0.0805,0.1116,0.0000,0.0000,0.7232
NEB_Qwen3235BInstruct,bleu_4,FewShot_Reverse_WithAnswer,FewShot_MostSimMiddle,0.1604,0.2240,0.0829,0.1153,0.0000,0.0000,0.7101
NEB_Qwen3235BInstruct,bleu_4,FewShot_Reverse_WithAnswer,Multiturn,0.1605,0.2241,0.0678,0.0866,0.0000,0.0000,0.7920
NEB_Qwen3235BInstruct,bleu_4,FewShot_Reverse_WithAnswer,Multiturn_WithAnswer,0.1604,0.2240,0.1177,0.1707,0.0000,0.0000,0.5854
NEB_Qwen3235BInstruct,bleu_4,Multiturn,ZeroShot,0.0678,0.0866,0.0644,0.0785,0.0000,0.0000,0.5425
NEB_Qwen3235BInstruct,bleu_4,Multiturn,ZeroShot_WithAnswer,0.0678,0.0866,0.1110,0.1552,0.0000,0.0000,0.2916
NEB_Qwen3235BInstruct,bleu_4,Multiturn,FewShot,0.0678,0.0866,0.0800,0.1121,0.0000,0.0000,0.3980
NEB_Qwen3235BInstruct,bleu_4,Multiturn,FewShot_WithAnswer,0.0678,0.0866,0.1545,0.2192,0.0000,0.0000,0.2177
NEB_Qwen3235BInstruct,bleu_4,Multiturn,FewShot_Reverse,0.0678,0.0866,0.0806,0.1116,0.0000,0.0000,0.3990
NEB_Qwen3235BInstruct,bleu_4,Multiturn,FewShot_MostSimMiddle,0.0678,0.0866,0.0829,0.1153,0.0000,0.0000,0.3806
NEB_Qwen3235BInstruct,bleu_4,Multiturn,FewShot_Reverse_WithAnswer,0.0678,0.0866,0.1605,0.2241,0.0000,0.0000,0.2080
NEB_Qwen3235BInstruct,bleu_4,Multiturn,Multiturn_WithAnswer,0.0678,0.0866,0.1177,0.1709,0.0000,0.0000,0.2682
NEB_Qwen3235BInstruct,bleu_4,Multiturn_WithAnswer,ZeroShot,0.1177,0.1707,0.0644,0.0784,0.0000,0.0000,0.7617
NEB_Qwen3235BInstruct,bleu_4,Multiturn_WithAnswer,ZeroShot_WithAnswer,0.1177,0.1707,0.1116,0.1552,0.0002,0.0000,0.5231
NEB_Qwen3235BInstruct,bleu_4,Multiturn_WithAnswer,FewShot,0.1177,0.1707,0.0800,0.1120,0.0000,0.0000,0.6502
NEB_Qwen3235BInstruct,bleu_4,Multiturn_WithAnswer,FewShot_WithAnswer,0.1177,0.1707,0.1534,0.2190,0.0000,0.0000,0.4251
NEB_Qwen3235BInstruct,bleu_4,Multiturn_WithAnswer,FewShot_Reverse,0.1177,0.1707,0.0805,0.1116,0.0000,0.0000,0.6507
NEB_Qwen3235BInstruct,bleu_4,Multiturn_WithAnswer,FewShot_MostSimMiddle,0.1177,0.1707,0.0829,0.1153,0.0000,0.0000,0.6359
NEB_Qwen3235BInstruct,bleu_4,Multiturn_WithAnswer,FewShot_Reverse_WithAnswer,0.1177,0.1707,0.1604,0.2240,0.0000,0.0000,0.4146
NEB_Qwen3235BInstruct,bleu_4,Multiturn_WithAnswer,Multiturn,0.1177,0.1709,0.0678,0.0866,0.0000,0.0000,0.7318
NEB_Qwen3235BInstruct,f1,ZeroShot,ZeroShot_WithAnswer,0.1818,0.1977,0.3684,0.3819,0.0000,0.0000,0.1910
NEB_Qwen3235BInstruct,f1,ZeroShot,FewShot,0.1818,0.1977,0.2222,0.2548,0.0000,0.0000,0.4145
NEB_Qwen3235BInstruct,f1,ZeroShot,FewShot_WithAnswer,0.1818,0.1977,0.4348,0.4559,0.0000,0.0000,0.1503
NEB_Qwen3235BInstruct,f1,ZeroShot,FewShot_Reverse,0.1818,0.1977,0.2222,0.2560,0.0000,0.0000,0.4074
NEB_Qwen3235BInstruct,f1,ZeroShot,FewShot_MostSimMiddle,0.1818,0.1977,0.2222,0.2618,0.0000,0.0000,0.4008
NEB_Qwen3235BInstruct,f1,ZeroShot,FewShot_Reverse_WithAnswer,0.1818,0.1977,0.4545,0.4628,0.0000,0.0000,0.1419
NEB_Qwen3235BInstruct,f1,ZeroShot,Multiturn,0.1818,0.1978,0.1905,0.2117,0.0018,0.0000,0.4757
NEB_Qwen3235BInstruct,f1,ZeroShot,Multiturn_WithAnswer,0.1818,0.1977,0.3810,0.4005,0.0000,0.0000,0.1783
NEB_Qwen3235BInstruct,f1,ZeroShot_WithAnswer,ZeroShot,0.3684,0.3819,0.1818,0.1977,0.0000,0.0000,0.8090
NEB_Qwen3235BInstruct,f1,ZeroShot_WithAnswer,FewShot,0.3684,0.3819,0.2222,0.2548,0.0000,0.0000,0.7150
NEB_Qwen3235BInstruct,f1,ZeroShot_WithAnswer,FewShot_WithAnswer,0.3684,0.3819,0.4348,0.4559,0.0000,0.0000,0.4056
NEB_Qwen3235BInstruct,f1,ZeroShot_WithAnswer,FewShot_Reverse,0.3684,0.3819,0.2222,0.2560,0.0000,0.0000,0.7140
NEB_Qwen3235BInstruct,f1,ZeroShot_WithAnswer,FewShot_MostSimMiddle,0.3684,0.3819,0.2222,0.2618,0.0000,0.0000,0.7021
NEB_Qwen3235BInstruct,f1,ZeroShot_WithAnswer,FewShot_Reverse_WithAnswer,0.3684,0.3819,0.4545,0.4628,0.0000,0.0000,0.3934
NEB_Qwen3235BInstruct,f1,ZeroShot_WithAnswer,Multiturn,0.3684,0.3818,0.1905,0.2117,0.0000,0.0000,0.7840
NEB_Qwen3235BInstruct,f1,ZeroShot_WithAnswer,Multiturn_WithAnswer,0.3684,0.3819,0.3810,0.4005,0.0003,0.0000,0.4767
NEB_Qwen3235BInstruct,f1,FewShot,ZeroShot,0.2222,0.2548,0.1818,0.1977,0.0000,0.0000,0.5855
NEB_Qwen3235BInstruct,f1,FewShot,ZeroShot_WithAnswer,0.2222,0.2548,0.3684,0.3819,0.0000,0.0000,0.2850
NEB_Qwen3235BInstruct,f1,FewShot,FewShot_WithAnswer,0.2222,0.2548,0.4348,0.4559,0.0000,0.0000,0.2293
NEB_Qwen3235BInstruct,f1,FewShot,FewShot_Reverse,0.2222,0.2548,0.2222,0.2560,0.6195,0.0000,0.4956
NEB_Qwen3235BInstruct,f1,FewShot,FewShot_MostSimMiddle,0.2222,0.2548,0.2222,0.2618,0.3277,0.0000,0.4877
NEB_Qwen3235BInstruct,f1,FewShot,FewShot_Reverse_WithAnswer,0.2222,0.2548,0.4545,0.4628,0.0000,0.0000,0.2200
NEB_Qwen3235BInstruct,f1,FewShot,Multiturn,0.2222,0.2551,0.1905,0.2117,0.0000,0.0000,0.5624
NEB_Qwen3235BInstruct,f1,FewShot,Multiturn_WithAnswer,0.2222,0.2548,0.3810,0.4005,0.0000,0.0000,0.2689
NEB_Qwen3235BInstruct,f1,FewShot_WithAnswer,ZeroShot,0.4348,0.4559,0.1818,0.1977,0.0000,0.0000,0.8497
NEB_Qwen3235BInstruct,f1,FewShot_WithAnswer,ZeroShot_WithAnswer,0.4348,0.4559,0.3684,0.3819,0.0000,0.0000,0.5944
NEB_Qwen3235BInstruct,f1,FewShot_WithAnswer,FewShot,0.4348,0.4559,0.2222,0.2548,0.0000,0.0000,0.7707
NEB_Qwen3235BInstruct,f1,FewShot_WithAnswer,FewShot_Reverse,0.4348,0.4559,0.2222,0.2560,0.0000,0.0000,0.7701
NEB_Qwen3235BInstruct,f1,FewShot_WithAnswer,FewShot_MostSimMiddle,0.4348,0.4559,0.2222,0.2618,0.0000,0.0000,0.7598
NEB_Qwen3235BInstruct,f1,FewShot_WithAnswer,FewShot_Reverse_WithAnswer,0.4348,0.4559,0.4545,0.4628,0.0379,0.0000,0.4892
NEB_Qwen3235BInstruct,f1,FewShot_WithAnswer,Multiturn,0.4348,0.4559,0.1905,0.2117,0.0000,0.0000,0.8295
NEB_Qwen3235BInstruct,f1,FewShot_WithAnswer,Multiturn_WithAnswer,0.4348,0.4559,0.3810,0.4005,0.0000,0.0000,0.5716
NEB_Qwen3235BInstruct,f1,FewShot_Reverse,ZeroShot,0.2222,0.2560,0.1818,0.1977,0.0000,0.0000,0.5926
NEB_Qwen3235BInstruct,f1,FewShot_Reverse,ZeroShot_WithAnswer,0.2222,0.2560,0.3684,0.3819,0.0000,0.0000,0.2860
NEB_Qwen3235BInstruct,f1,FewShot_Reverse,FewShot,0.2222,0.2560,0.2222,0.2548,0.6195,0.0000,0.5044
NEB_Qwen3235BInstruct,f1,FewShot_Reverse,FewShot_WithAnswer,0.2222,0.2560,0.4348,0.4559,0.0000,0.0000,0.2299
NEB_Qwen3235BInstruct,f1,FewShot_Reverse,FewShot_MostSimMiddle,0.2222,0.2560,0.2222,0.2618,0.3049,0.0000,0.4922
NEB_Qwen3235BInstruct,f1,FewShot_Reverse,FewShot_Reverse_WithAnswer,0.2222,0.2560,0.4545,0.4628,0.0000,0.0000,0.2205
NEB_Qwen3235BInstruct,f1,FewShot_Reverse,Multiturn,0.2222,0.2563,0.1905,0.2117,0.0000,0.0000,0.5688
NEB_Qwen3235BInstruct,f1,FewShot_Reverse,Multiturn_WithAnswer,0.2222,0.2560,0.3810,0.4005,0.0000,0.0000,0.2700
NEB_Qwen3235BInstruct,f1,FewShot_MostSimMiddle,ZeroShot,0.2222,0.2618,0.1818,0.1977,0.0000,0.0000,0.5992
NEB_Qwen3235BInstruct,f1,FewShot_MostSimMiddle,ZeroShot_WithAnswer,0.2222,0.2618,0.3684,0.3819,0.0000,0.0000,0.2979
NEB_Qwen3235BInstruct,f1,FewShot_MostSimMiddle,FewShot,0.2222,0.2618,0.2222,0.2548,0.3277,0.0000,0.5123
NEB_Qwen3235BInstruct,f1,FewShot_MostSimMiddle,FewShot_WithAnswer,0.2222,0.2618,0.4348,0.4559,0.0000,0.0000,0.2402
NEB_Qwen3235BInstruct,f1,FewShot_MostSimMiddle,FewShot_Reverse,0.2222,0.2618,0.2222,0.2560,0.3049,0.0000,0.5078
NEB_Qwen3235BInstruct,f1,FewShot_MostSimMiddle,FewShot_Reverse_WithAnswer,0.2222,0.2618,0.4545,0.4628,0.0000,0.0000,0.2309
NEB_Qwen3235BInstruct,f1,FewShot_MostSimMiddle,Multiturn,0.2222,0.2620,0.1905,0.2117,0.0000,0.0000,0.5758
NEB_Qwen3235BInstruct,f1,FewShot_MostSimMiddle,Multiturn_WithAnswer,0.2222,0.2618,0.3810,0.4005,0.0000,0.0000,0.2817
NEB_Qwen3235BInstruct,f1,FewShot_Reverse_WithAnswer,ZeroShot,0.4545,0.4628,0.1818,0.1977,0.0000,0.0000,0.8581
NEB_Qwen3235BInstruct,f1,FewShot_Reverse_WithAnswer,ZeroShot_WithAnswer,0.4545,0.4628,0.3684,0.3819,0.0000,0.0000,0.6066
NEB_Qwen3235BInstruct,f1,FewShot_Reverse_WithAnswer,FewShot,0.4545,0.4628,0.2222,0.2548,0.0000,0.0000,0.7800
NEB_Qwen3235BInstruct,f1,FewShot_Reverse_WithAnswer,FewShot_WithAnswer,0.4545,0.4628,0.4348,0.4559,0.0379,0.0000,0.5108
NEB_Qwen3235BInstruct,f1,FewShot_Reverse_WithAnswer,FewShot_Reverse,0.4545,0.4628,0.2222,0.2560,0.0000,0.0000,0.7795
NEB_Qwen3235BInstruct,f1,FewShot_Reverse_WithAnswer,FewShot_MostSimMiddle,0.4545,0.4628,0.2222,0.2618,0.0000,0.0000,0.7691
NEB_Qwen3235BInstruct,f1,FewShot_Reverse_WithAnswer,Multiturn,0.4545,0.4628,0.1905,0.2117,0.0000,0.0000,0.8383
NEB_Qwen3235BInstruct,f1,FewShot_Reverse_WithAnswer,Multiturn_WithAnswer,0.4545,0.4628,0.3810,0.4005,0.0000,0.0000,0.5837
NEB_Qwen3235BInstruct,f1,Multiturn,ZeroShot,0.1905,0.2117,0.1818,0.1978,0.0018,0.0000,0.5243
NEB_Qwen3235BInstruct,f1,Multiturn,ZeroShot_WithAnswer,0.1905,0.2117,0.3684,0.3818,0.0000,0.0000,0.2160
NEB_Qwen3235BInstruct,f1,Multiturn,FewShot,0.1905,0.2117,0.2222,0.2551,0.0000,0.0000,0.4376
NEB_Qwen3235BInstruct,f1,Multiturn,FewShot_WithAnswer,0.1905,0.2117,0.4348,0.4559,0.0000,0.0000,0.1705
NEB_Qwen3235BInstruct,f1,Multiturn,FewShot_Reverse,0.1905,0.2117,0.2222,0.2563,0.0000,0.0000,0.4312
NEB_Qwen3235BInstruct,f1,Multiturn,FewShot_MostSimMiddle,0.1905,0.2117,0.2222,0.2620,0.0000,0.0000,0.4242
NEB_Qwen3235BInstruct,f1,Multiturn,FewShot_Reverse_WithAnswer,0.1905,0.2117,0.4545,0.4628,0.0000,0.0000,0.1617
NEB_Qwen3235BInstruct,f1,Multiturn,Multiturn_WithAnswer,0.1905,0.2117,0.3810,0.4006,0.0000,0.0000,0.2021
NEB_Qwen3235BInstruct,f1,Multiturn_WithAnswer,ZeroShot,0.3810,0.4005,0.1818,0.1977,0.0000,0.0000,0.8217
NEB_Qwen3235BInstruct,f1,Multiturn_WithAnswer,ZeroShot_WithAnswer,0.3810,0.4005,0.3684,0.3819,0.0003,0.0000,0.5233
NEB_Qwen3235BInstruct,f1,Multiturn_WithAnswer,FewShot,0.3810,0.4005,0.2222,0.2548,0.0000,0.0000,0.7311
NEB_Qwen3235BInstruct,f1,Multiturn_WithAnswer,FewShot_WithAnswer,0.3810,0.4005,0.4348,0.4559,0.0000,0.0000,0.4284
NEB_Qwen3235BInstruct,f1,Multiturn_WithAnswer,FewShot_Reverse,0.3810,0.4005,0.2222,0.2560,0.0000,0.0000,0.7300
NEB_Qwen3235BInstruct,f1,Multiturn_WithAnswer,FewShot_MostSimMiddle,0.3810,0.4005,0.2222,0.2618,0.0000,0.0000,0.7183
NEB_Qwen3235BInstruct,f1,Multiturn_WithAnswer,FewShot_Reverse_WithAnswer,0.3810,0.4005,0.4545,0.4628,0.0000,0.0000,0.4163
NEB_Qwen3235BInstruct,f1,Multiturn_WithAnswer,Multiturn,0.3810,0.4006,0.1905,0.2117,0.0000,0.0000,0.7979
NEB_Qwen3235BInstruct,ppl_scores,ZeroShot,ZeroShot_WithAnswer,6.5342,8.5584,5.0486,6.6377,0.0000,0.0000,0.6033
NEB_Qwen3235BInstruct,ppl_scores,ZeroShot,FewShot,6.5342,8.5584,4.9919,7.3982,0.0000,0.0000,0.5958
NEB_Qwen3235BInstruct,ppl_scores,ZeroShot,FewShot_WithAnswer,6.5342,8.5584,5.0689,8.1325,0.0000,0.0000,0.5885
NEB_Qwen3235BInstruct,ppl_scores,ZeroShot,FewShot_Reverse,6.5342,8.5584,4.9807,7.5620,0.0000,0.0000,0.5976
NEB_Qwen3235BInstruct,ppl_scores,ZeroShot,FewShot_MostSimMiddle,6.5342,8.5584,4.8939,7.1105,0.0000,0.0000,0.6033
NEB_Qwen3235BInstruct,ppl_scores,ZeroShot,FewShot_Reverse_WithAnswer,6.5342,8.5584,5.0348,7.8936,0.0000,0.0002,0.5971
NEB_Qwen3235BInstruct,ppl_scores,ZeroShot,Multiturn,6.5322,8.5543,6.1560,8.2027,0.1203,0.0000,0.5206
NEB_Qwen3235BInstruct,ppl_scores,ZeroShot,Multiturn_WithAnswer,6.5342,8.5584,5.1000,6.7367,0.0000,0.0021,0.6029
NEB_Qwen3235BInstruct,ppl_scores,ZeroShot_WithAnswer,ZeroShot,5.0486,6.6377,6.5342,8.5584,0.0000,0.0000,0.3967
NEB_Qwen3235BInstruct,ppl_scores,ZeroShot_WithAnswer,FewShot,5.0486,6.6377,4.9919,7.3982,0.7494,0.0000,0.4993
NEB_Qwen3235BInstruct,ppl_scores,ZeroShot_WithAnswer,FewShot_WithAnswer,5.0486,6.6377,5.0689,8.1325,0.0681,0.0000,0.4918
NEB_Qwen3235BInstruct,ppl_scores,ZeroShot_WithAnswer,FewShot_Reverse,5.0486,6.6377,4.9807,7.5620,0.3884,0.0000,0.5027
NEB_Qwen3235BInstruct,ppl_scores,ZeroShot_WithAnswer,FewShot_MostSimMiddle,5.0486,6.6377,4.8939,7.1105,0.5812,0.0000,0.5088
NEB_Qwen3235BInstruct,ppl_scores,ZeroShot_WithAnswer,FewShot_Reverse_WithAnswer,5.0486,6.6377,5.0348,7.8936,0.1759,0.0000,0.4981
NEB_Qwen3235BInstruct,ppl_scores,ZeroShot_WithAnswer,Multiturn,5.0508,6.6399,6.1560,8.2027,0.0000,0.0000,0.4193
NEB_Qwen3235BInstruct,ppl_scores,ZeroShot_WithAnswer,Multiturn_WithAnswer,5.0486,6.6377,5.1000,6.7367,0.8502,0.0000,0.5002
NEB_Qwen3235BInstruct,ppl_scores,FewShot,ZeroShot,4.9919,7.3982,6.5342,8.5584,0.0000,0.0000,0.4042
NEB_Qwen3235BInstruct,ppl_scores,FewShot,ZeroShot_WithAnswer,4.9919,7.3982,5.0486,6.6377,0.7494,0.0000,0.5007
NEB_Qwen3235BInstruct,ppl_scores,FewShot,FewShot_WithAnswer,4.9919,7.3982,5.0689,8.1325,0.2723,0.0000,0.4928
NEB_Qwen3235BInstruct,ppl_scores,FewShot,FewShot_Reverse,4.9919,7.3982,4.9807,7.5620,0.5034,0.0000,0.5034
NEB_Qwen3235BInstruct,ppl_scores,FewShot,FewShot_MostSimMiddle,4.9919,7.3982,4.8939,7.1105,0.4874,0.0000,0.5091
NEB_Qwen3235BInstruct,ppl_scores,FewShot,FewShot_Reverse_WithAnswer,4.9919,7.3982,5.0348,7.8936,0.7251,0.0000,0.4986
NEB_Qwen3235BInstruct,ppl_scores,FewShot,Multiturn,4.9780,7.4007,6.1560,8.2027,0.0000,0.0000,0.4236
NEB_Qwen3235BInstruct,ppl_scores,FewShot,Multiturn_WithAnswer,4.9919,7.3982,5.1000,6.7367,0.4421,0.0000,0.5011
NEB_Qwen3235BInstruct,ppl_scores,FewShot_WithAnswer,ZeroShot,5.0689,8.1325,6.5342,8.5584,0.0000,0.0000,0.4115
NEB_Qwen3235BInstruct,ppl_scores,FewShot_WithAnswer,ZeroShot_WithAnswer,5.0689,8.1325,5.0486,6.6377,0.0681,0.0000,0.5082
NEB_Qwen3235BInstruct,ppl_scores,FewShot_WithAnswer,FewShot,5.0689,8.1325,4.9919,7.3982,0.2723,0.0000,0.5072
NEB_Qwen3235BInstruct,ppl_scores,FewShot_WithAnswer,FewShot_Reverse,5.0689,8.1325,4.9807,7.5620,0.4835,0.0000,0.5108
NEB_Qwen3235BInstruct,ppl_scores,FewShot_WithAnswer,FewShot_MostSimMiddle,5.0689,8.1325,4.8939,7.1105,0.1745,0.0000,0.5165
NEB_Qwen3235BInstruct,ppl_scores,FewShot_WithAnswer,FewShot_Reverse_WithAnswer,5.0689,8.1325,5.0348,7.8936,0.5858,0.0000,0.5058
NEB_Qwen3235BInstruct,ppl_scores,FewShot_WithAnswer,Multiturn,5.0706,8.1369,6.1560,8.2027,0.0001,0.0000,0.4317
NEB_Qwen3235BInstruct,ppl_scores,FewShot_WithAnswer,Multiturn_WithAnswer,5.0689,8.1325,5.1000,6.7367,0.0771,0.0000,0.5084
NEB_Qwen3235BInstruct,ppl_scores,FewShot_Reverse,ZeroShot,4.9807,7.5620,6.5342,8.5584,0.0000,0.0000,0.4024
NEB_Qwen3235BInstruct,ppl_scores,FewShot_Reverse,ZeroShot_WithAnswer,4.9807,7.5620,5.0486,6.6377,0.3884,0.0000,0.4973
NEB_Qwen3235BInstruct,ppl_scores,FewShot_Reverse,FewShot,4.9807,7.5620,4.9919,7.3982,0.5034,0.0000,0.4966
NEB_Qwen3235BInstruct,ppl_scores,FewShot_Reverse,FewShot_WithAnswer,4.9807,7.5620,5.0689,8.1325,0.4835,0.0000,0.4892
NEB_Qwen3235BInstruct,ppl_scores,FewShot_Reverse,FewShot_MostSimMiddle,4.9807,7.5620,4.8939,7.1105,0.4263,0.0000,0.5056
NEB_Qwen3235BInstruct,ppl_scores,FewShot_Reverse,FewShot_Reverse_WithAnswer,4.9807,7.5620,5.0348,7.8936,0.5761,0.0000,0.4951
NEB_Qwen3235BInstruct,ppl_scores,FewShot_Reverse,Multiturn,4.9791,7.5647,6.1560,8.2027,0.0000,0.0000,0.4214
NEB_Qwen3235BInstruct,ppl_scores,FewShot_Reverse,Multiturn_WithAnswer,4.9807,7.5620,5.1000,6.7367,0.6691,0.0000,0.4977
NEB_Qwen3235BInstruct,ppl_scores,FewShot_MostSimMiddle,ZeroShot,4.8939,7.1105,6.5342,8.5584,0.0000,0.0000,0.3967
NEB_Qwen3235BInstruct,ppl_scores,FewShot_MostSimMiddle,ZeroShot_WithAnswer,4.8939,7.1105,5.0486,6.6377,0.5812,0.0000,0.4912
NEB_Qwen3235BInstruct,ppl_scores,FewShot_MostSimMiddle,FewShot,4.8939,7.1105,4.9919,7.3982,0.4874,0.0000,0.4909
NEB_Qwen3235BInstruct,ppl_scores,FewShot_MostSimMiddle,FewShot_WithAnswer,4.8939,7.1105,5.0689,8.1325,0.1745,0.0000,0.4835
NEB_Qwen3235BInstruct,ppl_scores,FewShot_MostSimMiddle,FewShot_Reverse,4.8939,7.1105,4.9807,7.5620,0.4263,0.0000,0.4944
NEB_Qwen3235BInstruct,ppl_scores,FewShot_MostSimMiddle,FewShot_Reverse_WithAnswer,4.8939,7.1105,5.0348,7.8936,0.4741,0.0000,0.4892
NEB_Qwen3235BInstruct,ppl_scores,FewShot_MostSimMiddle,Multiturn,4.8894,7.1127,6.1560,8.2027,0.0000,0.0000,0.4154
NEB_Qwen3235BInstruct,ppl_scores,FewShot_MostSimMiddle,Multiturn_WithAnswer,4.8939,7.1105,5.1000,6.7367,0.9707,0.0000,0.4918
NEB_Qwen3235BInstruct,ppl_scores,FewShot_Reverse_WithAnswer,ZeroShot,5.0348,7.8936,6.5342,8.5584,0.0000,0.0002,0.4029
NEB_Qwen3235BInstruct,ppl_scores,FewShot_Reverse_WithAnswer,ZeroShot_WithAnswer,5.0348,7.8936,5.0486,6.6377,0.1759,0.0000,0.5019
NEB_Qwen3235BInstruct,ppl_scores,FewShot_Reverse_WithAnswer,FewShot,5.0348,7.8936,4.9919,7.3982,0.7251,0.0000,0.5014
NEB_Qwen3235BInstruct,ppl_scores,FewShot_Reverse_WithAnswer,FewShot_WithAnswer,5.0348,7.8936,5.0689,8.1325,0.5858,0.0000,0.4942
NEB_Qwen3235BInstruct,ppl_scores,FewShot_Reverse_WithAnswer,FewShot_Reverse,5.0348,7.8936,4.9807,7.5620,0.5761,0.0000,0.5049
NEB_Qwen3235BInstruct,ppl_scores,FewShot_Reverse_WithAnswer,FewShot_MostSimMiddle,5.0348,7.8936,4.8939,7.1105,0.4741,0.0000,0.5108
NEB_Qwen3235BInstruct,ppl_scores,FewShot_Reverse_WithAnswer,Multiturn,5.0358,7.8977,6.1560,8.2027,0.0000,0.0000,0.4242
NEB_Qwen3235BInstruct,ppl_scores,FewShot_Reverse_WithAnswer,Multiturn_WithAnswer,5.0348,7.8936,5.1000,6.7367,0.4328,0.0000,0.5023
NEB_Qwen3235BInstruct,ppl_scores,Multiturn,ZeroShot,6.1560,8.2027,6.5322,8.5543,0.1203,0.0000,0.4794
NEB_Qwen3235BInstruct,ppl_scores,Multiturn,ZeroShot_WithAnswer,6.1560,8.2027,5.0508,6.6399,0.0000,0.0000,0.5807
NEB_Qwen3235BInstruct,ppl_scores,Multiturn,FewShot,6.1560,8.2027,4.9780,7.4007,0.0000,0.0000,0.5764
NEB_Qwen3235BInstruct,ppl_scores,Multiturn,FewShot_WithAnswer,6.1560,8.2027,5.0706,8.1369,0.0001,0.0000,0.5683
NEB_Qwen3235BInstruct,ppl_scores,Multiturn,FewShot_Reverse,6.1560,8.2027,4.9791,7.5647,0.0000,0.0000,0.5786
NEB_Qwen3235BInstruct,ppl_scores,Multiturn,FewShot_MostSimMiddle,6.1560,8.2027,4.8894,7.1127,0.0000,0.0000,0.5846
NEB_Qwen3235BInstruct,ppl_scores,Multiturn,FewShot_Reverse_WithAnswer,6.1560,8.2027,5.0358,7.8977,0.0000,0.0000,0.5758
NEB_Qwen3235BInstruct,ppl_scores,Multiturn,Multiturn_WithAnswer,6.1560,8.2027,5.1006,6.7402,0.0000,0.0000,0.5809
NEB_Qwen3235BInstruct,ppl_scores,Multiturn_WithAnswer,ZeroShot,5.1000,6.7367,6.5342,8.5584,0.0000,0.0021,0.3971
NEB_Qwen3235BInstruct,ppl_scores,Multiturn_WithAnswer,ZeroShot_WithAnswer,5.1000,6.7367,5.0486,6.6377,0.8502,0.0000,0.4998
NEB_Qwen3235BInstruct,ppl_scores,Multiturn_WithAnswer,FewShot,5.1000,6.7367,4.9919,7.3982,0.4421,0.0000,0.4989
NEB_Qwen3235BInstruct,ppl_scores,Multiturn_WithAnswer,FewShot_WithAnswer,5.1000,6.7367,5.0689,8.1325,0.0771,0.0000,0.4916
NEB_Qwen3235BInstruct,ppl_scores,Multiturn_WithAnswer,FewShot_Reverse,5.1000,6.7367,4.9807,7.5620,0.6691,0.0000,0.5023
NEB_Qwen3235BInstruct,ppl_scores,Multiturn_WithAnswer,FewShot_MostSimMiddle,5.1000,6.7367,4.8939,7.1105,0.9707,0.0000,0.5082
NEB_Qwen3235BInstruct,ppl_scores,Multiturn_WithAnswer,FewShot_Reverse_WithAnswer,5.1000,6.7367,5.0348,7.8936,0.4328,0.0000,0.4977
NEB_Qwen3235BInstruct,ppl_scores,Multiturn_WithAnswer,Multiturn,5.1006,6.7402,6.1560,8.2027,0.0000,0.0000,0.4191
NEB_Qwen3235BInstruct,divs,ZeroShot,ZeroShot_WithAnswer,0.9130,0.9090,0.9167,0.9094,0.1580,0.0000,0.4710
NEB_Qwen3235BInstruct,divs,ZeroShot,FewShot,0.9130,0.9090,0.8889,0.8864,0.0000,0.0000,0.6811
NEB_Qwen3235BInstruct,divs,ZeroShot,FewShot_WithAnswer,0.9130,0.9090,0.9048,0.8946,0.0000,0.0000,0.5971
NEB_Qwen3235BInstruct,divs,ZeroShot,FewShot_Reverse,0.9130,0.9090,0.8947,0.8858,0.0000,0.0000,0.6832
NEB_Qwen3235BInstruct,divs,ZeroShot,FewShot_MostSimMiddle,0.9130,0.9090,0.8889,0.8847,0.0000,0.0000,0.6944
NEB_Qwen3235BInstruct,divs,ZeroShot,FewShot_Reverse_WithAnswer,0.9130,0.9090,0.9048,0.8952,0.0000,0.0000,0.5934
NEB_Qwen3235BInstruct,divs,ZeroShot,Multiturn,0.9130,0.9090,0.9091,0.9041,0.0000,0.0000,0.5530
NEB_Qwen3235BInstruct,divs,ZeroShot,Multiturn_WithAnswer,0.9130,0.9090,0.9130,0.9053,0.0418,0.0000,0.5129
NEB_Qwen3235BInstruct,divs,ZeroShot_WithAnswer,ZeroShot,0.9167,0.9094,0.9130,0.9090,0.1580,0.0000,0.5290
NEB_Qwen3235BInstruct,divs,ZeroShot_WithAnswer,FewShot,0.9167,0.9094,0.8889,0.8864,0.0000,0.0000,0.6903
NEB_Qwen3235BInstruct,divs,ZeroShot_WithAnswer,FewShot_WithAnswer,0.9167,0.9094,0.9048,0.8946,0.0000,0.0000,0.6160
NEB_Qwen3235BInstruct,divs,ZeroShot_WithAnswer,FewShot_Reverse,0.9167,0.9094,0.8947,0.8858,0.0000,0.0000,0.6913
NEB_Qwen3235BInstruct,divs,ZeroShot_WithAnswer,FewShot_MostSimMiddle,0.9167,0.9094,0.8889,0.8847,0.0000,0.0000,0.7014
NEB_Qwen3235BInstruct,divs,ZeroShot_WithAnswer,FewShot_Reverse_WithAnswer,0.9167,0.9094,0.9048,0.8952,0.0000,0.0000,0.6132
NEB_Qwen3235BInstruct,divs,ZeroShot_WithAnswer,Multiturn,0.9167,0.9095,0.9091,0.9041,0.0000,0.0000,0.5743
NEB_Qwen3235BInstruct,divs,ZeroShot_WithAnswer,Multiturn_WithAnswer,0.9167,0.9094,0.9130,0.9053,0.0000,0.0000,0.5383
NEB_Qwen3235BInstruct,divs,FewShot,ZeroShot,0.8889,0.8864,0.9130,0.9090,0.0000,0.0000,0.3189
NEB_Qwen3235BInstruct,divs,FewShot,ZeroShot_WithAnswer,0.8889,0.8864,0.9167,0.9094,0.0000,0.0000,0.3097
NEB_Qwen3235BInstruct,divs,FewShot,FewShot_WithAnswer,0.8889,0.8864,0.9048,0.8946,0.0000,0.0000,0.4203
NEB_Qwen3235BInstruct,divs,FewShot,FewShot_Reverse,0.8889,0.8864,0.8947,0.8858,0.9363,0.0000,0.5027
NEB_Qwen3235BInstruct,divs,FewShot,FewShot_MostSimMiddle,0.8889,0.8864,0.8889,0.8847,0.0900,0.0000,0.5118
NEB_Qwen3235BInstruct,divs,FewShot,FewShot_Reverse_WithAnswer,0.8889,0.8864,0.9048,0.8952,0.0000,0.0000,0.4174
NEB_Qwen3235BInstruct,divs,FewShot,Multiturn,0.8889,0.8864,0.9091,0.9041,0.0000,0.0000,0.3659
NEB_Qwen3235BInstruct,divs,FewShot,Multiturn_WithAnswer,0.8889,0.8864,0.9130,0.9053,0.0000,0.0000,0.3443
NEB_Qwen3235BInstruct,divs,FewShot_WithAnswer,ZeroShot,0.9048,0.8946,0.9130,0.9090,0.0000,0.0000,0.4029
NEB_Qwen3235BInstruct,divs,FewShot_WithAnswer,ZeroShot_WithAnswer,0.9048,0.8946,0.9167,0.9094,0.0000,0.0000,0.3840
NEB_Qwen3235BInstruct,divs,FewShot_WithAnswer,FewShot,0.9048,0.8946,0.8889,0.8864,0.0000,0.0000,0.5797
NEB_Qwen3235BInstruct,divs,FewShot_WithAnswer,FewShot_Reverse,0.9048,0.8946,0.8947,0.8858,0.0000,0.0000,0.5818
NEB_Qwen3235BInstruct,divs,FewShot_WithAnswer,FewShot_MostSimMiddle,0.9048,0.8946,0.8889,0.8847,0.0000,0.0000,0.5914
NEB_Qwen3235BInstruct,divs,FewShot_WithAnswer,FewShot_Reverse_WithAnswer,0.9048,0.8946,0.9048,0.8952,0.4139,0.0000,0.4968
NEB_Qwen3235BInstruct,divs,FewShot_WithAnswer,Multiturn,0.9048,0.8946,0.9091,0.9041,0.0000,0.0000,0.4515
NEB_Qwen3235BInstruct,divs,FewShot_WithAnswer,Multiturn_WithAnswer,0.9048,0.8946,0.9130,0.9053,0.0000,0.0000,0.4212
NEB_Qwen3235BInstruct,divs,FewShot_Reverse,ZeroShot,0.8947,0.8858,0.9130,0.9090,0.0000,0.0000,0.3168
NEB_Qwen3235BInstruct,divs,FewShot_Reverse,ZeroShot_WithAnswer,0.8947,0.8858,0.9167,0.9094,0.0000,0.0000,0.3087
NEB_Qwen3235BInstruct,divs,FewShot_Reverse,FewShot,0.8947,0.8858,0.8889,0.8864,0.9363,0.0000,0.4973
NEB_Qwen3235BInstruct,divs,FewShot_Reverse,FewShot_WithAnswer,0.8947,0.8858,0.9048,0.8946,0.0000,0.0000,0.4182
NEB_Qwen3235BInstruct,divs,FewShot_Reverse,FewShot_MostSimMiddle,0.8947,0.8858,0.8889,0.8847,0.1855,0.0000,0.5084
NEB_Qwen3235BInstruct,divs,FewShot_Reverse,FewShot_Reverse_WithAnswer,0.8947,0.8858,0.9048,0.8952,0.0000,0.0000,0.4149
NEB_Qwen3235BInstruct,divs,FewShot_Reverse,Multiturn,0.8947,0.8859,0.9091,0.9041,0.0000,0.0000,0.3639
NEB_Qwen3235BInstruct,divs,FewShot_Reverse,Multiturn_WithAnswer,0.8947,0.8858,0.9130,0.9053,0.0000,0.0000,0.3427
NEB_Qwen3235BInstruct,divs,FewShot_MostSimMiddle,ZeroShot,0.8889,0.8847,0.9130,0.9090,0.0000,0.0000,0.3056
NEB_Qwen3235BInstruct,divs,FewShot_MostSimMiddle,ZeroShot_WithAnswer,0.8889,0.8847,0.9167,0.9094,0.0000,0.0000,0.2986
NEB_Qwen3235BInstruct,divs,FewShot_MostSimMiddle,FewShot,0.8889,0.8847,0.8889,0.8864,0.0900,0.0000,0.4882
NEB_Qwen3235BInstruct,divs,FewShot_MostSimMiddle,FewShot_WithAnswer,0.8889,0.8847,0.9048,0.8946,0.0000,0.0000,0.4086
NEB_Qwen3235BInstruct,divs,FewShot_MostSimMiddle,FewShot_Reverse,0.8889,0.8847,0.8947,0.8858,0.1855,0.0000,0.4916
NEB_Qwen3235BInstruct,divs,FewShot_MostSimMiddle,FewShot_Reverse_WithAnswer,0.8889,0.8847,0.9048,0.8952,0.0000,0.0000,0.4050
NEB_Qwen3235BInstruct,divs,FewShot_MostSimMiddle,Multiturn,0.8889,0.8847,0.9091,0.9041,0.0000,0.0000,0.3533
NEB_Qwen3235BInstruct,divs,FewShot_MostSimMiddle,Multiturn_WithAnswer,0.8889,0.8847,0.9130,0.9053,0.0000,0.0000,0.3331
NEB_Qwen3235BInstruct,divs,FewShot_Reverse_WithAnswer,ZeroShot,0.9048,0.8952,0.9130,0.9090,0.0000,0.0000,0.4066
NEB_Qwen3235BInstruct,divs,FewShot_Reverse_WithAnswer,ZeroShot_WithAnswer,0.9048,0.8952,0.9167,0.9094,0.0000,0.0000,0.3868
NEB_Qwen3235BInstruct,divs,FewShot_Reverse_WithAnswer,FewShot,0.9048,0.8952,0.8889,0.8864,0.0000,0.0000,0.5826
NEB_Qwen3235BInstruct,divs,FewShot_Reverse_WithAnswer,FewShot_WithAnswer,0.9048,0.8952,0.9048,0.8946,0.4139,0.0000,0.5032
NEB_Qwen3235BInstruct,divs,FewShot_Reverse_WithAnswer,FewShot_Reverse,0.9048,0.8952,0.8947,0.8858,0.0000,0.0000,0.5851
NEB_Qwen3235BInstruct,divs,FewShot_Reverse_WithAnswer,FewShot_MostSimMiddle,0.9048,0.8952,0.8889,0.8847,0.0000,0.0000,0.5950
NEB_Qwen3235BInstruct,divs,FewShot_Reverse_WithAnswer,Multiturn,0.9048,0.8952,0.9091,0.9041,0.0000,0.0000,0.4559
NEB_Qwen3235BInstruct,divs,FewShot_Reverse_WithAnswer,Multiturn_WithAnswer,0.9048,0.8952,0.9130,0.9053,0.0000,0.0000,0.4244
NEB_Qwen3235BInstruct,divs,Multiturn,ZeroShot,0.9091,0.9041,0.9130,0.9090,0.0000,0.0000,0.4470
NEB_Qwen3235BInstruct,divs,Multiturn,ZeroShot_WithAnswer,0.9091,0.9041,0.9167,0.9095,0.0000,0.0000,0.4257
NEB_Qwen3235BInstruct,divs,Multiturn,FewShot,0.9091,0.9041,0.8889,0.8864,0.0000,0.0000,0.6341
NEB_Qwen3235BInstruct,divs,Multiturn,FewShot_WithAnswer,0.9091,0.9041,0.9048,0.8946,0.0000,0.0000,0.5485
NEB_Qwen3235BInstruct,divs,Multiturn,FewShot_Reverse,0.9091,0.9041,0.8947,0.8859,0.0000,0.0000,0.6361
NEB_Qwen3235BInstruct,divs,Multiturn,FewShot_MostSimMiddle,0.9091,0.9041,0.8889,0.8847,0.0000,0.0000,0.6467
NEB_Qwen3235BInstruct,divs,Multiturn,FewShot_Reverse_WithAnswer,0.9091,0.9041,0.9048,0.8952,0.0000,0.0000,0.5441
NEB_Qwen3235BInstruct,divs,Multiturn,Multiturn_WithAnswer,0.9091,0.9041,0.9130,0.9053,0.0536,0.0000,0.4666
NEB_Qwen3235BInstruct,divs,Multiturn_WithAnswer,ZeroShot,0.9130,0.9053,0.9130,0.9090,0.0418,0.0000,0.4871
NEB_Qwen3235BInstruct,divs,Multiturn_WithAnswer,ZeroShot_WithAnswer,0.9130,0.9053,0.9167,0.9094,0.0000,0.0000,0.4617
NEB_Qwen3235BInstruct,divs,Multiturn_WithAnswer,FewShot,0.9130,0.9053,0.8889,0.8864,0.0000,0.0000,0.6557
NEB_Qwen3235BInstruct,divs,Multiturn_WithAnswer,FewShot_WithAnswer,0.9130,0.9053,0.9048,0.8946,0.0000,0.0000,0.5788
NEB_Qwen3235BInstruct,divs,Multiturn_WithAnswer,FewShot_Reverse,0.9130,0.9053,0.8947,0.8858,0.0000,0.0000,0.6573
NEB_Qwen3235BInstruct,divs,Multiturn_WithAnswer,FewShot_MostSimMiddle,0.9130,0.9053,0.8889,0.8847,0.0000,0.0000,0.6669
NEB_Qwen3235BInstruct,divs,Multiturn_WithAnswer,FewShot_Reverse_WithAnswer,0.9130,0.9053,0.9048,0.8952,0.0000,0.0000,0.5756
NEB_Qwen3235BInstruct,divs,Multiturn_WithAnswer,Multiturn,0.9130,0.9053,0.9091,0.9041,0.0536,0.0000,0.5334
NEB_Qwen3235BInstruct,bert_score,ZeroShot,ZeroShot_WithAnswer,0.5197,0.5295,0.6458,0.6493,0.0000,0.0000,0.1676
NEB_Qwen3235BInstruct,bert_score,ZeroShot,FewShot,0.5197,0.5295,0.5588,0.5743,0.0000,0.0000,0.3672
NEB_Qwen3235BInstruct,bert_score,ZeroShot,FewShot_WithAnswer,0.5197,0.5295,0.6812,0.6835,0.0000,0.0000,0.1389
NEB_Qwen3235BInstruct,bert_score,ZeroShot,FewShot_Reverse,0.5197,0.5295,0.5604,0.5748,0.0000,0.0000,0.3621
NEB_Qwen3235BInstruct,bert_score,ZeroShot,FewShot_MostSimMiddle,0.5197,0.5295,0.5611,0.5794,0.0000,0.0000,0.3537
NEB_Qwen3235BInstruct,bert_score,ZeroShot,FewShot_Reverse_WithAnswer,0.5197,0.5295,0.6850,0.6869,0.0000,0.0000,0.1324
NEB_Qwen3235BInstruct,bert_score,ZeroShot,Multiturn,0.5196,0.5295,0.5310,0.5432,0.0000,0.0000,0.4596
NEB_Qwen3235BInstruct,bert_score,ZeroShot,Multiturn_WithAnswer,0.5197,0.5295,0.6514,0.6598,0.0000,0.0000,0.1530
NEB_Qwen3235BInstruct,bert_score,ZeroShot_WithAnswer,ZeroShot,0.6458,0.6493,0.5197,0.5295,0.0000,0.0000,0.8324
NEB_Qwen3235BInstruct,bert_score,ZeroShot_WithAnswer,FewShot,0.6458,0.6493,0.5588,0.5743,0.0000,0.0000,0.7197
NEB_Qwen3235BInstruct,bert_score,ZeroShot_WithAnswer,FewShot_WithAnswer,0.6458,0.6493,0.6812,0.6835,0.0000,0.0000,0.4197
NEB_Qwen3235BInstruct,bert_score,ZeroShot_WithAnswer,FewShot_Reverse,0.6458,0.6493,0.5604,0.5748,0.0000,0.0000,0.7199
NEB_Qwen3235BInstruct,bert_score,ZeroShot_WithAnswer,FewShot_MostSimMiddle,0.6458,0.6493,0.5611,0.5794,0.0000,0.0000,0.7034
NEB_Qwen3235BInstruct,bert_score,ZeroShot_WithAnswer,FewShot_Reverse_WithAnswer,0.6458,0.6493,0.6850,0.6869,0.0000,0.0000,0.4098
NEB_Qwen3235BInstruct,bert_score,ZeroShot_WithAnswer,Multiturn,0.6458,0.6493,0.5310,0.5432,0.0000,0.0000,0.7960
NEB_Qwen3235BInstruct,bert_score,ZeroShot_WithAnswer,Multiturn_WithAnswer,0.6458,0.6493,0.6514,0.6598,0.0004,0.0000,0.4759
NEB_Qwen3235BInstruct,bert_score,FewShot,ZeroShot,0.5588,0.5743,0.5197,0.5295,0.0000,0.0000,0.6328
NEB_Qwen3235BInstruct,bert_score,FewShot,ZeroShot_WithAnswer,0.5588,0.5743,0.6458,0.6493,0.0000,0.0000,0.2803
NEB_Qwen3235BInstruct,bert_score,FewShot,FewShot_WithAnswer,0.5588,0.5743,0.6812,0.6835,0.0000,0.0000,0.2365
NEB_Qwen3235BInstruct,bert_score,FewShot,FewShot_Reverse,0.5588,0.5743,0.5604,0.5748,0.1771,0.0000,0.4964
NEB_Qwen3235BInstruct,bert_score,FewShot,FewShot_MostSimMiddle,0.5588,0.5743,0.5611,0.5794,0.0066,0.0000,0.4853
NEB_Qwen3235BInstruct,bert_score,FewShot,FewShot_Reverse_WithAnswer,0.5588,0.5743,0.6850,0.6869,0.0000,0.0000,0.2280
NEB_Qwen3235BInstruct,bert_score,FewShot,Multiturn,0.5589,0.5743,0.5310,0.5432,0.0000,0.0000,0.5919
NEB_Qwen3235BInstruct,bert_score,FewShot,Multiturn_WithAnswer,0.5588,0.5743,0.6514,0.6598,0.0000,0.0000,0.2622
NEB_Qwen3235BInstruct,bert_score,FewShot_WithAnswer,ZeroShot,0.6812,0.6835,0.5197,0.5295,0.0000,0.0000,0.8611
NEB_Qwen3235BInstruct,bert_score,FewShot_WithAnswer,ZeroShot_WithAnswer,0.6812,0.6835,0.6458,0.6493,0.0000,0.0000,0.5803
NEB_Qwen3235BInstruct,bert_score,FewShot_WithAnswer,FewShot,0.6812,0.6835,0.5588,0.5743,0.0000,0.0000,0.7635
NEB_Qwen3235BInstruct,bert_score,FewShot_WithAnswer,FewShot_Reverse,0.6812,0.6835,0.5604,0.5748,0.0000,0.0000,0.7645
NEB_Qwen3235BInstruct,bert_score,FewShot_WithAnswer,FewShot_MostSimMiddle,0.6812,0.6835,0.5611,0.5794,0.0000,0.0000,0.7508
NEB_Qwen3235BInstruct,bert_score,FewShot_WithAnswer,FewShot_Reverse_WithAnswer,0.6812,0.6835,0.6850,0.6869,0.0880,0.0000,0.4916
NEB_Qwen3235BInstruct,bert_score,FewShot_WithAnswer,Multiturn,0.6812,0.6835,0.5310,0.5432,0.0000,0.0000,0.8292
NEB_Qwen3235BInstruct,bert_score,FewShot_WithAnswer,Multiturn_WithAnswer,0.6812,0.6835,0.6514,0.6598,0.0000,0.0000,0.5567
NEB_Qwen3235BInstruct,bert_score,FewShot_Reverse,ZeroShot,0.5604,0.5748,0.5197,0.5295,0.0000,0.0000,0.6379
NEB_Qwen3235BInstruct,bert_score,FewShot_Reverse,ZeroShot_WithAnswer,0.5604,0.5748,0.6458,0.6493,0.0000,0.0000,0.2801
NEB_Qwen3235BInstruct,bert_score,FewShot_Reverse,FewShot,0.5604,0.5748,0.5588,0.5743,0.1771,0.0000,0.5036
NEB_Qwen3235BInstruct,bert_score,FewShot_Reverse,FewShot_WithAnswer,0.5604,0.5748,0.6812,0.6835,0.0000,0.0000,0.2355
NEB_Qwen3235BInstruct,bert_score,FewShot_Reverse,FewShot_MostSimMiddle,0.5604,0.5748,0.5611,0.5794,0.1057,0.0000,0.4885
NEB_Qwen3235BInstruct,bert_score,FewShot_Reverse,FewShot_Reverse_WithAnswer,0.5604,0.5748,0.6850,0.6869,0.0000,0.0000,0.2269
NEB_Qwen3235BInstruct,bert_score,FewShot_Reverse,Multiturn,0.5607,0.5748,0.5310,0.5432,0.0000,0.0000,0.5962
NEB_Qwen3235BInstruct,bert_score,FewShot_Reverse,Multiturn_WithAnswer,0.5604,0.5748,0.6514,0.6598,0.0000,0.0000,0.2621
NEB_Qwen3235BInstruct,bert_score,FewShot_MostSimMiddle,ZeroShot,0.5611,0.5794,0.5197,0.5295,0.0000,0.0000,0.6463
NEB_Qwen3235BInstruct,bert_score,FewShot_MostSimMiddle,ZeroShot_WithAnswer,0.5611,0.5794,0.6458,0.6493,0.0000,0.0000,0.2966
NEB_Qwen3235BInstruct,bert_score,FewShot_MostSimMiddle,FewShot,0.5611,0.5794,0.5588,0.5743,0.0066,0.0000,0.5147
NEB_Qwen3235BInstruct,bert_score,FewShot_MostSimMiddle,FewShot_WithAnswer,0.5611,0.5794,0.6812,0.6835,0.0000,0.0000,0.2492
NEB_Qwen3235BInstruct,bert_score,FewShot_MostSimMiddle,FewShot_Reverse,0.5611,0.5794,0.5604,0.5748,0.1057,0.0000,0.5115
NEB_Qwen3235BInstruct,bert_score,FewShot_MostSimMiddle,FewShot_Reverse_WithAnswer,0.5611,0.5794,0.6850,0.6869,0.0000,0.0000,0.2408
NEB_Qwen3235BInstruct,bert_score,FewShot_MostSimMiddle,Multiturn,0.5611,0.5794,0.5310,0.5432,0.0000,0.0000,0.6052
NEB_Qwen3235BInstruct,bert_score,FewShot_MostSimMiddle,Multiturn_WithAnswer,0.5611,0.5794,0.6514,0.6598,0.0000,0.0000,0.2782
NEB_Qwen3235BInstruct,bert_score,FewShot_Reverse_WithAnswer,ZeroShot,0.6850,0.6869,0.5197,0.5295,0.0000,0.0000,0.8676
NEB_Qwen3235BInstruct,bert_score,FewShot_Reverse_WithAnswer,ZeroShot_WithAnswer,0.6850,0.6869,0.6458,0.6493,0.0000,0.0000,0.5902
NEB_Qwen3235BInstruct,bert_score,FewShot_Reverse_WithAnswer,FewShot,0.6850,0.6869,0.5588,0.5743,0.0000,0.0000,0.7720
NEB_Qwen3235BInstruct,bert_score,FewShot_Reverse_WithAnswer,FewShot_WithAnswer,0.6850,0.6869,0.6812,0.6835,0.0880,0.0000,0.5084
NEB_Qwen3235BInstruct,bert_score,FewShot_Reverse_WithAnswer,FewShot_Reverse,0.6850,0.6869,0.5604,0.5748,0.0000,0.0000,0.7731
NEB_Qwen3235BInstruct,bert_score,FewShot_Reverse_WithAnswer,FewShot_MostSimMiddle,0.6850,0.6869,0.5611,0.5794,0.0000,0.0000,0.7592
NEB_Qwen3235BInstruct,bert_score,FewShot_Reverse_WithAnswer,Multiturn,0.6850,0.6869,0.5310,0.5432,0.0000,0.0000,0.8368
NEB_Qwen3235BInstruct,bert_score,FewShot_Reverse_WithAnswer,Multiturn_WithAnswer,0.6850,0.6869,0.6514,0.6598,0.0000,0.0000,0.5665
NEB_Qwen3235BInstruct,bert_score,Multiturn,ZeroShot,0.5310,0.5432,0.5196,0.5295,0.0000,0.0000,0.5404
NEB_Qwen3235BInstruct,bert_score,Multiturn,ZeroShot_WithAnswer,0.5310,0.5432,0.6458,0.6493,0.0000,0.0000,0.2040
NEB_Qwen3235BInstruct,bert_score,Multiturn,FewShot,0.5310,0.5432,0.5589,0.5743,0.0000,0.0000,0.4081
NEB_Qwen3235BInstruct,bert_score,Multiturn,FewShot_WithAnswer,0.5310,0.5432,0.6812,0.6835,0.0000,0.0000,0.1708
NEB_Qwen3235BInstruct,bert_score,Multiturn,FewShot_Reverse,0.5310,0.5432,0.5607,0.5748,0.0000,0.0000,0.4038
NEB_Qwen3235BInstruct,bert_score,Multiturn,FewShot_MostSimMiddle,0.5310,0.5432,0.5611,0.5794,0.0000,0.0000,0.3948
NEB_Qwen3235BInstruct,bert_score,Multiturn,FewShot_Reverse_WithAnswer,0.5310,0.5432,0.6850,0.6869,0.0000,0.0000,0.1632
NEB_Qwen3235BInstruct,bert_score,Multiturn,Multiturn_WithAnswer,0.5310,0.5432,0.6515,0.6599,0.0000,0.0000,0.1881
NEB_Qwen3235BInstruct,bert_score,Multiturn_WithAnswer,ZeroShot,0.6514,0.6598,0.5197,0.5295,0.0000,0.0000,0.8470
NEB_Qwen3235BInstruct,bert_score,Multiturn_WithAnswer,ZeroShot_WithAnswer,0.6514,0.6598,0.6458,0.6493,0.0004,0.0000,0.5241
NEB_Qwen3235BInstruct,bert_score,Multiturn_WithAnswer,FewShot,0.6514,0.6598,0.5588,0.5743,0.0000,0.0000,0.7378
NEB_Qwen3235BInstruct,bert_score,Multiturn_WithAnswer,FewShot_WithAnswer,0.6514,0.6598,0.6812,0.6835,0.0000,0.0000,0.4433
NEB_Qwen3235BInstruct,bert_score,Multiturn_WithAnswer,FewShot_Reverse,0.6514,0.6598,0.5604,0.5748,0.0000,0.0000,0.7379
NEB_Qwen3235BInstruct,bert_score,Multiturn_WithAnswer,FewShot_MostSimMiddle,0.6514,0.6598,0.5611,0.5794,0.0000,0.0000,0.7218
NEB_Qwen3235BInstruct,bert_score,Multiturn_WithAnswer,FewShot_Reverse_WithAnswer,0.6514,0.6598,0.6850,0.6869,0.0000,0.0000,0.4335
NEB_Qwen3235BInstruct,bert_score,Multiturn_WithAnswer,Multiturn,0.6515,0.6599,0.5310,0.5432,0.0000,0.0000,0.8119
GPT54Mini,bleu_1,ZeroShot,ZeroShot_WithAnswer,0.2105,0.2359,0.3684,0.3915,0.0000,0.0000,0.2298
GPT54Mini,bleu_1,ZeroShot,FewShot,0.2105,0.2359,0.2289,0.2714,0.0000,0.0000,0.4527
GPT54Mini,bleu_1,ZeroShot,FewShot_WithAnswer,0.2105,0.2359,0.4097,0.4382,0.0000,0.0000,0.2031
GPT54Mini,bleu_1,ZeroShot,FewShot_Reverse,0.2105,0.2359,0.2351,0.2755,0.0000,0.0000,0.4420
GPT54Mini,bleu_1,ZeroShot,FewShot_MostSimMiddle,0.2105,0.2361,0.2385,0.2762,0.0000,0.0000,0.4373
GPT54Mini,bleu_1,ZeroShot,FewShot_Reverse_WithAnswer,0.2105,0.2359,0.4100,0.4399,0.0000,0.0000,0.2010
GPT54Mini,bleu_1,ZeroShot,Multiturn,0.2105,0.2359,0.2222,0.2540,0.0001,0.0000,0.4704
GPT54Mini,bleu_1,ZeroShot,Multiturn_WithAnswer,0.2105,0.2359,0.4000,0.4266,0.0000,0.0000,0.2070
GPT54Mini,bleu_1,ZeroShot_WithAnswer,ZeroShot,0.3684,0.3915,0.2105,0.2359,0.0000,0.0000,0.7702
GPT54Mini,bleu_1,ZeroShot_WithAnswer,FewShot,0.3684,0.3915,0.2289,0.2714,0.0000,0.0000,0.7154
GPT54Mini,bleu_1,ZeroShot_WithAnswer,FewShot_WithAnswer,0.3684,0.3915,0.4097,0.4382,0.0000,0.0000,0.4428
GPT54Mini,bleu_1,ZeroShot_WithAnswer,FewShot_Reverse,0.3684,0.3915,0.2351,0.2755,0.0000,0.0000,0.7079
GPT54Mini,bleu_1,ZeroShot_WithAnswer,FewShot_MostSimMiddle,0.3684,0.3914,0.2385,0.2762,0.0000,0.0000,0.7059
GPT54Mini,bleu_1,ZeroShot_WithAnswer,FewShot_Reverse_WithAnswer,0.3684,0.3915,0.4100,0.4399,0.0000,0.0000,0.4403
GPT54Mini,bleu_1,ZeroShot_WithAnswer,Multiturn,0.3684,0.3915,0.2222,0.2540,0.0000,0.0000,0.7405
GPT54Mini,bleu_1,ZeroShot_WithAnswer,Multiturn_WithAnswer,0.3684,0.3915,0.4000,0.4266,0.0000,0.0000,0.4561
GPT54Mini,bleu_1,FewShot,ZeroShot,0.2289,0.2714,0.2105,0.2359,0.0000,0.0000,0.5473
GPT54Mini,bleu_1,FewShot,ZeroShot_WithAnswer,0.2289,0.2714,0.3684,0.3915,0.0000,0.0000,0.2846
GPT54Mini,bleu_1,FewShot,FewShot_WithAnswer,0.2289,0.2714,0.4097,0.4382,0.0000,0.0000,0.2536
GPT54Mini,bleu_1,FewShot,FewShot_Reverse,0.2289,0.2714,0.2351,0.2755,0.3120,0.0000,0.4899
GPT54Mini,bleu_1,FewShot,FewShot_MostSimMiddle,0.2289,0.2717,0.2385,0.2762,0.0686,0.0000,0.4859
GPT54Mini,bleu_1,FewShot,FewShot_Reverse_WithAnswer,0.2289,0.2714,0.4100,0.4399,0.0000,0.0000,0.2512
GPT54Mini,bleu_1,FewShot,Multiturn,0.2289,0.2714,0.2222,0.2540,0.0020,0.0000,0.5183
GPT54Mini,bleu_1,FewShot,Multiturn_WithAnswer,0.2289,0.2714,0.4000,0.4266,0.0000,0.0000,0.2587
GPT54Mini,bleu_1,FewShot_WithAnswer,ZeroShot,0.4097,0.4382,0.2105,0.2359,0.0000,0.0000,0.7969
GPT54Mini,bleu_1,FewShot_WithAnswer,ZeroShot_WithAnswer,0.4097,0.4382,0.3684,0.3915,0.0000,0.0000,0.5572
GPT54Mini,bleu_1,FewShot_WithAnswer,FewShot,0.4097,0.4382,0.2289,0.2714,0.0000,0.0000,0.7464
GPT54Mini,bleu_1,FewShot_WithAnswer,FewShot_Reverse,0.4097,0.4382,0.2351,0.2755,0.0000,0.0000,0.7401
GPT54Mini,bleu_1,FewShot_WithAnswer,FewShot_MostSimMiddle,0.4105,0.4383,0.2385,0.2762,0.0000,0.0000,0.7389
GPT54Mini,bleu_1,FewShot_WithAnswer,FewShot_Reverse_WithAnswer,0.4097,0.4382,0.4100,0.4399,0.8145,0.0000,0.4978
GPT54Mini,bleu_1,FewShot_WithAnswer,Multiturn,0.4097,0.4382,0.2222,0.2540,0.0000,0.0000,0.7706
GPT54Mini,bleu_1,FewShot_WithAnswer,Multiturn_WithAnswer,0.4097,0.4382,0.4000,0.4266,0.0420,0.0000,0.5142
GPT54Mini,bleu_1,FewShot_Reverse,ZeroShot,0.2351,0.2755,0.2105,0.2359,0.0000,0.0000,0.5580
GPT54Mini,bleu_1,FewShot_Reverse,ZeroShot_WithAnswer,0.2351,0.2755,0.3684,0.3915,0.0000,0.0000,0.2921
GPT54Mini,bleu_1,FewShot_Reverse,FewShot,0.2351,0.2755,0.2289,0.2714,0.3120,0.0000,0.5101
GPT54Mini,bleu_1,FewShot_Reverse,FewShot_WithAnswer,0.2351,0.2755,0.4097,0.4382,0.0000,0.0000,0.2599
GPT54Mini,bleu_1,FewShot_Reverse,FewShot_MostSimMiddle,0.2353,0.2757,0.2385,0.2762,0.2098,0.0000,0.4962
GPT54Mini,bleu_1,FewShot_Reverse,FewShot_Reverse_WithAnswer,0.2351,0.2755,0.4100,0.4399,0.0000,0.0000,0.2576
GPT54Mini,bleu_1,FewShot_Reverse,Multiturn,0.2351,0.2755,0.2222,0.2540,0.0003,0.0000,0.5287
GPT54Mini,bleu_1,FewShot_Reverse,Multiturn_WithAnswer,0.2351,0.2755,0.4000,0.4266,0.0000,0.0000,0.2655
GPT54Mini,bleu_1,FewShot_MostSimMiddle,ZeroShot,0.2385,0.2762,0.2105,0.2361,0.0000,0.0000,0.5627
GPT54Mini,bleu_1,FewShot_MostSimMiddle,ZeroShot_WithAnswer,0.2385,0.2762,0.3684,0.3914,0.0000,0.0000,0.2941
GPT54Mini,bleu_1,FewShot_MostSimMiddle,FewShot,0.2385,0.2762,0.2289,0.2717,0.0686,0.0000,0.5141
GPT54Mini,bleu_1,FewShot_MostSimMiddle,FewShot_WithAnswer,0.2385,0.2762,0.4105,0.4383,0.0000,0.0000,0.2611
GPT54Mini,bleu_1,FewShot_MostSimMiddle,FewShot_Reverse,0.2385,0.2762,0.2353,0.2757,0.2098,0.0000,0.5038
GPT54Mini,bleu_1,FewShot_MostSimMiddle,FewShot_Reverse_WithAnswer,0.2385,0.2762,0.4114,0.4402,0.0000,0.0000,0.2584
GPT54Mini,bleu_1,FewShot_MostSimMiddle,Multiturn,0.2385,0.2762,0.2222,0.2542,0.0000,0.0000,0.5325
GPT54Mini,bleu_1,FewShot_MostSimMiddle,Multiturn_WithAnswer,0.2385,0.2762,0.4000,0.4266,0.0000,0.0000,0.2667
GPT54Mini,bleu_1,FewShot_Reverse_WithAnswer,ZeroShot,0.4100,0.4399,0.2105,0.2359,0.0000,0.0000,0.7990
GPT54Mini,bleu_1,FewShot_Reverse_WithAnswer,ZeroShot_WithAnswer,0.4100,0.4399,0.3684,0.3915,0.0000,0.0000,0.5597
GPT54Mini,bleu_1,FewShot_Reverse_WithAnswer,FewShot,0.4100,0.4399,0.2289,0.2714,0.0000,0.0000,0.7488
GPT54Mini,bleu_1,FewShot_Reverse_WithAnswer,FewShot_WithAnswer,0.4100,0.4399,0.4097,0.4382,0.8145,0.0000,0.5022
GPT54Mini,bleu_1,FewShot_Reverse_WithAnswer,FewShot_Reverse,0.4100,0.4399,0.2351,0.2755,0.0000,0.0000,0.7424
GPT54Mini,bleu_1,FewShot_Reverse_WithAnswer,FewShot_MostSimMiddle,0.4114,0.4402,0.2385,0.2762,0.0000,0.0000,0.7416
GPT54Mini,bleu_1,FewShot_Reverse_WithAnswer,Multiturn,0.4100,0.4399,0.2222,0.2540,0.0000,0.0000,0.7725
GPT54Mini,bleu_1,FewShot_Reverse_WithAnswer,Multiturn_WithAnswer,0.4100,0.4399,0.4000,0.4266,0.0867,0.0000,0.5162
GPT54Mini,bleu_1,Multiturn,ZeroShot,0.2222,0.2540,0.2105,0.2359,0.0001,0.0000,0.5296
GPT54Mini,bleu_1,Multiturn,ZeroShot_WithAnswer,0.2222,0.2540,0.3684,0.3915,0.0000,0.0000,0.2595
GPT54Mini,bleu_1,Multiturn,FewShot,0.2222,0.2540,0.2289,0.2714,0.0020,0.0000,0.4817
GPT54Mini,bleu_1,Multiturn,FewShot_WithAnswer,0.2222,0.2540,0.4097,0.4382,0.0000,0.0000,0.2294
GPT54Mini,bleu_1,Multiturn,FewShot_Reverse,0.2222,0.2540,0.2351,0.2755,0.0003,0.0000,0.4713
GPT54Mini,bleu_1,Multiturn,FewShot_MostSimMiddle,0.2222,0.2542,0.2385,0.2762,0.0000,0.0000,0.4675
GPT54Mini,bleu_1,Multiturn,FewShot_Reverse_WithAnswer,0.2222,0.2540,0.4100,0.4399,0.0000,0.0000,0.2275
GPT54Mini,bleu_1,Multiturn,Multiturn_WithAnswer,0.2222,0.2540,0.4000,0.4266,0.0000,0.0000,0.2346
GPT54Mini,bleu_1,Multiturn_WithAnswer,ZeroShot,0.4000,0.4266,0.2105,0.2359,0.0000,0.0000,0.7930
GPT54Mini,bleu_1,Multiturn_WithAnswer,ZeroShot_WithAnswer,0.4000,0.4266,0.3684,0.3915,0.0000,0.0000,0.5439
GPT54Mini,bleu_1,Multiturn_WithAnswer,FewShot,0.4000,0.4266,0.2289,0.2714,0.0000,0.0000,0.7413
GPT54Mini,bleu_1,Multiturn_WithAnswer,FewShot_WithAnswer,0.4000,0.4266,0.4097,0.4382,0.0420,0.0000,0.4858
GPT54Mini,bleu_1,Multiturn_WithAnswer,FewShot_Reverse,0.4000,0.4266,0.2351,0.2755,0.0000,0.0000,0.7345
GPT54Mini,bleu_1,Multiturn_WithAnswer,FewShot_MostSimMiddle,0.4000,0.4266,0.2385,0.2762,0.0000,0.0000,0.7333
GPT54Mini,bleu_1,Multiturn_WithAnswer,FewShot_Reverse_WithAnswer,0.4000,0.4266,0.4100,0.4399,0.0867,0.0000,0.4838
GPT54Mini,bleu_1,Multiturn_WithAnswer,Multiturn,0.4000,0.4266,0.2222,0.2540,0.0000,0.0000,0.7654
GPT54Mini,bleu_2,ZeroShot,ZeroShot_WithAnswer,0.1177,0.1559,0.2795,0.3114,0.0000,0.0000,0.2161
GPT54Mini,bleu_2,ZeroShot,FewShot,0.1177,0.1559,0.1326,0.1905,0.0000,0.0000,0.4479
GPT54Mini,bleu_2,ZeroShot,FewShot_WithAnswer,0.1177,0.1559,0.3250,0.3595,0.0000,0.0000,0.1931
GPT54Mini,bleu_2,ZeroShot,FewShot_Reverse,0.1177,0.1559,0.1292,0.1928,0.0000,0.0000,0.4415
GPT54Mini,bleu_2,ZeroShot,FewShot_MostSimMiddle,0.1177,0.1560,0.1332,0.1914,0.0000,0.0000,0.4392
GPT54Mini,bleu_2,ZeroShot,FewShot_Reverse_WithAnswer,0.1177,0.1559,0.3152,0.3597,0.0000,0.0000,0.1919
GPT54Mini,bleu_2,ZeroShot,Multiturn,0.1177,0.1559,0.1274,0.1726,0.0000,0.0000,0.4682
GPT54Mini,bleu_2,ZeroShot,Multiturn_WithAnswer,0.1177,0.1559,0.3099,0.3468,0.0000,0.0000,0.1977
GPT54Mini,bleu_2,ZeroShot_WithAnswer,ZeroShot,0.2795,0.3114,0.1177,0.1559,0.0000,0.0000,0.7839
GPT54Mini,bleu_2,ZeroShot_WithAnswer,FewShot,0.2795,0.3114,0.1326,0.1905,0.0000,0.0000,0.7293
GPT54Mini,bleu_2,ZeroShot_WithAnswer,FewShot_WithAnswer,0.2795,0.3114,0.3250,0.3595,0.0000,0.0000,0.4461
GPT54Mini,bleu_2,ZeroShot_WithAnswer,FewShot_Reverse,0.2795,0.3114,0.1292,0.1928,0.0000,0.0000,0.7238
GPT54Mini,bleu_2,ZeroShot_WithAnswer,FewShot_MostSimMiddle,0.2790,0.3114,0.1332,0.1914,0.0000,0.0000,0.7256
GPT54Mini,bleu_2,ZeroShot_WithAnswer,FewShot_Reverse_WithAnswer,0.2795,0.3114,0.3152,0.3597,0.0000,0.0000,0.4447
GPT54Mini,bleu_2,ZeroShot_WithAnswer,Multiturn,0.2795,0.3114,0.1274,0.1726,0.0000,0.0000,0.7546
GPT54Mini,bleu_2,ZeroShot_WithAnswer,Multiturn_WithAnswer,0.2795,0.3114,0.3099,0.3468,0.0000,0.0000,0.4605
GPT54Mini,bleu_2,FewShot,ZeroShot,0.1326,0.1905,0.1177,0.1559,0.0000,0.0000,0.5521
GPT54Mini,bleu_2,FewShot,ZeroShot_WithAnswer,0.1326,0.1905,0.2795,0.3114,0.0000,0.0000,0.2707
GPT54Mini,bleu_2,FewShot,FewShot_WithAnswer,0.1326,0.1905,0.3250,0.3595,0.0000,0.0000,0.2434
GPT54Mini,bleu_2,FewShot,FewShot_Reverse,0.1326,0.1905,0.1292,0.1928,0.4771,0.0000,0.4943
GPT54Mini,bleu_2,FewShot,FewShot_MostSimMiddle,0.1326,0.1907,0.1332,0.1914,0.2381,0.0000,0.4922
GPT54Mini,bleu_2,FewShot,FewShot_Reverse_WithAnswer,0.1326,0.1905,0.3152,0.3597,0.0000,0.0000,0.2422
GPT54Mini,bleu_2,FewShot,Multiturn,0.1326,0.1905,0.1274,0.1726,0.0052,0.0000,0.5206
GPT54Mini,bleu_2,FewShot,Multiturn_WithAnswer,0.1326,0.1905,0.3099,0.3468,0.0000,0.0000,0.2498
GPT54Mini,bleu_2,FewShot_WithAnswer,ZeroShot,0.3250,0.3595,0.1177,0.1559,0.0000,0.0000,0.8069
GPT54Mini,bleu_2,FewShot_WithAnswer,ZeroShot_WithAnswer,0.3250,0.3595,0.2795,0.3114,0.0000,0.0000,0.5539
GPT54Mini,bleu_2,FewShot_WithAnswer,FewShot,0.3250,0.3595,0.1326,0.1905,0.0000,0.0000,0.7566
GPT54Mini,bleu_2,FewShot_WithAnswer,FewShot_Reverse,0.3250,0.3595,0.1292,0.1928,0.0000,0.0000,0.7520
GPT54Mini,bleu_2,FewShot_WithAnswer,FewShot_MostSimMiddle,0.3250,0.3596,0.1332,0.1914,0.0000,0.0000,0.7534
GPT54Mini,bleu_2,FewShot_WithAnswer,FewShot_Reverse_WithAnswer,0.3250,0.3595,0.3152,0.3597,0.5997,0.0000,0.4989
GPT54Mini,bleu_2,FewShot_WithAnswer,Multiturn,0.3250,0.3595,0.1274,0.1726,0.0000,0.0000,0.7806
GPT54Mini,bleu_2,FewShot_WithAnswer,Multiturn_WithAnswer,0.3250,0.3595,0.3099,0.3468,0.0475,0.0000,0.5147
GPT54Mini,bleu_2,FewShot_Reverse,ZeroShot,0.1292,0.1928,0.1177,0.1559,0.0000,0.0000,0.5585
GPT54Mini,bleu_2,FewShot_Reverse,ZeroShot_WithAnswer,0.1292,0.1928,0.2795,0.3114,0.0000,0.0000,0.2762
GPT54Mini,bleu_2,FewShot_Reverse,FewShot,0.1292,0.1928,0.1326,0.1905,0.4771,0.0000,0.5057
GPT54Mini,bleu_2,FewShot_Reverse,FewShot_WithAnswer,0.1292,0.1928,0.3250,0.3595,0.0000,0.0000,0.2480
GPT54Mini,bleu_2,FewShot_Reverse,FewShot_MostSimMiddle,0.1304,0.1930,0.1332,0.1914,0.2844,0.0000,0.4984
GPT54Mini,bleu_2,FewShot_Reverse,FewShot_Reverse_WithAnswer,0.1292,0.1928,0.3152,0.3597,0.0000,0.0000,0.2468
GPT54Mini,bleu_2,FewShot_Reverse,Multiturn,0.1292,0.1928,0.1274,0.1726,0.0003,0.0000,0.5270
GPT54Mini,bleu_2,FewShot_Reverse,Multiturn_WithAnswer,0.1292,0.1928,0.3099,0.3468,0.0000,0.0000,0.2544
GPT54Mini,bleu_2,FewShot_MostSimMiddle,ZeroShot,0.1332,0.1914,0.1177,0.1560,0.0000,0.0000,0.5608
GPT54Mini,bleu_2,FewShot_MostSimMiddle,ZeroShot_WithAnswer,0.1332,0.1914,0.2790,0.3114,0.0000,0.0000,0.2744
GPT54Mini,bleu_2,FewShot_MostSimMiddle,FewShot,0.1332,0.1914,0.1326,0.1907,0.2381,0.0000,0.5078
GPT54Mini,bleu_2,FewShot_MostSimMiddle,FewShot_WithAnswer,0.1332,0.1914,0.3250,0.3596,0.0000,0.0000,0.2466
GPT54Mini,bleu_2,FewShot_MostSimMiddle,FewShot_Reverse,0.1332,0.1914,0.1304,0.1930,0.2844,0.0000,0.5016
GPT54Mini,bleu_2,FewShot_MostSimMiddle,FewShot_Reverse_WithAnswer,0.1332,0.1914,0.3152,0.3599,0.0000,0.0000,0.2449
GPT54Mini,bleu_2,FewShot_MostSimMiddle,Multiturn,0.1332,0.1914,0.1284,0.1728,0.0000,0.0000,0.5286
GPT54Mini,bleu_2,FewShot_MostSimMiddle,Multiturn_WithAnswer,0.1332,0.1914,0.3099,0.3467,0.0000,0.0000,0.2528
GPT54Mini,bleu_2,FewShot_Reverse_WithAnswer,ZeroShot,0.3152,0.3597,0.1177,0.1559,0.0000,0.0000,0.8081
GPT54Mini,bleu_2,FewShot_Reverse_WithAnswer,ZeroShot_WithAnswer,0.3152,0.3597,0.2795,0.3114,0.0000,0.0000,0.5553
GPT54Mini,bleu_2,FewShot_Reverse_WithAnswer,FewShot,0.3152,0.3597,0.1326,0.1905,0.0000,0.0000,0.7578
GPT54Mini,bleu_2,FewShot_Reverse_WithAnswer,FewShot_WithAnswer,0.3152,0.3597,0.3250,0.3595,0.5997,0.0000,0.5011
GPT54Mini,bleu_2,FewShot_Reverse_WithAnswer,FewShot_Reverse,0.3152,0.3597,0.1292,0.1928,0.0000,0.0000,0.7532
GPT54Mini,bleu_2,FewShot_Reverse_WithAnswer,FewShot_MostSimMiddle,0.3152,0.3599,0.1332,0.1914,0.0000,0.0000,0.7551
GPT54Mini,bleu_2,FewShot_Reverse_WithAnswer,Multiturn,0.3152,0.3597,0.1274,0.1726,0.0000,0.0000,0.7817
GPT54Mini,bleu_2,FewShot_Reverse_WithAnswer,Multiturn_WithAnswer,0.3152,0.3597,0.3099,0.3468,0.1097,0.0000,0.5156
GPT54Mini,bleu_2,Multiturn,ZeroShot,0.1274,0.1726,0.1177,0.1559,0.0000,0.0000,0.5318
GPT54Mini,bleu_2,Multiturn,ZeroShot_WithAnswer,0.1274,0.1726,0.2795,0.3114,0.0000,0.0000,0.2454
GPT54Mini,bleu_2,Multiturn,FewShot,0.1274,0.1726,0.1326,0.1905,0.0052,0.0000,0.4794
GPT54Mini,bleu_2,Multiturn,FewShot_WithAnswer,0.1274,0.1726,0.3250,0.3595,0.0000,0.0000,0.2194
GPT54Mini,bleu_2,Multiturn,FewShot_Reverse,0.1274,0.1726,0.1292,0.1928,0.0003,0.0000,0.4730
GPT54Mini,bleu_2,Multiturn,FewShot_MostSimMiddle,0.1284,0.1728,0.1332,0.1914,0.0000,0.0000,0.4714
GPT54Mini,bleu_2,Multiturn,FewShot_Reverse_WithAnswer,0.1274,0.1726,0.3152,0.3597,0.0000,0.0000,0.2183
GPT54Mini,bleu_2,Multiturn,Multiturn_WithAnswer,0.1274,0.1726,0.3099,0.3468,0.0000,0.0000,0.2251
GPT54Mini,bleu_2,Multiturn_WithAnswer,ZeroShot,0.3099,0.3468,0.1177,0.1559,0.0000,0.0000,0.8023
GPT54Mini,bleu_2,Multiturn_WithAnswer,ZeroShot_WithAnswer,0.3099,0.3468,0.2795,0.3114,0.0000,0.0000,0.5395
GPT54Mini,bleu_2,Multiturn_WithAnswer,FewShot,0.3099,0.3468,0.1326,0.1905,0.0000,0.0000,0.7502
GPT54Mini,bleu_2,Multiturn_WithAnswer,FewShot_WithAnswer,0.3099,0.3468,0.3250,0.3595,0.0475,0.0000,0.4853
GPT54Mini,bleu_2,Multiturn_WithAnswer,FewShot_Reverse,0.3099,0.3468,0.1292,0.1928,0.0000,0.0000,0.7456
GPT54Mini,bleu_2,Multiturn_WithAnswer,FewShot_MostSimMiddle,0.3099,0.3467,0.1332,0.1914,0.0000,0.0000,0.7472
GPT54Mini,bleu_2,Multiturn_WithAnswer,FewShot_Reverse_WithAnswer,0.3099,0.3468,0.3152,0.3597,0.1097,0.0000,0.4844
GPT54Mini,bleu_2,Multiturn_WithAnswer,Multiturn,0.3099,0.3468,0.1274,0.1726,0.0000,0.0000,0.7749
GPT54Mini,bleu_3,ZeroShot,ZeroShot_WithAnswer,0.0916,0.1251,0.2250,0.2660,0.0000,0.0000,0.2244
GPT54Mini,bleu_3,ZeroShot,FewShot,0.0916,0.1251,0.1018,0.1572,0.0000,0.0000,0.4421
GPT54Mini,bleu_3,ZeroShot,FewShot_WithAnswer,0.0916,0.1251,0.2637,0.3138,0.0000,0.0000,0.1984
GPT54Mini,bleu_3,ZeroShot,FewShot_Reverse,0.0916,0.1251,0.0999,0.1586,0.0000,0.0000,0.4367
GPT54Mini,bleu_3,ZeroShot,FewShot_MostSimMiddle,0.0916,0.1252,0.1015,0.1568,0.0000,0.0000,0.4343
GPT54Mini,bleu_3,ZeroShot,FewShot_Reverse_WithAnswer,0.0916,0.1251,0.2553,0.3132,0.0000,0.0000,0.1984
GPT54Mini,bleu_3,ZeroShot,Multiturn,0.0916,0.1251,0.0963,0.1404,0.0000,0.0000,0.4629
GPT54Mini,bleu_3,ZeroShot,Multiturn_WithAnswer,0.0916,0.1251,0.2529,0.3021,0.0000,0.0000,0.2035
GPT54Mini,bleu_3,ZeroShot_WithAnswer,ZeroShot,0.2250,0.2660,0.0916,0.1251,0.0000,0.0000,0.7756
GPT54Mini,bleu_3,ZeroShot_WithAnswer,FewShot,0.2250,0.2660,0.1018,0.1572,0.0000,0.0000,0.7201
GPT54Mini,bleu_3,ZeroShot_WithAnswer,FewShot_WithAnswer,0.2250,0.2660,0.2637,0.3138,0.0000,0.0000,0.4471
GPT54Mini,bleu_3,ZeroShot_WithAnswer,FewShot_Reverse,0.2250,0.2660,0.0999,0.1586,0.0000,0.0000,0.7166
GPT54Mini,bleu_3,ZeroShot_WithAnswer,FewShot_MostSimMiddle,0.2247,0.2659,0.1015,0.1568,0.0000,0.0000,0.7185
GPT54Mini,bleu_3,ZeroShot_WithAnswer,FewShot_Reverse_WithAnswer,0.2250,0.2660,0.2553,0.3132,0.0000,0.0000,0.4473
GPT54Mini,bleu_3,ZeroShot_WithAnswer,Multiturn,0.2250,0.2660,0.0963,0.1404,0.0000,0.0000,0.7445
GPT54Mini,bleu_3,ZeroShot_WithAnswer,Multiturn_WithAnswer,0.2250,0.2660,0.2529,0.3021,0.0000,0.0000,0.4600
GPT54Mini,bleu_3,FewShot,ZeroShot,0.1018,0.1572,0.0916,0.1251,0.0000,0.0000,0.5579
GPT54Mini,bleu_3,FewShot,ZeroShot_WithAnswer,0.1018,0.1572,0.2250,0.2660,0.0000,0.0000,0.2799
GPT54Mini,bleu_3,FewShot,FewShot_WithAnswer,0.1018,0.1572,0.2637,0.3138,0.0000,0.0000,0.2497
GPT54Mini,bleu_3,FewShot,FewShot_Reverse,0.1018,0.1572,0.0999,0.1586,0.8045,0.0000,0.4957
GPT54Mini,bleu_3,FewShot,FewShot_MostSimMiddle,0.1018,0.1574,0.1015,0.1568,0.4104,0.0000,0.4935
GPT54Mini,bleu_3,FewShot,FewShot_Reverse_WithAnswer,0.1018,0.1572,0.2553,0.3132,0.0000,0.0000,0.2495
GPT54Mini,bleu_3,FewShot,Multiturn,0.1018,0.1572,0.0963,0.1404,0.0102,0.0000,0.5213
GPT54Mini,bleu_3,FewShot,Multiturn_WithAnswer,0.1018,0.1572,0.2529,0.3021,0.0000,0.0000,0.2565
GPT54Mini,bleu_3,FewShot_WithAnswer,ZeroShot,0.2637,0.3138,0.0916,0.1251,0.0000,0.0000,0.8016
GPT54Mini,bleu_3,FewShot_WithAnswer,ZeroShot_WithAnswer,0.2637,0.3138,0.2250,0.2660,0.0000,0.0000,0.5529
GPT54Mini,bleu_3,FewShot_WithAnswer,FewShot,0.2637,0.3138,0.1018,0.1572,0.0000,0.0000,0.7503
GPT54Mini,bleu_3,FewShot_WithAnswer,FewShot_Reverse,0.2637,0.3138,0.0999,0.1586,0.0000,0.0000,0.7475
GPT54Mini,bleu_3,FewShot_WithAnswer,FewShot_MostSimMiddle,0.2632,0.3138,0.1015,0.1568,0.0000,0.0000,0.7489
GPT54Mini,bleu_3,FewShot_WithAnswer,FewShot_Reverse_WithAnswer,0.2637,0.3138,0.2553,0.3132,0.4064,0.0000,0.4995
GPT54Mini,bleu_3,FewShot_WithAnswer,Multiturn,0.2637,0.3138,0.0963,0.1404,0.0000,0.0000,0.7736
GPT54Mini,bleu_3,FewShot_WithAnswer,Multiturn_WithAnswer,0.2637,0.3138,0.2529,0.3021,0.0769,0.0000,0.5131
GPT54Mini,bleu_3,FewShot_Reverse,ZeroShot,0.0999,0.1586,0.0916,0.1251,0.0000,0.0000,0.5633
GPT54Mini,bleu_3,FewShot_Reverse,ZeroShot_WithAnswer,0.0999,0.1586,0.2250,0.2660,0.0000,0.0000,0.2834
GPT54Mini,bleu_3,FewShot_Reverse,FewShot,0.0999,0.1586,0.1018,0.1572,0.8045,0.0000,0.5043
GPT54Mini,bleu_3,FewShot_Reverse,FewShot_WithAnswer,0.0999,0.1586,0.2637,0.3138,0.0000,0.0000,0.2525
GPT54Mini,bleu_3,FewShot_Reverse,FewShot_MostSimMiddle,0.1005,0.1587,0.1015,0.1568,0.2715,0.0000,0.4983
GPT54Mini,bleu_3,FewShot_Reverse,FewShot_Reverse_WithAnswer,0.0999,0.1586,0.2553,0.3132,0.0000,0.0000,0.2525
GPT54Mini,bleu_3,FewShot_Reverse,Multiturn,0.0999,0.1586,0.0963,0.1404,0.0008,0.0000,0.5267
GPT54Mini,bleu_3,FewShot_Reverse,Multiturn_WithAnswer,0.0999,0.1586,0.2529,0.3021,0.0000,0.0000,0.2594
GPT54Mini,bleu_3,FewShot_MostSimMiddle,ZeroShot,0.1015,0.1568,0.0916,0.1252,0.0000,0.0000,0.5657
GPT54Mini,bleu_3,FewShot_MostSimMiddle,ZeroShot_WithAnswer,0.1015,0.1568,0.2247,0.2659,0.0000,0.0000,0.2815
GPT54Mini,bleu_3,FewShot_MostSimMiddle,FewShot,0.1015,0.1568,0.1018,0.1574,0.4104,0.0000,0.5065
GPT54Mini,bleu_3,FewShot_MostSimMiddle,FewShot_WithAnswer,0.1015,0.1568,0.2632,0.3138,0.0000,0.0000,0.2511
GPT54Mini,bleu_3,FewShot_MostSimMiddle,FewShot_Reverse,0.1015,0.1568,0.1005,0.1587,0.2715,0.0000,0.5017
GPT54Mini,bleu_3,FewShot_MostSimMiddle,FewShot_Reverse_WithAnswer,0.1015,0.1568,0.2553,0.3134,0.0000,0.0000,0.2504
GPT54Mini,bleu_3,FewShot_MostSimMiddle,Multiturn,0.1015,0.1568,0.0963,0.1406,0.0001,0.0000,0.5277
GPT54Mini,bleu_3,FewShot_MostSimMiddle,Multiturn_WithAnswer,0.1015,0.1568,0.2529,0.3021,0.0000,0.0000,0.2577
GPT54Mini,bleu_3,FewShot_Reverse_WithAnswer,ZeroShot,0.2553,0.3132,0.0916,0.1251,0.0000,0.0000,0.8016
GPT54Mini,bleu_3,FewShot_Reverse_WithAnswer,ZeroShot_WithAnswer,0.2553,0.3132,0.2250,0.2660,0.0000,0.0000,0.5527
GPT54Mini,bleu_3,FewShot_Reverse_WithAnswer,FewShot,0.2553,0.3132,0.1018,0.1572,0.0000,0.0000,0.7505
GPT54Mini,bleu_3,FewShot_Reverse_WithAnswer,FewShot_WithAnswer,0.2553,0.3132,0.2637,0.3138,0.4064,0.0000,0.5005
GPT54Mini,bleu_3,FewShot_Reverse_WithAnswer,FewShot_Reverse,0.2553,0.3132,0.0999,0.1586,0.0000,0.0000,0.7475
GPT54Mini,bleu_3,FewShot_Reverse_WithAnswer,FewShot_MostSimMiddle,0.2553,0.3134,0.1015,0.1568,0.0000,0.0000,0.7496
GPT54Mini,bleu_3,FewShot_Reverse_WithAnswer,Multiturn,0.2553,0.3132,0.0963,0.1404,0.0000,0.0000,0.7739
GPT54Mini,bleu_3,FewShot_Reverse_WithAnswer,Multiturn_WithAnswer,0.2553,0.3132,0.2529,0.3021,0.1998,0.0000,0.5131
GPT54Mini,bleu_3,Multiturn,ZeroShot,0.0963,0.1404,0.0916,0.1251,0.0000,0.0000,0.5371
GPT54Mini,bleu_3,Multiturn,ZeroShot_WithAnswer,0.0963,0.1404,0.2250,0.2660,0.0000,0.0000,0.2555
GPT54Mini,bleu_3,Multiturn,FewShot,0.0963,0.1404,0.1018,0.1572,0.0102,0.0000,0.4787
GPT54Mini,bleu_3,Multiturn,FewShot_WithAnswer,0.0963,0.1404,0.2637,0.3138,0.0000,0.0000,0.2264
GPT54Mini,bleu_3,Multiturn,FewShot_Reverse,0.0963,0.1404,0.0999,0.1586,0.0008,0.0000,0.4733
GPT54Mini,bleu_3,Multiturn,FewShot_MostSimMiddle,0.0963,0.1406,0.1015,0.1568,0.0001,0.0000,0.4723
GPT54Mini,bleu_3,Multiturn,FewShot_Reverse_WithAnswer,0.0963,0.1404,0.2553,0.3132,0.0000,0.0000,0.2261
GPT54Mini,bleu_3,Multiturn,Multiturn_WithAnswer,0.0963,0.1404,0.2529,0.3021,0.0000,0.0000,0.2325
GPT54Mini,bleu_3,Multiturn_WithAnswer,ZeroShot,0.2529,0.3021,0.0916,0.1251,0.0000,0.0000,0.7965
GPT54Mini,bleu_3,Multiturn_WithAnswer,ZeroShot_WithAnswer,0.2529,0.3021,0.2250,0.2660,0.0000,0.0000,0.5400
GPT54Mini,bleu_3,Multiturn_WithAnswer,FewShot,0.2529,0.3021,0.1018,0.1572,0.0000,0.0000,0.7435
GPT54Mini,bleu_3,Multiturn_WithAnswer,FewShot_WithAnswer,0.2529,0.3021,0.2637,0.3138,0.0769,0.0000,0.4869
GPT54Mini,bleu_3,Multiturn_WithAnswer,FewShot_Reverse,0.2529,0.3021,0.0999,0.1586,0.0000,0.0000,0.7406
GPT54Mini,bleu_3,Multiturn_WithAnswer,FewShot_MostSimMiddle,0.2529,0.3021,0.1015,0.1568,0.0000,0.0000,0.7423
GPT54Mini,bleu_3,Multiturn_WithAnswer,FewShot_Reverse_WithAnswer,0.2529,0.3021,0.2553,0.3132,0.1998,0.0000,0.4869
GPT54Mini,bleu_3,Multiturn_WithAnswer,Multiturn,0.2529,0.3021,0.0963,0.1404,0.0000,0.0000,0.7675
GPT54Mini,bleu_4,ZeroShot,ZeroShot_WithAnswer,0.0814,0.1095,0.1809,0.2350,0.0000,0.0000,0.2383
GPT54Mini,bleu_4,ZeroShot,FewShot,0.0814,0.1095,0.0900,0.1389,0.0000,0.0000,0.4391
GPT54Mini,bleu_4,ZeroShot,FewShot_WithAnswer,0.0814,0.1095,0.2167,0.2814,0.0000,0.0000,0.2082
GPT54Mini,bleu_4,ZeroShot,FewShot_Reverse,0.0814,0.1095,0.0890,0.1398,0.0000,0.0000,0.4338
GPT54Mini,bleu_4,ZeroShot,FewShot_MostSimMiddle,0.0814,0.1096,0.0920,0.1384,0.0000,0.0000,0.4301
GPT54Mini,bleu_4,ZeroShot,FewShot_Reverse_WithAnswer,0.0814,0.1095,0.2083,0.2807,0.0000,0.0000,0.2084
GPT54Mini,bleu_4,ZeroShot,Multiturn,0.0814,0.1095,0.0858,0.1232,0.0000,0.0000,0.4594
GPT54Mini,bleu_4,ZeroShot,Multiturn_WithAnswer,0.0814,0.1095,0.2051,0.2712,0.0000,0.0000,0.2117
GPT54Mini,bleu_4,ZeroShot_WithAnswer,ZeroShot,0.1809,0.2350,0.0814,0.1095,0.0000,0.0000,0.7617
GPT54Mini,bleu_4,ZeroShot_WithAnswer,FewShot,0.1809,0.2350,0.0900,0.1389,0.0000,0.0000,0.7063
GPT54Mini,bleu_4,ZeroShot_WithAnswer,FewShot_WithAnswer,0.1809,0.2350,0.2167,0.2814,0.0000,0.0000,0.4478
GPT54Mini,bleu_4,ZeroShot_WithAnswer,FewShot_Reverse,0.1809,0.2350,0.0890,0.1398,0.0000,0.0000,0.7025
GPT54Mini,bleu_4,ZeroShot_WithAnswer,FewShot_MostSimMiddle,0.1789,0.2350,0.0920,0.1384,0.0000,0.0000,0.7039
GPT54Mini,bleu_4,ZeroShot_WithAnswer,FewShot_Reverse_WithAnswer,0.1809,0.2350,0.2083,0.2807,0.0000,0.0000,0.4483
GPT54Mini,bleu_4,ZeroShot_WithAnswer,Multiturn,0.1809,0.2350,0.0858,0.1232,0.0000,0.0000,0.7293
GPT54Mini,bleu_4,ZeroShot_WithAnswer,Multiturn_WithAnswer,0.1809,0.2350,0.2051,0.2712,0.0000,0.0000,0.4580
GPT54Mini,bleu_4,FewShot,ZeroShot,0.0900,0.1389,0.0814,0.1095,0.0000,0.0000,0.5609
GPT54Mini,bleu_4,FewShot,ZeroShot_WithAnswer,0.0900,0.1389,0.1809,0.2350,0.0000,0.0000,0.2937
GPT54Mini,bleu_4,FewShot,FewShot_WithAnswer,0.0900,0.1389,0.2167,0.2814,0.0000,0.0000,0.2597
GPT54Mini,bleu_4,FewShot,FewShot_Reverse,0.0900,0.1389,0.0890,0.1398,0.9282,0.0000,0.4952
GPT54Mini,bleu_4,FewShot,FewShot_MostSimMiddle,0.0900,0.1390,0.0920,0.1384,0.3625,0.0000,0.4928
GPT54Mini,bleu_4,FewShot,FewShot_Reverse_WithAnswer,0.0900,0.1389,0.2083,0.2807,0.0000,0.0000,0.2596
GPT54Mini,bleu_4,FewShot,Multiturn,0.0900,0.1389,0.0858,0.1232,0.0130,0.0000,0.5205
GPT54Mini,bleu_4,FewShot,Multiturn_WithAnswer,0.0900,0.1389,0.2051,0.2712,0.0000,0.0000,0.2647
GPT54Mini,bleu_4,FewShot_WithAnswer,ZeroShot,0.2167,0.2814,0.0814,0.1095,0.0000,0.0000,0.7918
GPT54Mini,bleu_4,FewShot_WithAnswer,ZeroShot_WithAnswer,0.2167,0.2814,0.1809,0.2350,0.0000,0.0000,0.5522
GPT54Mini,bleu_4,FewShot_WithAnswer,FewShot,0.2167,0.2814,0.0900,0.1389,0.0000,0.0000,0.7403
GPT54Mini,bleu_4,FewShot_WithAnswer,FewShot_Reverse,0.2167,0.2814,0.0890,0.1398,0.0000,0.0000,0.7378
GPT54Mini,bleu_4,FewShot_WithAnswer,FewShot_MostSimMiddle,0.2163,0.2815,0.0920,0.1384,0.0000,0.0000,0.7389
GPT54Mini,bleu_4,FewShot_WithAnswer,FewShot_Reverse_WithAnswer,0.2167,0.2814,0.2083,0.2807,0.2872,0.0000,0.5001
GPT54Mini,bleu_4,FewShot_WithAnswer,Multiturn,0.2167,0.2814,0.0858,0.1232,0.0000,0.0000,0.7630
GPT54Mini,bleu_4,FewShot_WithAnswer,Multiturn_WithAnswer,0.2167,0.2814,0.2051,0.2712,0.1186,0.0000,0.5109
GPT54Mini,bleu_4,FewShot_Reverse,ZeroShot,0.0890,0.1398,0.0814,0.1095,0.0000,0.0000,0.5662
GPT54Mini,bleu_4,FewShot_Reverse,ZeroShot_WithAnswer,0.0890,0.1398,0.1809,0.2350,0.0000,0.0000,0.2975
GPT54Mini,bleu_4,FewShot_Reverse,FewShot,0.0890,0.1398,0.0900,0.1389,0.9282,0.0000,0.5048
GPT54Mini,bleu_4,FewShot_Reverse,FewShot_WithAnswer,0.0890,0.1398,0.2167,0.2814,0.0000,0.0000,0.2622
GPT54Mini,bleu_4,FewShot_Reverse,FewShot_MostSimMiddle,0.0890,0.1399,0.0920,0.1384,0.2529,0.0000,0.4977
GPT54Mini,bleu_4,FewShot_Reverse,FewShot_Reverse_WithAnswer,0.0890,0.1398,0.2083,0.2807,0.0000,0.0000,0.2625
GPT54Mini,bleu_4,FewShot_Reverse,Multiturn,0.0890,0.1398,0.0858,0.1232,0.0011,0.0000,0.5258
GPT54Mini,bleu_4,FewShot_Reverse,Multiturn_WithAnswer,0.0890,0.1398,0.2051,0.2712,0.0000,0.0000,0.2677
GPT54Mini,bleu_4,FewShot_MostSimMiddle,ZeroShot,0.0920,0.1384,0.0814,0.1096,0.0000,0.0000,0.5699
GPT54Mini,bleu_4,FewShot_MostSimMiddle,ZeroShot_WithAnswer,0.0920,0.1384,0.1789,0.2350,0.0000,0.0000,0.2961
GPT54Mini,bleu_4,FewShot_MostSimMiddle,FewShot,0.0920,0.1384,0.0900,0.1390,0.3625,0.0000,0.5072
GPT54Mini,bleu_4,FewShot_MostSimMiddle,FewShot_WithAnswer,0.0920,0.1384,0.2163,0.2815,0.0000,0.0000,0.2611
GPT54Mini,bleu_4,FewShot_MostSimMiddle,FewShot_Reverse,0.0920,0.1384,0.0890,0.1399,0.2529,0.0000,0.5023
GPT54Mini,bleu_4,FewShot_MostSimMiddle,FewShot_Reverse_WithAnswer,0.0920,0.1384,0.2089,0.2810,0.0000,0.0000,0.2614
GPT54Mini,bleu_4,FewShot_MostSimMiddle,Multiturn,0.0920,0.1384,0.0858,0.1234,0.0001,0.0000,0.5278
GPT54Mini,bleu_4,FewShot_MostSimMiddle,Multiturn_WithAnswer,0.0920,0.1384,0.2044,0.2712,0.0000,0.0000,0.2667
GPT54Mini,bleu_4,FewShot_Reverse_WithAnswer,ZeroShot,0.2083,0.2807,0.0814,0.1095,0.0000,0.0000,0.7916
GPT54Mini,bleu_4,FewShot_Reverse_WithAnswer,ZeroShot_WithAnswer,0.2083,0.2807,0.1809,0.2350,0.0000,0.0000,0.5517
GPT54Mini,bleu_4,FewShot_Reverse_WithAnswer,FewShot,0.2083,0.2807,0.0900,0.1389,0.0000,0.0000,0.7404
GPT54Mini,bleu_4,FewShot_Reverse_WithAnswer,FewShot_WithAnswer,0.2083,0.2807,0.2167,0.2814,0.2872,0.0000,0.4999
GPT54Mini,bleu_4,FewShot_Reverse_WithAnswer,FewShot_Reverse,0.2083,0.2807,0.0890,0.1398,0.0000,0.0000,0.7375
GPT54Mini,bleu_4,FewShot_Reverse_WithAnswer,FewShot_MostSimMiddle,0.2089,0.2810,0.0920,0.1384,0.0000,0.0000,0.7386
GPT54Mini,bleu_4,FewShot_Reverse_WithAnswer,Multiturn,0.2083,0.2807,0.0858,0.1232,0.0000,0.0000,0.7625
GPT54Mini,bleu_4,FewShot_Reverse_WithAnswer,Multiturn_WithAnswer,0.2083,0.2807,0.2051,0.2712,0.3400,0.0000,0.5107
GPT54Mini,bleu_4,Multiturn,ZeroShot,0.0858,0.1232,0.0814,0.1095,0.0000,0.0000,0.5406
GPT54Mini,bleu_4,Multiturn,ZeroShot_WithAnswer,0.0858,0.1232,0.1809,0.2350,0.0000,0.0000,0.2707
GPT54Mini,bleu_4,Multiturn,FewShot,0.0858,0.1232,0.0900,0.1389,0.0130,0.0000,0.4795
GPT54Mini,bleu_4,Multiturn,FewShot_WithAnswer,0.0858,0.1232,0.2167,0.2814,0.0000,0.0000,0.2370
GPT54Mini,bleu_4,Multiturn,FewShot_Reverse,0.0858,0.1232,0.0890,0.1398,0.0011,0.0000,0.4742
GPT54Mini,bleu_4,Multiturn,FewShot_MostSimMiddle,0.0858,0.1234,0.0920,0.1384,0.0001,0.0000,0.4722
GPT54Mini,bleu_4,Multiturn,FewShot_Reverse_WithAnswer,0.0858,0.1232,0.2083,0.2807,0.0000,0.0000,0.2375
GPT54Mini,bleu_4,Multiturn,Multiturn_WithAnswer,0.0858,0.1232,0.2051,0.2712,0.0000,0.0000,0.2423
GPT54Mini,bleu_4,Multiturn_WithAnswer,ZeroShot,0.2051,0.2712,0.0814,0.1095,0.0000,0.0000,0.7883
GPT54Mini,bleu_4,Multiturn_WithAnswer,ZeroShot_WithAnswer,0.2051,0.2712,0.1809,0.2350,0.0000,0.0000,0.5420
GPT54Mini,bleu_4,Multiturn_WithAnswer,FewShot,0.2051,0.2712,0.0900,0.1389,0.0000,0.0000,0.7353
GPT54Mini,bleu_4,Multiturn_WithAnswer,FewShot_WithAnswer,0.2051,0.2712,0.2167,0.2814,0.1186,0.0000,0.4891
GPT54Mini,bleu_4,Multiturn_WithAnswer,FewShot_Reverse,0.2051,0.2712,0.0890,0.1398,0.0000,0.0000,0.7323
GPT54Mini,bleu_4,Multiturn_WithAnswer,FewShot_MostSimMiddle,0.2044,0.2712,0.0920,0.1384,0.0000,0.0000,0.7333
GPT54Mini,bleu_4,Multiturn_WithAnswer,FewShot_Reverse_WithAnswer,0.2051,0.2712,0.2083,0.2807,0.3400,0.0000,0.4893
GPT54Mini,bleu_4,Multiturn_WithAnswer,Multiturn,0.2051,0.2712,0.0858,0.1232,0.0000,0.0000,0.7577
GPT54Mini,f1,ZeroShot,ZeroShot_WithAnswer,0.2192,0.2468,0.4737,0.4910,0.0000,0.0000,0.1828
GPT54Mini,f1,ZeroShot,FewShot,0.2192,0.2468,0.2500,0.2967,0.0000,0.0000,0.4387
GPT54Mini,f1,ZeroShot,FewShot_WithAnswer,0.2192,0.2468,0.5294,0.5323,0.0000,0.0000,0.1644
GPT54Mini,f1,ZeroShot,FewShot_Reverse,0.2192,0.2468,0.2500,0.2985,0.0000,0.0000,0.4358
GPT54Mini,f1,ZeroShot,FewShot_MostSimMiddle,0.2222,0.2471,0.2500,0.2993,0.0000,0.0000,0.4337
GPT54Mini,f1,ZeroShot,FewShot_Reverse_WithAnswer,0.2192,0.2468,0.5217,0.5347,0.0000,0.0000,0.1614
GPT54Mini,f1,ZeroShot,Multiturn,0.2192,0.2468,0.2286,0.2708,0.0001,0.0000,0.4699
GPT54Mini,f1,ZeroShot,Multiturn_WithAnswer,0.2192,0.2468,0.5143,0.5234,0.0000,0.0000,0.1661
GPT54Mini,f1,ZeroShot_WithAnswer,ZeroShot,0.4737,0.4910,0.2192,0.2468,0.0000,0.0000,0.8172
GPT54Mini,f1,ZeroShot_WithAnswer,FewShot,0.4737,0.4910,0.2500,0.2967,0.0000,0.0000,0.7568
GPT54Mini,f1,ZeroShot_WithAnswer,FewShot_WithAnswer,0.4737,0.4910,0.5294,0.5323,0.0000,0.0000,0.4497
GPT54Mini,f1,ZeroShot_WithAnswer,FewShot_Reverse,0.4737,0.4910,0.2500,0.2985,0.0000,0.0000,0.7541
GPT54Mini,f1,ZeroShot_WithAnswer,FewShot_MostSimMiddle,0.4737,0.4906,0.2500,0.2993,0.0000,0.0000,0.7535
GPT54Mini,f1,ZeroShot_WithAnswer,FewShot_Reverse_WithAnswer,0.4737,0.4910,0.5217,0.5347,0.0000,0.0000,0.4466
GPT54Mini,f1,ZeroShot_WithAnswer,Multiturn,0.4737,0.4910,0.2286,0.2708,0.0000,0.0000,0.7884
GPT54Mini,f1,ZeroShot_WithAnswer,Multiturn_WithAnswer,0.4737,0.4910,0.5143,0.5234,0.0000,0.0000,0.4595
GPT54Mini,f1,FewShot,ZeroShot,0.2500,0.2967,0.2192,0.2468,0.0000,0.0000,0.5613
GPT54Mini,f1,FewShot,ZeroShot_WithAnswer,0.2500,0.2967,0.4737,0.4910,0.0000,0.0000,0.2432
GPT54Mini,f1,FewShot,FewShot_WithAnswer,0.2500,0.2967,0.5294,0.5323,0.0000,0.0000,0.2201
GPT54Mini,f1,FewShot,FewShot_Reverse,0.2500,0.2967,0.2500,0.2985,0.7031,0.0000,0.4974
GPT54Mini,f1,FewShot,FewShot_MostSimMiddle,0.2500,0.2971,0.2500,0.2993,0.1136,0.0000,0.4955
GPT54Mini,f1,FewShot,FewShot_Reverse_WithAnswer,0.2500,0.2967,0.5217,0.5347,0.0000,0.0000,0.2169
GPT54Mini,f1,FewShot,Multiturn,0.2500,0.2967,0.2286,0.2708,0.0001,0.0000,0.5316
GPT54Mini,f1,FewShot,Multiturn_WithAnswer,0.2500,0.2967,0.5143,0.5234,0.0000,0.0000,0.2232
GPT54Mini,f1,FewShot_WithAnswer,ZeroShot,0.5294,0.5323,0.2192,0.2468,0.0000,0.0000,0.8356
GPT54Mini,f1,FewShot_WithAnswer,ZeroShot_WithAnswer,0.5294,0.5323,0.4737,0.4910,0.0000,0.0000,0.5503
GPT54Mini,f1,FewShot_WithAnswer,FewShot,0.5294,0.5323,0.2500,0.2967,0.0000,0.0000,0.7799
GPT54Mini,f1,FewShot_WithAnswer,FewShot_Reverse,0.5294,0.5323,0.2500,0.2985,0.0000,0.0000,0.7779
GPT54Mini,f1,FewShot_WithAnswer,FewShot_MostSimMiddle,0.5279,0.5321,0.2500,0.2993,0.0000,0.0000,0.7775
GPT54Mini,f1,FewShot_WithAnswer,FewShot_Reverse_WithAnswer,0.5294,0.5323,0.5217,0.5347,0.9300,0.0000,0.4973
GPT54Mini,f1,FewShot_WithAnswer,Multiturn,0.5294,0.5323,0.2286,0.2708,0.0000,0.0000,0.8094
GPT54Mini,f1,FewShot_WithAnswer,Multiturn_WithAnswer,0.5294,0.5323,0.5143,0.5234,0.0359,0.0000,0.5107
GPT54Mini,f1,FewShot_Reverse,ZeroShot,0.2500,0.2985,0.2192,0.2468,0.0000,0.0000,0.5642
GPT54Mini,f1,FewShot_Reverse,ZeroShot_WithAnswer,0.2500,0.2985,0.4737,0.4910,0.0000,0.0000,0.2459
GPT54Mini,f1,FewShot_Reverse,FewShot,0.2500,0.2985,0.2500,0.2967,0.7031,0.0000,0.5026
GPT54Mini,f1,FewShot_Reverse,FewShot_WithAnswer,0.2500,0.2985,0.5294,0.5323,0.0000,0.0000,0.2221
GPT54Mini,f1,FewShot_Reverse,FewShot_MostSimMiddle,0.2500,0.2989,0.2500,0.2993,0.2289,0.0000,0.4982
GPT54Mini,f1,FewShot_Reverse,FewShot_Reverse_WithAnswer,0.2500,0.2985,0.5217,0.5347,0.0000,0.0000,0.2191
GPT54Mini,f1,FewShot_Reverse,Multiturn,0.2500,0.2985,0.2286,0.2708,0.0001,0.0000,0.5344
GPT54Mini,f1,FewShot_Reverse,Multiturn_WithAnswer,0.2500,0.2985,0.5143,0.5234,0.0000,0.0000,0.2252
GPT54Mini,f1,FewShot_MostSimMiddle,ZeroShot,0.2500,0.2993,0.2222,0.2471,0.0000,0.0000,0.5663
GPT54Mini,f1,FewShot_MostSimMiddle,ZeroShot_WithAnswer,0.2500,0.2993,0.4737,0.4906,0.0000,0.0000,0.2465
GPT54Mini,f1,FewShot_MostSimMiddle,FewShot,0.2500,0.2993,0.2500,0.2971,0.1136,0.0000,0.5045
GPT54Mini,f1,FewShot_MostSimMiddle,FewShot_WithAnswer,0.2500,0.2993,0.5279,0.5321,0.0000,0.0000,0.2225
GPT54Mini,f1,FewShot_MostSimMiddle,FewShot_Reverse,0.2500,0.2993,0.2500,0.2989,0.2289,0.0000,0.5018
GPT54Mini,f1,FewShot_MostSimMiddle,FewShot_Reverse_WithAnswer,0.2500,0.2993,0.5217,0.5350,0.0000,0.0000,0.2191
GPT54Mini,f1,FewShot_MostSimMiddle,Multiturn,0.2500,0.2993,0.2286,0.2711,0.0000,0.0000,0.5367
GPT54Mini,f1,FewShot_MostSimMiddle,Multiturn_WithAnswer,0.2500,0.2993,0.5143,0.5233,0.0000,0.0000,0.2258
GPT54Mini,f1,FewShot_Reverse_WithAnswer,ZeroShot,0.5217,0.5347,0.2192,0.2468,0.0000,0.0000,0.8386
GPT54Mini,f1,FewShot_Reverse_WithAnswer,ZeroShot_WithAnswer,0.5217,0.5347,0.4737,0.4910,0.0000,0.0000,0.5534
GPT54Mini,f1,FewShot_Reverse_WithAnswer,FewShot,0.5217,0.5347,0.2500,0.2967,0.0000,0.0000,0.7831
GPT54Mini,f1,FewShot_Reverse_WithAnswer,FewShot_WithAnswer,0.5217,0.5347,0.5294,0.5323,0.9300,0.0000,0.5027
GPT54Mini,f1,FewShot_Reverse_WithAnswer,FewShot_Reverse,0.5217,0.5347,0.2500,0.2985,0.0000,0.0000,0.7809
GPT54Mini,f1,FewShot_Reverse_WithAnswer,FewShot_MostSimMiddle,0.5217,0.5350,0.2500,0.2993,0.0000,0.0000,0.7809
GPT54Mini,f1,FewShot_Reverse_WithAnswer,Multiturn,0.5217,0.5347,0.2286,0.2708,0.0000,0.0000,0.8127
GPT54Mini,f1,FewShot_Reverse_WithAnswer,Multiturn_WithAnswer,0.5217,0.5347,0.5143,0.5234,0.0647,0.0000,0.5134
GPT54Mini,f1,Multiturn,ZeroShot,0.2286,0.2708,0.2192,0.2468,0.0001,0.0000,0.5301
GPT54Mini,f1,Multiturn,ZeroShot_WithAnswer,0.2286,0.2708,0.4737,0.4910,0.0000,0.0000,0.2116
GPT54Mini,f1,Multiturn,FewShot,0.2286,0.2708,0.2500,0.2967,0.0001,0.0000,0.4684
GPT54Mini,f1,Multiturn,FewShot_WithAnswer,0.2286,0.2708,0.5294,0.5323,0.0000,0.0000,0.1906
GPT54Mini,f1,Multiturn,FewShot_Reverse,0.2286,0.2708,0.2500,0.2985,0.0001,0.0000,0.4656
GPT54Mini,f1,Multiturn,FewShot_MostSimMiddle,0.2286,0.2711,0.2500,0.2993,0.0000,0.0000,0.4633
GPT54Mini,f1,Multiturn,FewShot_Reverse_WithAnswer,0.2286,0.2708,0.5217,0.5347,0.0000,0.0000,0.1873
GPT54Mini,f1,Multiturn,Multiturn_WithAnswer,0.2286,0.2708,0.5143,0.5234,0.0000,0.0000,0.1933
GPT54Mini,f1,Multiturn_WithAnswer,ZeroShot,0.5143,0.5234,0.2192,0.2468,0.0000,0.0000,0.8339
GPT54Mini,f1,Multiturn_WithAnswer,ZeroShot_WithAnswer,0.5143,0.5234,0.4737,0.4910,0.0000,0.0000,0.5405
GPT54Mini,f1,Multiturn_WithAnswer,FewShot,0.5143,0.5234,0.2500,0.2967,0.0000,0.0000,0.7768
GPT54Mini,f1,Multiturn_WithAnswer,FewShot_WithAnswer,0.5143,0.5234,0.5294,0.5323,0.0359,0.0000,0.4893
GPT54Mini,f1,Multiturn_WithAnswer,FewShot_Reverse,0.5143,0.5234,0.2500,0.2985,0.0000,0.0000,0.7748
GPT54Mini,f1,Multiturn_WithAnswer,FewShot_MostSimMiddle,0.5143,0.5233,0.2500,0.2993,0.0000,0.0000,0.7742
GPT54Mini,f1,Multiturn_WithAnswer,FewShot_Reverse_WithAnswer,0.5143,0.5234,0.5217,0.5347,0.0647,0.0000,0.4866
GPT54Mini,f1,Multiturn_WithAnswer,Multiturn,0.5143,0.5234,0.2286,0.2708,0.0000,0.0000,0.8067
GPT54Mini,ppl_scores,ZeroShot,ZeroShot_WithAnswer,6.1012,9.2739,6.3374,9.9870,0.9892,0.0000,0.4933
GPT54Mini,ppl_scores,ZeroShot,FewShot,6.1012,9.2739,5.6366,9.7666,0.0112,0.0000,0.5366
GPT54Mini,ppl_scores,ZeroShot,FewShot_WithAnswer,6.1012,9.2739,6.4153,11.9607,0.3905,0.0000,0.4868
GPT54Mini,ppl_scores,ZeroShot,FewShot_Reverse,6.1012,9.2739,5.8160,9.5376,0.0390,0.0000,0.5275
GPT54Mini,ppl_scores,ZeroShot,FewShot_MostSimMiddle,6.1178,9.2842,5.6868,10.5326,0.0889,0.0000,0.5285
GPT54Mini,ppl_scores,ZeroShot,FewShot_Reverse_WithAnswer,6.1012,9.2739,6.2800,10.9620,0.7937,0.0000,0.4933
GPT54Mini,ppl_scores,ZeroShot,Multiturn,6.1012,9.2739,6.0256,10.9012,0.6003,0.0000,0.5107
GPT54Mini,ppl_scores,ZeroShot,Multiturn_WithAnswer,6.1012,9.2739,6.5398,10.9842,0.2209,0.0000,0.4862
GPT54Mini,ppl_scores,ZeroShot_WithAnswer,ZeroShot,6.3374,9.9870,6.1012,9.2739,0.9892,0.0000,0.5067
GPT54Mini,ppl_scores,ZeroShot_WithAnswer,FewShot,6.3374,9.9870,5.6366,9.7666,0.0039,0.0000,0.5431
GPT54Mini,ppl_scores,ZeroShot_WithAnswer,FewShot_WithAnswer,6.3374,9.9870,6.4153,11.9607,0.3769,0.0000,0.4934
GPT54Mini,ppl_scores,ZeroShot_WithAnswer,FewShot_Reverse,6.3374,9.9870,5.8160,9.5376,0.0412,0.0000,0.5342
GPT54Mini,ppl_scores,ZeroShot_WithAnswer,FewShot_MostSimMiddle,6.3374,9.9971,5.6868,10.5326,0.0575,0.0000,0.5345
GPT54Mini,ppl_scores,ZeroShot_WithAnswer,FewShot_Reverse_WithAnswer,6.3374,9.9870,6.2800,10.9620,0.8658,0.0000,0.5006
GPT54Mini,ppl_scores,ZeroShot_WithAnswer,Multiturn,6.3374,9.9870,6.0256,10.9012,0.3697,0.0000,0.5172
GPT54Mini,ppl_scores,ZeroShot_WithAnswer,Multiturn_WithAnswer,6.3374,9.9870,6.5398,10.9842,0.1794,0.0000,0.4936
GPT54Mini,ppl_scores,FewShot,ZeroShot,5.6366,9.7666,6.1012,9.2739,0.0112,0.0000,0.4634
GPT54Mini,ppl_scores,FewShot,ZeroShot_WithAnswer,5.6366,9.7666,6.3374,9.9870,0.0039,0.0000,0.4569
GPT54Mini,ppl_scores,FewShot,FewShot_WithAnswer,5.6366,9.7666,6.4153,11.9607,0.0031,0.0000,0.4515
GPT54Mini,ppl_scores,FewShot,FewShot_Reverse,5.6366,9.7666,5.8160,9.5376,0.3703,0.0000,0.4922
GPT54Mini,ppl_scores,FewShot,FewShot_MostSimMiddle,5.6353,9.7511,5.6868,10.5326,0.1515,0.0000,0.4913
GPT54Mini,ppl_scores,FewShot,FewShot_Reverse_WithAnswer,5.6366,9.7666,6.2800,10.9620,0.0037,0.0000,0.4585
GPT54Mini,ppl_scores,FewShot,Multiturn,5.6366,9.7666,6.0256,10.9012,0.0261,0.0000,0.4751
GPT54Mini,ppl_scores,FewShot,Multiturn_WithAnswer,5.6366,9.7666,6.5398,10.9842,0.0016,0.0000,0.4505
GPT54Mini,ppl_scores,FewShot_WithAnswer,ZeroShot,6.4153,11.9607,6.1012,9.2739,0.3905,0.0000,0.5132
GPT54Mini,ppl_scores,FewShot_WithAnswer,ZeroShot_WithAnswer,6.4153,11.9607,6.3374,9.9870,0.3769,0.0000,0.5066
GPT54Mini,ppl_scores,FewShot_WithAnswer,FewShot,6.4153,11.9607,5.6366,9.7666,0.0031,0.0000,0.5485
GPT54Mini,ppl_scores,FewShot_WithAnswer,FewShot_Reverse,6.4153,11.9607,5.8160,9.5376,0.0219,0.0000,0.5399
GPT54Mini,ppl_scores,FewShot_WithAnswer,FewShot_MostSimMiddle,6.4153,11.9754,5.6868,10.5326,0.0086,0.0000,0.5400
GPT54Mini,ppl_scores,FewShot_WithAnswer,FewShot_Reverse_WithAnswer,6.4153,11.9607,6.2800,10.9620,0.9468,0.0000,0.5070
GPT54Mini,ppl_scores,FewShot_WithAnswer,Multiturn,6.4153,11.9607,6.0256,10.9012,0.1543,0.0000,0.5232
GPT54Mini,ppl_scores,FewShot_WithAnswer,Multiturn_WithAnswer,6.4153,11.9607,6.5398,10.9842,0.9422,0.0000,0.5002
GPT54Mini,ppl_scores,FewShot_Reverse,ZeroShot,5.8160,9.5376,6.1012,9.2739,0.0390,0.0000,0.4725
GPT54Mini,ppl_scores,FewShot_Reverse,ZeroShot_WithAnswer,5.8160,9.5376,6.3374,9.9870,0.0412,0.0000,0.4658
GPT54Mini,ppl_scores,FewShot_Reverse,FewShot,5.8160,9.5376,5.6366,9.7666,0.3703,0.0000,0.5078
GPT54Mini,ppl_scores,FewShot_Reverse,FewShot_WithAnswer,5.8160,9.5376,6.4153,11.9607,0.0219,0.0000,0.4601
GPT54Mini,ppl_scores,FewShot_Reverse,FewShot_MostSimMiddle,5.8160,9.5410,5.6868,10.5326,0.8610,0.0000,0.4993
GPT54Mini,ppl_scores,FewShot_Reverse,FewShot_Reverse_WithAnswer,5.8160,9.5376,6.2800,10.9620,0.0065,0.0000,0.4675
GPT54Mini,ppl_scores,FewShot_Reverse,Multiturn,5.8160,9.5376,6.0256,10.9012,0.2801,0.0000,0.4829
GPT54Mini,ppl_scores,FewShot_Reverse,Multiturn_WithAnswer,5.8160,9.5376,6.5398,10.9842,0.0029,0.0000,0.4597
GPT54Mini,ppl_scores,FewShot_MostSimMiddle,ZeroShot,5.6868,10.5326,6.1178,9.2842,0.0889,0.0000,0.4715
GPT54Mini,ppl_scores,FewShot_MostSimMiddle,ZeroShot_WithAnswer,5.6868,10.5326,6.3374,9.9971,0.0575,0.0000,0.4655
GPT54Mini,ppl_scores,FewShot_MostSimMiddle,FewShot,5.6868,10.5326,5.6353,9.7511,0.1515,0.0000,0.5087
GPT54Mini,ppl_scores,FewShot_MostSimMiddle,FewShot_WithAnswer,5.6868,10.5326,6.4153,11.9754,0.0086,0.0000,0.4600
GPT54Mini,ppl_scores,FewShot_MostSimMiddle,FewShot_Reverse,5.6868,10.5326,5.8160,9.5410,0.8610,0.0000,0.5007
GPT54Mini,ppl_scores,FewShot_MostSimMiddle,FewShot_Reverse_WithAnswer,5.6868,10.5326,6.2623,10.9658,0.0617,0.0000,0.4678
GPT54Mini,ppl_scores,FewShot_MostSimMiddle,Multiturn,5.6868,10.5326,6.0169,10.9025,0.1491,0.0000,0.4839
GPT54Mini,ppl_scores,FewShot_MostSimMiddle,Multiturn_WithAnswer,5.6868,10.5326,6.5333,10.9704,0.0266,0.0000,0.4603
GPT54Mini,ppl_scores,FewShot_Reverse_WithAnswer,ZeroShot,6.2800,10.9620,6.1012,9.2739,0.7937,0.0000,0.5067
GPT54Mini,ppl_scores,FewShot_Reverse_WithAnswer,ZeroShot_WithAnswer,6.2800,10.9620,6.3374,9.9870,0.8658,0.0000,0.4994
GPT54Mini,ppl_scores,FewShot_Reverse_WithAnswer,FewShot,6.2800,10.9620,5.6366,9.7666,0.0037,0.0000,0.5415
GPT54Mini,ppl_scores,FewShot_Reverse_WithAnswer,FewShot_WithAnswer,6.2800,10.9620,6.4153,11.9607,0.9468,0.0000,0.4930
GPT54Mini,ppl_scores,FewShot_Reverse_WithAnswer,FewShot_Reverse,6.2800,10.9620,5.8160,9.5376,0.0065,0.0000,0.5325
GPT54Mini,ppl_scores,FewShot_Reverse_WithAnswer,FewShot_MostSimMiddle,6.2623,10.9658,5.6868,10.5326,0.0617,0.0000,0.5322
GPT54Mini,ppl_scores,FewShot_Reverse_WithAnswer,Multiturn,6.2800,10.9620,6.0256,10.9012,0.2550,0.0000,0.5161
GPT54Mini,ppl_scores,FewShot_Reverse_WithAnswer,Multiturn_WithAnswer,6.2800,10.9620,6.5398,10.9842,0.6432,0.0000,0.4929
GPT54Mini,ppl_scores,Multiturn,ZeroShot,6.0256,10.9012,6.1012,9.2739,0.6003,0.0000,0.4893
GPT54Mini,ppl_scores,Multiturn,ZeroShot_WithAnswer,6.0256,10.9012,6.3374,9.9870,0.3697,0.0000,0.4828
GPT54Mini,ppl_scores,Multiturn,FewShot,6.0256,10.9012,5.6366,9.7666,0.0261,0.0000,0.5249
GPT54Mini,ppl_scores,Multiturn,FewShot_WithAnswer,6.0256,10.9012,6.4153,11.9607,0.1543,0.0000,0.4768
GPT54Mini,ppl_scores,Multiturn,FewShot_Reverse,6.0256,10.9012,5.8160,9.5376,0.2801,0.0000,0.5171
GPT54Mini,ppl_scores,Multiturn,FewShot_MostSimMiddle,6.0169,10.9025,5.6868,10.5326,0.1491,0.0000,0.5161
GPT54Mini,ppl_scores,Multiturn,FewShot_Reverse_WithAnswer,6.0256,10.9012,6.2800,10.9620,0.2550,0.0000,0.4839
GPT54Mini,ppl_scores,Multiturn,Multiturn_WithAnswer,6.0256,10.9012,6.5398,10.9842,0.1163,0.0000,0.4762
GPT54Mini,ppl_scores,Multiturn_WithAnswer,ZeroShot,6.5398,10.9842,6.1012,9.2739,0.2209,0.0000,0.5138
GPT54Mini,ppl_scores,Multiturn_WithAnswer,ZeroShot_WithAnswer,6.5398,10.9842,6.3374,9.9870,0.1794,0.0000,0.5064
GPT54Mini,ppl_scores,Multiturn_WithAnswer,FewShot,6.5398,10.9842,5.6366,9.7666,0.0016,0.0000,0.5495
GPT54Mini,ppl_scores,Multiturn_WithAnswer,FewShot_WithAnswer,6.5398,10.9842,6.4153,11.9607,0.9422,0.0000,0.4998
GPT54Mini,ppl_scores,Multiturn_WithAnswer,FewShot_Reverse,6.5398,10.9842,5.8160,9.5376,0.0029,0.0000,0.5403
GPT54Mini,ppl_scores,Multiturn_WithAnswer,FewShot_MostSimMiddle,6.5333,10.9704,5.6868,10.5326,0.0266,0.0000,0.5397
GPT54Mini,ppl_scores,Multiturn_WithAnswer,FewShot_Reverse_WithAnswer,6.5398,10.9842,6.2800,10.9620,0.6432,0.0000,0.5071
GPT54Mini,ppl_scores,Multiturn_WithAnswer,Multiturn,6.5398,10.9842,6.0256,10.9012,0.1163,0.0000,0.5238
GPT54Mini,divs,ZeroShot,ZeroShot_WithAnswer,0.8889,0.8829,0.9000,0.8939,0.0000,0.0001,0.4053
GPT54Mini,divs,ZeroShot,FewShot,0.8889,0.8829,0.8824,0.8751,0.0000,0.0000,0.5470
GPT54Mini,divs,ZeroShot,FewShot_WithAnswer,0.8889,0.8829,0.8947,0.8826,0.5967,0.0000,0.4817
GPT54Mini,divs,ZeroShot,FewShot_Reverse,0.8889,0.8829,0.8824,0.8756,0.0000,0.0000,0.5438
GPT54Mini,divs,ZeroShot,FewShot_MostSimMiddle,0.8889,0.8829,0.8824,0.8748,0.0000,0.0000,0.5599
GPT54Mini,divs,ZeroShot,FewShot_Reverse_WithAnswer,0.8889,0.8829,0.8918,0.8832,0.4758,0.0000,0.4821
GPT54Mini,divs,ZeroShot,Multiturn,0.8889,0.8829,0.8824,0.8776,0.0000,0.0000,0.5377
GPT54Mini,divs,ZeroShot,Multiturn_WithAnswer,0.8889,0.8829,0.8889,0.8839,0.5968,0.0000,0.4877
GPT54Mini,divs,ZeroShot_WithAnswer,ZeroShot,0.9000,0.8939,0.8889,0.8829,0.0000,0.0001,0.5947
GPT54Mini,divs,ZeroShot_WithAnswer,FewShot,0.9000,0.8939,0.8824,0.8751,0.0000,0.0000,0.6343
GPT54Mini,divs,ZeroShot_WithAnswer,FewShot_WithAnswer,0.9000,0.8939,0.8947,0.8826,0.0000,0.0000,0.5718
GPT54Mini,divs,ZeroShot_WithAnswer,FewShot_Reverse,0.9000,0.8939,0.8824,0.8756,0.0000,0.0000,0.6320
GPT54Mini,divs,ZeroShot_WithAnswer,FewShot_MostSimMiddle,0.9000,0.8939,0.8824,0.8748,0.0000,0.0000,0.6470
GPT54Mini,divs,ZeroShot_WithAnswer,FewShot_Reverse_WithAnswer,0.9000,0.8939,0.8918,0.8832,0.0000,0.0000,0.5723
GPT54Mini,divs,ZeroShot_WithAnswer,Multiturn,0.9000,0.8939,0.8824,0.8776,0.0000,0.0000,0.6265
GPT54Mini,divs,ZeroShot_WithAnswer,Multiturn_WithAnswer,0.9000,0.8939,0.8889,0.8839,0.0000,0.0000,0.5794
GPT54Mini,divs,FewShot,ZeroShot,0.8824,0.8751,0.8889,0.8829,0.0000,0.0000,0.4530
GPT54Mini,divs,FewShot,ZeroShot_WithAnswer,0.8824,0.8751,0.9000,0.8939,0.0000,0.0000,0.3657
GPT54Mini,divs,FewShot,FewShot_WithAnswer,0.8824,0.8751,0.8947,0.8826,0.0000,0.0000,0.4406
GPT54Mini,divs,FewShot,FewShot_Reverse,0.8824,0.8751,0.8824,0.8756,0.4555,0.0000,0.4969
GPT54Mini,divs,FewShot,FewShot_MostSimMiddle,0.8824,0.8751,0.8824,0.8748,0.3151,0.0000,0.5112
GPT54Mini,divs,FewShot,FewShot_Reverse_WithAnswer,0.8824,0.8751,0.8918,0.8832,0.0000,0.0000,0.4401
GPT54Mini,divs,FewShot,Multiturn,0.8824,0.8751,0.8824,0.8776,0.1578,0.0000,0.4908
GPT54Mini,divs,FewShot,Multiturn_WithAnswer,0.8824,0.8751,0.8889,0.8839,0.0000,0.0000,0.4437
GPT54Mini,divs,FewShot_WithAnswer,ZeroShot,0.8947,0.8826,0.8889,0.8829,0.5967,0.0000,0.5183
GPT54Mini,divs,FewShot_WithAnswer,ZeroShot_WithAnswer,0.8947,0.8826,0.9000,0.8939,0.0000,0.0000,0.4282
GPT54Mini,divs,FewShot_WithAnswer,FewShot,0.8947,0.8826,0.8824,0.8751,0.0000,0.0000,0.5594
GPT54Mini,divs,FewShot_WithAnswer,FewShot_Reverse,0.8947,0.8826,0.8824,0.8756,0.0000,0.0000,0.5570
GPT54Mini,divs,FewShot_WithAnswer,FewShot_MostSimMiddle,0.8947,0.8826,0.8824,0.8748,0.0000,0.0000,0.5710
GPT54Mini,divs,FewShot_WithAnswer,FewShot_Reverse_WithAnswer,0.8947,0.8826,0.8918,0.8832,0.5224,0.0000,0.4994
GPT54Mini,divs,FewShot_WithAnswer,Multiturn,0.8947,0.8826,0.8824,0.8776,0.0004,0.0000,0.5511
GPT54Mini,divs,FewShot_WithAnswer,Multiturn_WithAnswer,0.8947,0.8826,0.8889,0.8839,0.6211,0.0000,0.5048
GPT54Mini,divs,FewShot_Reverse,ZeroShot,0.8824,0.8756,0.8889,0.8829,0.0000,0.0000,0.4562
GPT54Mini,divs,FewShot_Reverse,ZeroShot_WithAnswer,0.8824,0.8756,0.9000,0.8939,0.0000,0.0000,0.3680
GPT54Mini,divs,FewShot_Reverse,FewShot,0.8824,0.8756,0.8824,0.8751,0.4555,0.0000,0.5031
GPT54Mini,divs,FewShot_Reverse,FewShot_WithAnswer,0.8824,0.8756,0.8947,0.8826,0.0000,0.0000,0.4430
GPT54Mini,divs,FewShot_Reverse,FewShot_MostSimMiddle,0.8824,0.8757,0.8824,0.8748,0.2875,0.0000,0.5149
GPT54Mini,divs,FewShot_Reverse,FewShot_Reverse_WithAnswer,0.8824,0.8756,0.8918,0.8832,0.0000,0.0000,0.4426
GPT54Mini,divs,FewShot_Reverse,Multiturn,0.8824,0.8756,0.8824,0.8776,0.3777,0.0000,0.4936
GPT54Mini,divs,FewShot_Reverse,Multiturn_WithAnswer,0.8824,0.8756,0.8889,0.8839,0.0000,0.0000,0.4462
GPT54Mini,divs,FewShot_MostSimMiddle,ZeroShot,0.8824,0.8748,0.8889,0.8829,0.0000,0.0000,0.4401
GPT54Mini,divs,FewShot_MostSimMiddle,ZeroShot_WithAnswer,0.8824,0.8748,0.9000,0.8939,0.0000,0.0000,0.3530
GPT54Mini,divs,FewShot_MostSimMiddle,FewShot,0.8824,0.8748,0.8824,0.8751,0.3151,0.0000,0.4888
GPT54Mini,divs,FewShot_MostSimMiddle,FewShot_WithAnswer,0.8824,0.8748,0.8947,0.8826,0.0000,0.0000,0.4290
GPT54Mini,divs,FewShot_MostSimMiddle,FewShot_Reverse,0.8824,0.8748,0.8824,0.8757,0.2875,0.0000,0.4851
GPT54Mini,divs,FewShot_MostSimMiddle,FewShot_Reverse_WithAnswer,0.8824,0.8748,0.8889,0.8831,0.0000,0.0000,0.4288
GPT54Mini,divs,FewShot_MostSimMiddle,Multiturn,0.8824,0.8748,0.8824,0.8775,0.0363,0.0000,0.4791
GPT54Mini,divs,FewShot_MostSimMiddle,Multiturn_WithAnswer,0.8824,0.8748,0.8889,0.8839,0.0000,0.0000,0.4310
GPT54Mini,divs,FewShot_Reverse_WithAnswer,ZeroShot,0.8918,0.8832,0.8889,0.8829,0.4758,0.0000,0.5179
GPT54Mini,divs,FewShot_Reverse_WithAnswer,ZeroShot_WithAnswer,0.8918,0.8832,0.9000,0.8939,0.0000,0.0000,0.4277
GPT54Mini,divs,FewShot_Reverse_WithAnswer,FewShot,0.8918,0.8832,0.8824,0.8751,0.0000,0.0000,0.5599
GPT54Mini,divs,FewShot_Reverse_WithAnswer,FewShot_WithAnswer,0.8918,0.8832,0.8947,0.8826,0.5224,0.0000,0.5006
GPT54Mini,divs,FewShot_Reverse_WithAnswer,FewShot_Reverse,0.8918,0.8832,0.8824,0.8756,0.0000,0.0000,0.5574
GPT54Mini,divs,FewShot_Reverse_WithAnswer,FewShot_MostSimMiddle,0.8889,0.8831,0.8824,0.8748,0.0000,0.0000,0.5712
GPT54Mini,divs,FewShot_Reverse_WithAnswer,Multiturn,0.8918,0.8832,0.8824,0.8776,0.0001,0.0000,0.5516
GPT54Mini,divs,FewShot_Reverse_WithAnswer,Multiturn_WithAnswer,0.8918,0.8832,0.8889,0.8839,0.9751,0.0000,0.5051
GPT54Mini,divs,Multiturn,ZeroShot,0.8824,0.8776,0.8889,0.8829,0.0000,0.0000,0.4623
GPT54Mini,divs,Multiturn,ZeroShot_WithAnswer,0.8824,0.8776,0.9000,0.8939,0.0000,0.0000,0.3735
GPT54Mini,divs,Multiturn,FewShot,0.8824,0.8776,0.8824,0.8751,0.1578,0.0000,0.5092
GPT54Mini,divs,Multiturn,FewShot_WithAnswer,0.8824,0.8776,0.8947,0.8826,0.0004,0.0000,0.4489
GPT54Mini,divs,Multiturn,FewShot_Reverse,0.8824,0.8776,0.8824,0.8756,0.3777,0.0000,0.5064
GPT54Mini,divs,Multiturn,FewShot_MostSimMiddle,0.8824,0.8775,0.8824,0.8748,0.0363,0.0000,0.5209
GPT54Mini,divs,Multiturn,FewShot_Reverse_WithAnswer,0.8824,0.8776,0.8918,0.8832,0.0001,0.0000,0.4484
GPT54Mini,divs,Multiturn,Multiturn_WithAnswer,0.8824,0.8776,0.8889,0.8839,0.0001,0.0000,0.4523
GPT54Mini,divs,Multiturn_WithAnswer,ZeroShot,0.8889,0.8839,0.8889,0.8829,0.5968,0.0000,0.5123
GPT54Mini,divs,Multiturn_WithAnswer,ZeroShot_WithAnswer,0.8889,0.8839,0.9000,0.8939,0.0000,0.0000,0.4206
GPT54Mini,divs,Multiturn_WithAnswer,FewShot,0.8889,0.8839,0.8824,0.8751,0.0000,0.0000,0.5563
GPT54Mini,divs,Multiturn_WithAnswer,FewShot_WithAnswer,0.8889,0.8839,0.8947,0.8826,0.6211,0.0000,0.4952
GPT54Mini,divs,Multiturn_WithAnswer,FewShot_Reverse,0.8889,0.8839,0.8824,0.8756,0.0000,0.0000,0.5538
GPT54Mini,divs,Multiturn_WithAnswer,FewShot_MostSimMiddle,0.8889,0.8839,0.8824,0.8748,0.0000,0.0000,0.5690
GPT54Mini,divs,Multiturn_WithAnswer,FewShot_Reverse_WithAnswer,0.8889,0.8839,0.8918,0.8832,0.9751,0.0000,0.4949
GPT54Mini,divs,Multiturn_WithAnswer,Multiturn,0.8889,0.8839,0.8824,0.8776,0.0001,0.0000,0.5477
GPT54Mini,bert_score,ZeroShot,ZeroShot_WithAnswer,0.5453,0.5576,0.6813,0.6842,0.0000,0.0000,0.1801
GPT54Mini,bert_score,ZeroShot,FewShot,0.5453,0.5576,0.5648,0.5872,0.0000,0.0000,0.4272
GPT54Mini,bert_score,ZeroShot,FewShot_WithAnswer,0.5453,0.5576,0.7015,0.7045,0.0000,0.0000,0.1751
GPT54Mini,bert_score,ZeroShot,FewShot_Reverse,0.5453,0.5576,0.5629,0.5875,0.0000,0.0000,0.4271
GPT54Mini,bert_score,ZeroShot,FewShot_MostSimMiddle,0.5453,0.5577,0.5638,0.5866,0.0000,0.0000,0.4295
GPT54Mini,bert_score,ZeroShot,FewShot_Reverse_WithAnswer,0.5453,0.5576,0.7041,0.7051,0.0000,0.0000,0.1725
GPT54Mini,bert_score,ZeroShot,Multiturn,0.5453,0.5576,0.5551,0.5735,0.0000,0.0000,0.4572
GPT54Mini,bert_score,ZeroShot,Multiturn_WithAnswer,0.5453,0.5576,0.6990,0.6980,0.0000,0.0000,0.1787
GPT54Mini,bert_score,ZeroShot_WithAnswer,ZeroShot,0.6813,0.6842,0.5453,0.5576,0.0000,0.0000,0.8199
GPT54Mini,bert_score,ZeroShot_WithAnswer,FewShot,0.6813,0.6842,0.5648,0.5872,0.0000,0.0000,0.7508
GPT54Mini,bert_score,ZeroShot_WithAnswer,FewShot_WithAnswer,0.6813,0.6842,0.7015,0.7045,0.0000,0.0000,0.4568
GPT54Mini,bert_score,ZeroShot_WithAnswer,FewShot_Reverse,0.6813,0.6842,0.5629,0.5875,0.0000,0.0000,0.7497
GPT54Mini,bert_score,ZeroShot_WithAnswer,FewShot_MostSimMiddle,0.6808,0.6841,0.5638,0.5866,0.0000,0.0000,0.7519
GPT54Mini,bert_score,ZeroShot_WithAnswer,FewShot_Reverse_WithAnswer,0.6813,0.6842,0.7041,0.7051,0.0000,0.0000,0.4561
GPT54Mini,bert_score,ZeroShot_WithAnswer,Multiturn,0.6813,0.6842,0.5551,0.5735,0.0000,0.0000,0.7821
GPT54Mini,bert_score,ZeroShot_WithAnswer,Multiturn_WithAnswer,0.6813,0.6842,0.6990,0.6980,0.0000,0.0000,0.4708
GPT54Mini,bert_score,FewShot,ZeroShot,0.5648,0.5872,0.5453,0.5576,0.0000,0.0000,0.5728
GPT54Mini,bert_score,FewShot,ZeroShot_WithAnswer,0.5648,0.5872,0.6813,0.6842,0.0000,0.0000,0.2492
GPT54Mini,bert_score,FewShot,FewShot_WithAnswer,0.5648,0.5872,0.7015,0.7045,0.0000,0.0000,0.2377
GPT54Mini,bert_score,FewShot,FewShot_Reverse,0.5648,0.5872,0.5629,0.5875,0.9832,0.0000,0.4998
GPT54Mini,bert_score,FewShot,FewShot_MostSimMiddle,0.5652,0.5875,0.5638,0.5866,0.8657,0.0000,0.5031
GPT54Mini,bert_score,FewShot,FewShot_Reverse_WithAnswer,0.5648,0.5872,0.7041,0.7051,0.0000,0.0000,0.2352
GPT54Mini,bert_score,FewShot,Multiturn,0.5648,0.5872,0.5551,0.5735,0.0001,0.0000,0.5304
GPT54Mini,bert_score,FewShot,Multiturn_WithAnswer,0.5648,0.5872,0.6990,0.6980,0.0000,0.0000,0.2434
GPT54Mini,bert_score,FewShot_WithAnswer,ZeroShot,0.7015,0.7045,0.5453,0.5576,0.0000,0.0000,0.8249
GPT54Mini,bert_score,FewShot_WithAnswer,ZeroShot_WithAnswer,0.7015,0.7045,0.6813,0.6842,0.0000,0.0000,0.5432
GPT54Mini,bert_score,FewShot_WithAnswer,FewShot,0.7015,0.7045,0.5648,0.5872,0.0000,0.0000,0.7623
GPT54Mini,bert_score,FewShot_WithAnswer,FewShot_Reverse,0.7015,0.7045,0.5629,0.5875,0.0000,0.0000,0.7613
GPT54Mini,bert_score,FewShot_WithAnswer,FewShot_MostSimMiddle,0.7015,0.7045,0.5638,0.5866,0.0000,0.0000,0.7629
GPT54Mini,bert_score,FewShot_WithAnswer,FewShot_Reverse_WithAnswer,0.7015,0.7045,0.7041,0.7051,0.7180,0.0000,0.4990
GPT54Mini,bert_score,FewShot_WithAnswer,Multiturn,0.7015,0.7045,0.5551,0.5735,0.0000,0.0000,0.7911
GPT54Mini,bert_score,FewShot_WithAnswer,Multiturn_WithAnswer,0.7015,0.7045,0.6990,0.6980,0.0203,0.0000,0.5142
GPT54Mini,bert_score,FewShot_Reverse,ZeroShot,0.5629,0.5875,0.5453,0.5576,0.0000,0.0000,0.5729
GPT54Mini,bert_score,FewShot_Reverse,ZeroShot_WithAnswer,0.5629,0.5875,0.6813,0.6842,0.0000,0.0000,0.2503
GPT54Mini,bert_score,FewShot_Reverse,FewShot,0.5629,0.5875,0.5648,0.5872,0.9832,0.0000,0.5002
GPT54Mini,bert_score,FewShot_Reverse,FewShot_WithAnswer,0.5629,0.5875,0.7015,0.7045,0.0000,0.0000,0.2387
GPT54Mini,bert_score,FewShot_Reverse,FewShot_MostSimMiddle,0.5630,0.5877,0.5638,0.5866,0.2564,0.0000,0.5029
GPT54Mini,bert_score,FewShot_Reverse,FewShot_Reverse_WithAnswer,0.5629,0.5875,0.7041,0.7051,0.0000,0.0000,0.2362
GPT54Mini,bert_score,FewShot_Reverse,Multiturn,0.5629,0.5875,0.5551,0.5735,0.0001,0.0000,0.5307
GPT54Mini,bert_score,FewShot_Reverse,Multiturn_WithAnswer,0.5629,0.5875,0.6990,0.6980,0.0000,0.0000,0.2443
GPT54Mini,bert_score,FewShot_MostSimMiddle,ZeroShot,0.5638,0.5866,0.5453,0.5577,0.0000,0.0000,0.5705
GPT54Mini,bert_score,FewShot_MostSimMiddle,ZeroShot_WithAnswer,0.5638,0.5866,0.6808,0.6841,0.0000,0.0000,0.2481
GPT54Mini,bert_score,FewShot_MostSimMiddle,FewShot,0.5638,0.5866,0.5652,0.5875,0.8657,0.0000,0.4969
GPT54Mini,bert_score,FewShot_MostSimMiddle,FewShot_WithAnswer,0.5638,0.5866,0.7015,0.7045,0.0000,0.0000,0.2371
GPT54Mini,bert_score,FewShot_MostSimMiddle,FewShot_Reverse,0.5638,0.5866,0.5630,0.5877,0.2564,0.0000,0.4971
GPT54Mini,bert_score,FewShot_MostSimMiddle,FewShot_Reverse_WithAnswer,0.5638,0.5866,0.7041,0.7051,0.0000,0.0000,0.2340
GPT54Mini,bert_score,FewShot_MostSimMiddle,Multiturn,0.5638,0.5866,0.5554,0.5737,0.0000,0.0000,0.5277
GPT54Mini,bert_score,FewShot_MostSimMiddle,Multiturn_WithAnswer,0.5638,0.5866,0.6990,0.6979,0.0000,0.0000,0.2420
GPT54Mini,bert_score,FewShot_Reverse_WithAnswer,ZeroShot,0.7041,0.7051,0.5453,0.5576,0.0000,0.0000,0.8275
GPT54Mini,bert_score,FewShot_Reverse_WithAnswer,ZeroShot_WithAnswer,0.7041,0.7051,0.6813,0.6842,0.0000,0.0000,0.5439
GPT54Mini,bert_score,FewShot_Reverse_WithAnswer,FewShot,0.7041,0.7051,0.5648,0.5872,0.0000,0.0000,0.7648
GPT54Mini,bert_score,FewShot_Reverse_WithAnswer,FewShot_WithAnswer,0.7041,0.7051,0.7015,0.7045,0.7180,0.0000,0.5010
GPT54Mini,bert_score,FewShot_Reverse_WithAnswer,FewShot_Reverse,0.7041,0.7051,0.5629,0.5875,0.0000,0.0000,0.7638
GPT54Mini,bert_score,FewShot_Reverse_WithAnswer,FewShot_MostSimMiddle,0.7041,0.7051,0.5638,0.5866,0.0000,0.0000,0.7660
GPT54Mini,bert_score,FewShot_Reverse_WithAnswer,Multiturn,0.7041,0.7051,0.5551,0.5735,0.0000,0.0000,0.7937
GPT54Mini,bert_score,FewShot_Reverse_WithAnswer,Multiturn_WithAnswer,0.7041,0.7051,0.6990,0.6980,0.0606,0.0000,0.5148
GPT54Mini,bert_score,Multiturn,ZeroShot,0.5551,0.5735,0.5453,0.5576,0.0000,0.0000,0.5428
GPT54Mini,bert_score,Multiturn,ZeroShot_WithAnswer,0.5551,0.5735,0.6813,0.6842,0.0000,0.0000,0.2179
GPT54Mini,bert_score,Multiturn,FewShot,0.5551,0.5735,0.5648,0.5872,0.0001,0.0000,0.4696
GPT54Mini,bert_score,Multiturn,FewShot_WithAnswer,0.5551,0.5735,0.7015,0.7045,0.0000,0.0000,0.2089
GPT54Mini,bert_score,Multiturn,FewShot_Reverse,0.5551,0.5735,0.5629,0.5875,0.0001,0.0000,0.4693
GPT54Mini,bert_score,Multiturn,FewShot_MostSimMiddle,0.5554,0.5737,0.5638,0.5866,0.0000,0.0000,0.4723
GPT54Mini,bert_score,Multiturn,FewShot_Reverse_WithAnswer,0.5551,0.5735,0.7041,0.7051,0.0000,0.0000,0.2063
GPT54Mini,bert_score,Multiturn,Multiturn_WithAnswer,0.5551,0.5735,0.6990,0.6980,0.0000,0.0000,0.2137
GPT54Mini,bert_score,Multiturn_WithAnswer,ZeroShot,0.6990,0.6980,0.5453,0.5576,0.0000,0.0000,0.8213
GPT54Mini,bert_score,Multiturn_WithAnswer,ZeroShot_WithAnswer,0.6990,0.6980,0.6813,0.6842,0.0000,0.0000,0.5292
GPT54Mini,bert_score,Multiturn_WithAnswer,FewShot,0.6990,0.6980,0.5648,0.5872,0.0000,0.0000,0.7566
GPT54Mini,bert_score,Multiturn_WithAnswer,FewShot_WithAnswer,0.6990,0.6980,0.7015,0.7045,0.0203,0.0000,0.4858
GPT54Mini,bert_score,Multiturn_WithAnswer,FewShot_Reverse,0.6990,0.6980,0.5629,0.5875,0.0000,0.0000,0.7557
GPT54Mini,bert_score,Multiturn_WithAnswer,FewShot_MostSimMiddle,0.6990,0.6979,0.5638,0.5866,0.0000,0.0000,0.7580
GPT54Mini,bert_score,Multiturn_WithAnswer,FewShot_Reverse_WithAnswer,0.6990,0.6980,0.7041,0.7051,0.0606,0.0000,0.4852
GPT54Mini,bert_score,Multiturn_WithAnswer,Multiturn,0.6990,0.6980,0.5551,0.5735,0.0000,0.0000,0.7863
